Date,AAPL,MSFT,JPM,XOM,JNJ,PG,V,KO,NVDA,DIS
2014-01-02,17.110132217407227,30.636764526367188,41.58708190917969,59.32819366455078,64.1827163696289,56.173187255859375,50.46839141845703,27.3695011138916,0.3729911148548126,68.05607604980469
2014-01-03,16.734285354614258,30.430646896362305,41.9085807800293,59.18544006347656,64.76090240478516,56.11041259765625,50.50263214111328,27.23488998413086,0.36852285265922546,67.91331481933594
2014-01-06,16.825546264648438,29.787582397460938,42.151493072509766,59.2746467590332,65.09932708740234,56.242942810058594,50.198944091796875,27.10700035095215,0.37346145510673523,67.65454864501953
2014-01-07,16.70521354675293,30.01842498779297,41.665687561035156,60.11329650878906,66.48128509521484,56.78695297241211,50.58256912231445,27.187763214111328,0.3795759975910187,68.11853790283203
2014-01-08,16.81100082397461,29.482534408569336,42.05861282348633,59.9169921875,66.38961029052734,55.96393966674805,50.74470520019531,26.884864807128906,0.3847500681877136,67.11914825439453
2014-01-09,16.596330642700195,29.292905807495117,41.98003005981445,59.33412551879883,66.79151153564453,56.0894889831543,50.67391586303711,26.743494033813477,0.3704043924808502,66.8336181640625
2014-01-10,16.4855899810791,29.713376998901367,41.78712463378906,59.786155700683594,66.79854583740234,56.00579833984375,50.49578857421875,27.012752532958984,0.36993393301963806,67.2708511352539
2014-01-13,16.571887969970703,28.83945083618164,41.22273254394531,58.61447525024414,66.62935638427734,55.80353927612305,49.986576080322266,26.60887908935547,0.36123231053352356,65.3791732788086
2014-01-14,16.901636123657227,29.499013900756836,41.25130844116211,58.95348358154297,66.78446197509766,56.403343200683594,50.8428840637207,26.716567993164062,0.3725208342075348,66.43208312988281
2014-01-15,17.240976333618164,30.306982040405273,42.501564025878906,58.75125503540039,66.84085845947266,56.34754943847656,51.09636688232422,26.763689041137695,0.37651875615119934,66.2803955078125
2014-01-16,17.144775390625,30.414167404174805,42.14435958862305,58.84640884399414,66.72804260253906,56.18711853027344,50.641937255859375,26.730039596557617,0.3776947259902954,66.21792602539062
2014-01-17,16.72469711303711,29.993694305419922,41.515647888183594,58.977272033691406,67.02415466308594,55.712860107421875,53.01909255981445,26.440595626831055,0.37604835629463196,66.0126953125
2014-01-21,16.984539031982422,29.820537567138672,41.558502197265625,58.58470916748047,66.29796600341797,55.922115325927734,52.962005615234375,26.87140464782715,0.3774595260620117,66.20899200439453
2014-01-22,17.060012817382812,29.6226806640625,41.1441535949707,58.21595001220703,66.5024185180664,55.67756652832031,53.20405960083008,26.857933044433594,0.37698930501937866,67.19945526123047
2014-01-23,17.204471588134766,29.729860305786133,40.34396743774414,57.67472457885742,65.38841247558594,54.98183822631836,52.121673583984375,26.413663864135742,0.3755781352519989,66.73546600341797
2014-01-24,16.891738891601562,30.34821128845215,39.35805892944336,56.413822174072266,63.88658142089844,55.64240646362305,50.52320861816406,26.144412994384766,0.36593592166900635,64.88839721679688
2014-01-27,17.028779983520508,29.70513153076172,39.35805892944336,56.45543670654297,63.41421890258789,55.143470764160156,49.374576568603516,26.070377349853516,0.36358407139778137,64.46902465820312
2014-01-28,15.667705535888672,29.903005599975586,39.82244110107422,56.88961410522461,63.52703857421875,55.593223571777344,50.45696258544922,26.164609909057617,0.3671117126941681,65.03117370605469
2014-01-29,15.489845275878906,30.224544525146484,39.672420501708984,56.568458557128906,62.68092346191406,54.56022644042969,49.58009719848633,25.51167106628418,0.36358407139778137,63.648101806640625
2014-01-30,15.459837913513184,30.38943099975586,40.0081901550293,55.90230178833008,63.10399627685547,54.019107818603516,50.438716888427734,25.69341468811035,0.3696988523006439,65.33456420898438
2014-01-31,15.485198020935059,31.197406768798828,39.550960540771484,54.81390380859375,62.37773895263672,53.84343719482422,49.19417953491211,25.45781707763672,0.369228333234787,64.79024505615234
2014-02-03,15.513970375061035,30.076135635375977,38.8007926940918,53.55893325805664,61.186187744140625,53.1968994140625,48.74661636352539,25.04047966003418,0.36428964138031006,62.45240783691406
2014-02-04,15.738547325134277,29.96895408630371,39.25803756713867,53.54108810424805,61.073368072509766,53.47095489501953,48.990943908691406,25.228952407836914,0.36640629172325134,63.39824676513672
2014-02-05,15.85608959197998,29.531997680664062,39.44379425048828,53.27939987182617,61.53871154785156,53.72393798828125,49.235286712646484,25.31645393371582,0.3631136417388916,64.03179168701172
2014-02-06,15.948512077331543,29.828798294067383,40.35111999511719,53.788509368896484,62.575164794921875,54.04019546508789,50.011680603027344,25.599180221557617,0.36781731247901917,67.42254638671875
2014-02-07,16.171630859375,30.14210319519043,40.45114517211914,54.255714416503906,63.484710693359375,54.32830047607422,50.644229888916016,25.54533576965332,0.3732263743877411,67.52066802978516
2014-02-10,16.461345672607422,30.3399600982666,40.536888122558594,53.62080383300781,64.21094512939453,54.834266662597656,50.36335372924805,25.96267318725586,0.3744022250175476,68.76099395751953
2014-02-11,16.678247451782227,30.645017623901367,41.02982711791992,54.41144561767578,65.55056762695312,55.40346908569336,50.769805908203125,26.009788513183594,0.3821631371974945,69.41238403320312
2014-02-12,16.6769962310791,30.892353057861328,41.09413528442383,54.555206298828125,65.16280364990234,54.454795837402344,51.28224182128906,25.92227554321289,0.39580339193344116,69.51945495605469
2014-02-13,16.941810607910156,31.007774353027344,41.458492279052734,54.764854431152344,65.26151275634766,54.67264175415039,51.254791259765625,26.01651954650879,0.4082677662372589,69.51053619384766
2014-02-14,16.92812156677246,31.01601791381836,41.54422378540039,56.37014389038086,65.40250396728516,55.79702377319336,51.70089340209961,26.204998016357422,0.4212024509906769,70.69730377197266
2014-02-18,16.990367889404297,31.082469940185547,41.78712463378906,56.346168518066406,64.98651123046875,54.792118072509766,51.71461868286133,25.22222137451172,0.42096737027168274,71.0096206665039
2014-02-19,16.72212028503418,31.15721321105957,40.90838623046875,56.274288177490234,64.61284637451172,54.91157531738281,51.215911865234375,24.973169326782227,0.4266115725040436,70.37606811523438
2014-02-20,16.528562545776367,31.356571197509766,41.13700485229492,57.12484359741211,65.13460540771484,54.7569694519043,51.119815826416016,25.107786178588867,0.4416629672050476,70.66158294677734
2014-02-21,16.34496307373047,31.547632217407227,41.15843963623047,56.921199798583984,64.99256896972656,54.792118072509766,51.096946716308594,25.027023315429688,0.4383704364299774,71.50039672851562
2014-02-24,16.416532516479492,31.30672264099121,41.458492279052734,57.76576232910156,64.70140838623047,54.7148323059082,51.744361877441406,25.242412567138672,0.4447202682495117,72.03575134277344
2014-02-25,16.245697021484375,31.18214988708496,40.74405288696289,57.687862396240234,64.70140838623047,54.89752197265625,51.95481872558594,25.42416000366211,0.4427122473716736,71.5717544555664
2014-02-26,16.099123001098633,31.124021530151367,40.54401397705078,57.376426696777344,64.70140838623047,54.7148323059082,51.7260627746582,25.491472244262695,0.44200342893600464,71.45576477050781
2014-02-27,16.420270919799805,31.447948455810547,40.50115966796875,57.40635681152344,64.87894439697266,54.94673538208008,51.76496124267578,25.6260929107666,0.43704259395599365,71.81268310546875
2014-02-28,16.37577247619629,31.82173728942871,40.594024658203125,57.66392517089844,65.41863250732422,55.27699279785156,51.68716812133789,25.713611602783203,0.4342077374458313,72.10713195800781
2014-03-03,16.42306900024414,31.38149642944336,40.15822982788086,57.20268630981445,65.02095794677734,54.44776153564453,50.657711029052734,25.659753799438477,0.4320813715457916,70.90252685546875
2014-03-04,16.53136444091797,31.904800415039062,40.90838623046875,57.81367111206055,66.28504180908203,55.1294059753418,51.58650588989258,25.78765869140625,0.4365698993206024,72.91021728515625
2014-03-05,16.566213607788086,31.655603408813477,41.551368713378906,56.1844482421875,65.75241088867188,54.68670654296875,50.97113800048828,25.814579010009766,0.44034984707832336,73.77577209472656
2014-03-06,16.51611328125,31.688827514648438,42.08004379272461,56.16047668457031,65.96543884277344,54.8553581237793,51.21131896972656,25.89535140991211,0.4342077374458313,74.36466979980469
2014-03-07,16.5064697265625,31.481164932250977,42.43726348876953,56.89722442626953,66.27084350585938,55.080230712890625,51.600223541259766,25.9492130279541,0.43373504281044006,73.35636138916016
2014-03-10,16.52140235900879,31.41472625732422,42.29438400268555,57.20268630981445,66.36312866210938,55.18561553955078,51.58650588989258,26.01651954650879,0.4273567497730255,73.14220428466797
2014-03-11,16.682287216186523,31.580848693847656,41.57279968261719,56.310237884521484,66.39155578613281,55.48075485229492,51.97085189819336,26.117488861083984,0.4316089153289795,72.32129669189453
2014-03-12,16.698469161987305,31.788503646850586,41.379905700683594,56.43002700805664,66.4696273803711,55.6845817565918,51.72377014160156,26.100526809692383,0.432790070772171,72.61576843261719
2014-03-13,16.513002395629883,31.472867965698242,41.022674560546875,56.08859634399414,66.04358673095703,55.649436950683594,50.50674819946289,25.761295318603516,0.4190883934497833,71.3219223022461
2014-03-14,16.327531814575195,31.315046310424805,40.57973861694336,55.98678970336914,65.9086685180664,55.50186538696289,50.50444030761719,25.896982192993164,0.4209781587123871,71.44683837890625
2014-03-17,16.39133071899414,31.60576057434082,41.13700485229492,56.49591827392578,66.70403289794922,56.10620880126953,51.193031311035156,25.964832305908203,0.4209781587123871,72.62468719482422
2014-03-18,16.536346435546875,32.85173034667969,41.47992706298828,56.72950744628906,66.71112060546875,56.05702209472656,51.794681549072266,26.05303192138672,0.4309002459049225,73.1600570678711
2014-03-19,16.531980514526367,32.6191291809082,41.651390075683594,56.14251708984375,66.46256256103516,55.361305236816406,51.20219421386719,25.876623153686523,0.43845996260643005,71.848388671875
2014-03-20,16.45232582092285,33.4996337890625,42.94450759887695,56.65166091918945,66.83895111083984,55.0380859375,50.744659423828125,26.086957931518555,0.4386962354183197,72.10713195800781
2014-03-21,16.582088470458984,33.358421325683594,42.98737716674805,56.489898681640625,68.12427520751953,54.7288703918457,51.09922790527344,26.080175399780273,0.43798744678497314,71.6966781616211
2014-03-24,16.778762817382812,33.640846252441406,43.630367279052734,56.68757629394531,67.60589599609375,55.726749420166016,50.499874114990234,26.05303192138672,0.43586134910583496,70.92929077148438
2014-03-25,16.959243774414062,33.507938385009766,43.53034973144531,56.849308013916016,69.15402221679688,56.08513641357422,49.96227264404297,26.202299118041992,0.43586134910583496,70.98284149169922
2014-03-26,16.797117233276367,33.05107498168945,42.79447937011719,56.72351837158203,68.9196548461914,55.867305755615234,49.340030670166016,26.195505142211914,0.4259392321109772,70.15299987792969
2014-03-27,16.724931716918945,32.69390869140625,42.80876541137695,57.64595031738281,69.0829849243164,55.97270965576172,49.360618591308594,26.337982177734375,0.42026951909065247,70.02808380126953
2014-03-28,16.706249237060547,33.474708557128906,42.89450454711914,58.52046585083008,69.19660949707031,56.049991607666016,48.518775939941406,26.42619514465332,0.42286810278892517,70.48313903808594
2014-03-31,16.702510833740234,34.047847747802734,43.373172760009766,58.508460998535156,69.75764465332031,56.64031219482422,49.3812255859375,26.22943687438965,0.42310428619384766,71.44683837890625
2014-04-01,16.855308532714844,34.40502166748047,43.34459686279297,58.538455963134766,69.55170440673828,56.457603454589844,49.115848541259766,26.0598201751709,0.4405859708786011,72.7853012084961
2014-04-02,16.883316040039062,34.34687805175781,43.481201171875,58.670223236083984,69.75764465332031,56.31002426147461,49.106689453125,26.00554084777832,0.43775126338005066,72.87454223632812
2014-04-03,16.76630973815918,34.06444549560547,43.61060333251953,58.65824508666992,69.77894592285156,56.288917541503906,49.186767578125,25.829133987426758,0.4424760043621063,72.89237976074219
2014-04-04,16.54941177368164,33.117530822753906,42.99950408935547,58.31679916381836,69.89254760742188,56.05702209472656,47.51447677612305,25.930910110473633,0.4287741780281067,71.76807403564453
2014-04-07,16.289569854736328,33.059383392333984,42.41716003417969,57.96939468383789,69.51618194580078,56.5629997253418,46.5330696105957,26.202299118041992,0.4301914870738983,70.60807800292969
2014-04-08,16.28864097595215,33.07600021362305,42.3093147277832,58.3707160949707,69.63691711425781,57.16733169555664,46.345497131347656,26.39226722717285,0.4455470144748688,71.00069427490234
2014-04-09,16.50273323059082,33.615928649902344,42.61127853393555,58.29885482788086,70.26895141601562,57.265716552734375,47.477874755859375,26.453327178955078,0.4450747072696686,71.80377197265625
2014-04-10,16.289888381958008,32.69390869140625,41.266868591308594,57.96939468383789,68.55747985839844,56.98463439941406,46.10758590698242,26.385478973388672,0.4342077374458313,69.16254425048828
2014-04-11,16.169458389282227,32.569313049316406,39.757102966308594,57.933467864990234,68.7918472290039,56.75271987915039,44.98206329345703,26.209081649780273,0.42806535959243774,68.71637725830078
2014-04-14,16.23387336730957,32.54438781738281,39.512664794921875,58.61631774902344,68.98358917236328,56.787864685058594,45.98405456542969,26.276933670043945,0.432790070772171,69.2607192993164
2014-04-15,16.11810874938965,33.01784133911133,39.39763259887695,59.107486724853516,70.44646453857422,56.8089599609375,46.679500579833984,27.26070213317871,0.43586134910583496,69.2964096069336
2014-04-16,16.15079116821289,33.55775833129883,39.72834777832031,59.8621826171875,70.12692260742188,57.378173828125,47.89422607421875,27.53886604309082,0.43680620193481445,70.44743347167969
2014-04-17,16.335315704345703,33.23380661010742,39.69959259033203,60.14969253540039,70.2760238647461,57.455448150634766,47.571678161621094,27.6270751953125,0.43845996260643005,71.37545776367188
2014-04-21,16.529184341430664,33.17566680908203,39.562992095947266,60.455177307128906,71.01458740234375,57.31492233276367,47.84163284301758,27.647428512573242,0.44200342893600464,70.59021759033203
2014-04-22,16.54567527770996,33.21719741821289,40.12377166748047,60.1197509765625,71.14242553710938,57.0970573425293,48.03378677368164,27.620283126831055,0.44578322768211365,70.89361572265625
2014-04-23,16.329410552978516,32.96800994873047,40.29630661010742,60.19761276245117,71.17083740234375,56.922821044921875,47.77071762084961,27.633861541748047,0.4509805142879486,70.9560775756836
2014-04-24,17.668119430541992,33.10923385620117,40.396949768066406,59.904136657714844,70.9862060546875,57.48241424560547,47.903385162353516,27.613492965698242,0.4549967646598816,71.01852416992188
2014-04-25,17.79788589477539,33.15076446533203,40.04468536376953,60.143699645996094,70.86544799804688,57.666595458984375,45.50822448730469,27.823829650878906,0.4424760043621063,69.80500030517578
2014-04-28,18.487157821655273,33.94816207885742,39.89369583129883,60.598934173583984,71.9661865234375,58.7503776550293,46.077842712402344,27.83738899230957,0.4405859708786011,69.40345764160156
2014-04-29,18.432384490966797,33.649131774902344,40.33225631713867,60.766666412353516,71.74604034423828,58.39619827270508,46.36379623413086,27.525304794311523,0.4415309429168701,70.17086029052734
2014-04-30,18.362689971923828,33.55775833129883,40.2459716796875,61.341670989990234,71.93069458007812,58.47410202026367,46.350074768066406,27.674571990966797,0.43633365631103516,70.79544067382812
2014-05-01,18.40593910217285,33.22550582885742,40.05905532836914,60.74269485473633,71.39094543457031,58.32533264160156,47.146175384521484,27.667776107788086,0.4386962354183197,70.99176025390625
2014-05-02,18.440166473388672,32.96800994873047,39.958404541015625,61.102073669433594,70.52459716796875,58.02783966064453,46.7641487121582,27.783124923706055,0.4353887438774109,71.66099548339844
2014-05-05,18.700944900512695,32.75204086303711,38.98066329956055,61.64118576049805,71.01458740234375,57.87200164794922,47.38409423828125,27.654211044311523,0.4401135742664337,72.47299194335938
2014-05-06,18.497119903564453,32.444705963134766,38.347999572753906,61.497398376464844,70.6666488647461,57.46824645996094,46.97917556762695,27.471027374267578,0.4311363995075226,72.3034439086914
2014-05-07,18.432384490966797,32.74372863769531,38.85844039916992,61.760948181152344,71.66081237792969,58.14824676513672,47.743255615234375,27.7559757232666,0.4316089153289795,71.64314270019531
2014-05-08,18.399534225463867,32.926475524902344,39.08131408691406,61.28776168823242,71.36967468261719,58.19785690307617,48.24652862548828,27.633861541748047,0.43704259395599365,72.81206512451172
2014-05-09,18.322864532470703,32.84341812133789,38.829673767089844,61.48074722290039,71.66081237792969,58.360755920410156,48.22595977783203,27.728836059570312,0.42641162872314453,73.12437438964844
2014-05-12,18.55099105834961,33.200584411621094,39.289794921875,61.64958190917969,71.38388061523438,57.89325714111328,48.4295539855957,27.694921493530273,0.438932329416275,73.54374694824219
2014-05-13,18.58009147644043,33.81122589111328,39.26823043823242,61.72799301147461,71.73894500732422,57.80825424194336,48.51191329956055,27.89166831970215,0.4318452775478363,73.24037170410156
2014-05-14,18.583538055419922,33.660675048828125,39.08131408691406,61.685787200927734,71.6324234008789,57.496585845947266,48.09935760498047,27.74241065979004,0.4275929033756256,72.20530700683594
2014-05-15,18.42550277709961,33.12530517578125,38.4702262878418,60.77517318725586,71.50459289550781,57.04323196411133,47.5469856262207,27.491384506225586,0.4252305030822754,71.51822662353516
2014-05-16,18.69743537902832,33.317710876464844,38.3264274597168,60.75104522705078,71.42649841308594,56.90154266357422,48.087890625,27.74241065979004,0.4242855906486511,71.73236846923828
2014-05-19,18.918987274169922,33.250770568847656,38.700279235839844,60.82944107055664,71.4690933227539,56.61821365356445,48.21393966674805,27.620283126831055,0.43798744678497314,72.32129669189453
2014-05-20,18.922740936279297,33.19222640991211,38.62120056152344,60.7088508605957,71.192138671875,56.83073806762695,47.65471267700195,27.532094955444336,0.4328848421573639,72.35697174072266
2014-05-21,18.972806930541992,33.752689361572266,38.90876388549805,61.52900314331055,71.82416534423828,57.014915466308594,48.15436553955078,27.728836059570312,0.4328848421573639,73.3385238647461
2014-05-22,19.002843856811523,33.5435676574707,39.21791076660156,61.20935821533203,72.19601440429688,57.12823486328125,47.9870491027832,27.532094955444336,0.43478360772132874,73.4813003540039
2014-05-23,19.217510223388672,33.56028366088867,39.203521728515625,61.100807189941406,72.2103271484375,57.03615188598633,48.60586929321289,27.532094955444336,0.43881797790527344,74.34683227539062
2014-05-27,19.577375411987305,33.618839263916016,39.64207077026367,61.124942779541016,72.0887451171875,56.724483489990234,49.16282653808594,27.660991668701172,0.44664981961250305,74.72159576416016
2014-05-28,19.52667999267578,33.468265533447266,39.86494827270508,60.94403076171875,71.72405242919922,56.73863220214844,49.00239944458008,27.532094955444336,0.45044708251953125,74.59667205810547
2014-05-29,19.882478713989258,33.74433135986328,40.05905532836914,61.0706672668457,72.05301666259766,56.9511604309082,49.201778411865234,27.586353302001953,0.44973519444465637,74.98035430908203
2014-05-30,19.807992935180664,34.246219635009766,39.95122528076172,60.624412536621094,72.5535659790039,57.22740936279297,49.238460540771484,27.7559757232666,0.45092177391052246,74.96250915527344
2014-06-02,19.671871185302734,34.12074279785156,39.79304504394531,60.26860809326172,73.06126403808594,56.922821044921875,48.93822479248047,27.72205924987793,0.44949761033058167,75.19451141357422
2014-06-03,19.95006561279297,33.70249938964844,39.97278594970703,60.540000915527344,73.2686767578125,56.61821365356445,48.43398666381836,27.735628128051758,0.4475991725921631,74.84652709960938
2014-06-04,20.177871704101562,33.72758483886719,40.030311584472656,60.328914642333984,73.42597961425781,56.568660736083984,48.459190368652344,27.674571990966797,0.44807374477386475,75.16773986816406
2014-06-05,20.257043838500977,34.47206115722656,40.71328353881836,60.636474609375,73.81212615966797,56.74570846557617,48.640262603759766,27.74241065979004,0.4499724805355072,75.64958953857422
2014-06-06,20.201339721679688,34.69792556762695,40.957733154296875,61.26968002319336,73.78349304199219,56.68906784057617,48.81901931762695,27.810260772705078,0.4516337215900421,75.49790954589844
2014-06-09,20.52458953857422,34.52226257324219,41.2812385559082,61.221431732177734,73.81212615966797,56.7315559387207,48.7227668762207,27.7559757232666,0.4521084725856781,76.27421569824219
2014-06-10,20.64506721496582,34.38843536376953,41.62633514404297,61.185237884521484,74.44141387939453,56.774070739746094,49.10551834106445,27.864534378051758,0.45448166131973267,75.62281799316406
2014-06-11,20.559633255004883,34.179290771484375,41.17341995239258,61.48074722290039,73.88365936279297,56.71031188964844,48.74568557739258,27.72205924987793,0.460414856672287,75.2302017211914
2014-06-12,20.21573829650879,33.94508743286133,41.00804901123047,61.30583190917969,73.31868743896484,56.497798919677734,48.537105560302734,27.629776000976562,0.46326273679733276,73.8828353881836
2014-06-13,19.9945011138916,34.48880386352539,41.00804901123047,61.902835845947266,73.31868743896484,56.412818908691406,48.427101135253906,27.59559440612793,0.46373751759529114,73.8828353881836
2014-06-16,20.196020126342773,34.71466064453125,40.88582992553711,62.06570816040039,73.261474609375,56.4482307434082,48.18645095825195,27.793821334838867,0.4623134136199951,74.3289794921875
2014-06-17,20.16973876953125,34.86522674560547,41.2812385559082,61.76416778564453,72.88966369628906,56.37031936645508,48.31709671020508,27.9715576171875,0.46539875864982605,74.20407104492188
2014-06-18,20.1916446685791,34.840110778808594,41.54006576538086,61.95112228393555,73.51895904541016,56.51905822753906,48.417945861816406,28.409048080444336,0.46492406725883484,74.57884216308594
2014-06-19,20.121545791625977,34.72301483154297,41.194976806640625,61.89080047607422,74.23402404785156,56.837799072265625,48.20478057861328,28.566259384155273,0.4542444348335266,74.74837493896484
2014-06-20,19.9134578704834,34.86522674560547,41.37472152709961,62.61444854736328,75.278076171875,56.61821365356445,48.01454544067383,28.497913360595703,0.44926050305366516,73.90068054199219
2014-06-23,19.895931243896484,35.12454605102539,41.8348274230957,62.94614028930664,74.90620422363281,56.327816009521484,48.00996780395508,28.52524185180664,0.4440392851829529,73.8471450805664
2014-06-24,19.77545166015625,34.92377471923828,41.2812385559082,61.95112228393555,74.79181671142578,55.96653366088867,47.62491989135742,28.607269287109375,0.4371567368507385,73.77577209472656
2014-06-25,19.792978286743164,35.15800094604492,41.360328674316406,61.595314025878906,75.62847137451172,56.18613052368164,47.915992736816406,28.682466506958008,0.44166600704193115,74.86434936523438
2014-06-26,19.911264419555664,34.8986930847168,41.25967788696289,61.52900314331055,75.5498046875,55.69028091430664,47.89308166503906,28.730323791503906,0.4357328712940216,75.35513305664062
2014-06-27,20.1478271484375,35.34202575683594,41.360328674316406,61.03446960449219,75.07785034179688,55.973636627197266,47.96641159057617,28.83969497680664,0.43620747327804565,76.11358642578125
2014-06-30,20.355924606323242,34.8819580078125,41.4250373840332,60.71488571166992,74.81327056884766,55.669036865234375,48.29418182373047,28.955888748168945,0.4400046765804291,76.50619506835938
2014-07-01,20.485157012939453,35.0241584777832,41.67843246459961,61.124942779541016,75.70711517333984,56.15781784057617,49.10551834106445,28.908044815063477,0.444988489151001,77.15757751464844
2014-07-02,20.476394653320312,35.04925537109375,41.244041442871094,61.251590728759766,75.69998168945312,56.35614776611328,49.240760803222656,28.908044815063477,0.4433271884918213,77.13082885742188
2014-07-03,20.596879959106445,34.96559524536133,41.30195999145508,61.866695404052734,75.38533782958984,56.653621673583984,49.62350845336914,28.867033004760742,0.44736185669898987,77.48773193359375
2014-07-07,21.02182388305664,35.12454605102539,41.02686309814453,61.902835845947266,76.13618469238281,56.80240249633789,49.676231384277344,28.805505752563477,0.4438019096851349,77.26465606689453
2014-07-08,20.886014938354492,34.94886779785156,40.36806106567383,62.01142501831055,75.5998764038086,57.06447219848633,49.3370246887207,28.66878890991211,0.44024205207824707,76.61328887939453
2014-07-09,20.894784927368164,34.85685348510742,40.5562858581543,62.44563293457031,75.82867431640625,57.85075759887695,49.54328918457031,28.675630569458008,0.45353230834007263,77.8268051147461
2014-07-10,20.818115234375,34.873573303222656,40.22325897216797,61.85462188720703,75.6570816040039,57.80825424194336,49.401187896728516,28.887548446655273,0.45115914940834045,77.5055923461914
2014-07-11,20.85753631591797,35.20819091796875,40.397003173828125,61.35408020019531,75.15650939941406,57.489501953125,49.73582458496094,28.689308166503906,0.4521084725856781,77.5323486328125
2014-07-14,21.126970291137695,35.25001907348633,40.75175094604492,61.92096710205078,75.35673522949219,57.602840423583984,50.65949249267578,28.969572067260742,0.45780429244041443,77.41636657714844
2014-07-15,20.879453659057617,35.50932693481445,42.18519973754883,61.74606704711914,73.85505676269531,57.560333251953125,50.831390380859375,28.77817153930664,0.45970284938812256,76.8720474243164
2014-07-16,20.761159896850586,36.872806549072266,42.50374221801758,62.57827377319336,73.09700012207031,57.79167938232422,51.035362243652344,28.79184341430664,0.4592282176017761,76.15821838378906
2014-07-17,20.390972137451172,37.24924850463867,41.888370513916016,61.69780731201172,71.77412414550781,57.40612030029297,49.937522888183594,28.723493576049805,0.45804163813591003,75.87266540527344
2014-07-18,20.684486389160156,37.38307571411133,42.1562385559082,61.95112228393555,72.79667663574219,57.51319122314453,50.469261169433594,29.00374412536621,0.43763142824172974,76.56867218017578
2014-07-21,20.577165603637695,37.50856018066406,42.16347885131836,62.162208557128906,72.41768646240234,57.320438385009766,50.2446403503418,28.98324203491211,0.44024205207824707,76.50619506835938
2014-07-22,20.74802017211914,37.50019073486328,42.474769592285156,62.43959426879883,73.27580261230469,57.19191360473633,50.712188720703125,28.15612030029297,0.43834343552589417,76.92558288574219
2014-07-23,21.2890567779541,37.53365707397461,42.713680267333984,62.86774826049805,73.07559204101562,57.11336898803711,50.69845962524414,27.896358489990234,0.42908769845962524,76.7739028930664
2014-07-24,21.254011154174805,37.140506744384766,42.83675765991211,62.88584518432617,73.08272552490234,57.30615234375,51.05141067504883,28.00574493408203,0.42979955673217773,77.45205688476562
2014-07-25,21.394207000732422,37.224143981933594,42.7209358215332,62.22247314453125,73.01836395263672,56.80633544921875,49.22469711303711,28.026256561279297,0.42220503091812134,76.94342803955078
2014-07-28,21.689908981323242,36.78079605102539,42.85124206542969,62.94009780883789,73.01836395263672,56.59213638305664,49.098655700683594,27.80750274658203,0.42054393887519836,77.76435852050781
2014-07-29,21.549726486206055,36.71387481689453,42.45305633544922,62.44563293457031,72.9111099243164,56.15659713745117,48.933616638183594,27.581926345825195,0.42196783423423767,76.91667175292969
2014-07-30,21.49934196472168,36.454566955566406,42.64853286743164,62.26470184326172,73.15425109863281,55.806739807128906,49.06197738647461,27.08292007446289,0.42908769845962524,77.81790161132812
2014-07-31,20.94077491760254,36.103233337402344,41.75082778930664,59.665565490722656,71.57386016845703,55.20698165893555,48.3629264831543,26.857343673706055,0.41532278060913086,76.63113403320312
2014-08-01,21.05687141418457,35.85227966308594,40.889305114746094,59.581138610839844,71.43801879882812,56.870601654052734,48.546287536621094,26.857343673706055,0.4198318421840668,76.1849594116211
2014-08-04,20.938587188720703,36.27890396118164,41.01237106323242,60.38317108154297,71.62396240234375,56.56358337402344,48.62650680541992,26.93254280090332,0.4188825488090515,77.84467315673828
2014-08-05,20.83563995361328,36.036338806152344,40.58524703979492,59.21931457519531,71.38080596923828,56.69923400878906,48.255210876464844,26.782146453857422,0.41911986470222473,77.40743255615234
2014-08-06,20.800588607788086,35.751922607421875,40.70832061767578,59.6896858215332,72.0172348022461,57.898773193359375,48.289588928222656,27.288002014160156,0.4186452329158783,77.26465606689453
2014-08-07,20.798381805419922,36.16178894042969,40.476646423339844,59.261512756347656,71.45948028564453,57.2204475402832,47.91141891479492,26.898351669311523,0.4143734276294708,76.30097961425781
2014-08-08,20.855613708496094,36.13669204711914,40.78794860839844,60.14797592163086,72.28182220458984,57.79880142211914,48.23685836791992,26.96671485900879,0.45092177391052246,77.49665832519531
2014-08-11,21.130796432495117,36.13669204711914,40.773468017578125,59.95368957519531,72.3390121459961,58.17722702026367,48.264366149902344,27.048730850219727,0.4485483765602112,78.07665252685547
2014-08-12,21.126386642456055,36.40437316894531,40.79519271850586,59.807952880859375,71.96005249023438,58.1343994140625,48.2001953125,27.123939514160156,0.4485483765602112,77.81790161132812
2014-08-13,21.405956268310547,36.872806549072266,41.06305694580078,60.172298431396484,72.75379180908203,58.17722702026367,48.55153274536133,27.301671981811523,0.45115914940834045,78.16590118408203
2014-08-14,21.463199615478516,37.03175735473633,41.251285552978516,60.172298431396484,72.95402526855469,58.512813568115234,48.80184555053711,27.465721130371094,0.4461751878261566,79.0671157836914
2014-08-15,21.5688533782959,37.46672439575195,41.084774017333984,60.135887145996094,72.34617614746094,58.391456604003906,48.26680374145508,27.944223403930664,0.4518710970878601,79.66496276855469
2014-08-18,21.8286190032959,37.734413146972656,41.432273864746094,60.43340301513672,73.44026184082031,58.8626823425293,49.215187072753906,28.265499114990234,0.45804163813591003,80.28067016601562
2014-08-19,22.130205154418945,38.155277252197266,41.67118453979492,60.415191650390625,73.6261978149414,59.04119873046875,49.37133026123047,28.203968048095703,0.4617364704608917,80.38774108886719
2014-08-20,22.139009475708008,37.835418701171875,41.72909927368164,60.54270935058594,73.80497741699219,59.126869201660156,49.64689636230469,28.197132110595703,0.4588758945465088,80.16465759277344
2014-08-21,22.141212463378906,38.06270217895508,42.35171890258789,60.287689208984375,74.50578308105469,59.46245574951172,49.54354476928711,28.3065128326416,0.45458513498306274,80.64649963378906
2014-08-22,22.304109573364258,38.00376510620117,42.3444709777832,59.81400680541992,74.22500610351562,59.540985107421875,49.62163543701172,28.10826301574707,0.45482340455055237,80.74464416503906
2014-08-25,22.352542877197266,38.02058792114258,42.959835052490234,59.9658317565918,74.3185806274414,59.64808654785156,49.605560302734375,28.3065128326416,0.4555385708808899,80.64649963378906
2014-08-26,22.209455490112305,37.88591384887695,43.24942398071289,60.50625991821289,74.46977233886719,59.53383255004883,49.768592834472656,28.436384201049805,0.46364346146583557,80.32527923583984
2014-08-27,22.482419967651367,37.76808547973633,43.14083480834961,60.43949508666992,74.31137084960938,59.4838752746582,49.860443115234375,28.436384201049805,0.45839911699295044,80.63758087158203
2014-08-28,22.508838653564453,37.7765007019043,42.82951736450195,60.46377182006836,74.11701202392578,59.28395462036133,49.27947998046875,28.4569034576416,0.4622132182121277,80.51265716552734
2014-08-29,22.563865661621094,38.23943328857422,43.03947830200195,60.396968841552734,74.67854309082031,59.341087341308594,48.80184555053711,28.518413543701172,0.46364346146583557,80.2003402709961
2014-09-02,22.7399845123291,37.9532470703125,43.1987419128418,59.807952880859375,74.41217041015625,59.24822235107422,49.309329986572266,28.46371841430664,0.4648353159427643,81.02127075195312
2014-09-03,21.78019142150879,37.84383010864258,43.220455169677734,60.184417724609375,74.70014190673828,59.191104888916016,49.348365783691406,28.55942726135254,0.46912631392478943,81.14618682861328
2014-09-04,21.59967613220215,38.096343994140625,43.22770309448242,59.72900390625,74.75772857666016,59.762325286865234,49.2014045715332,28.620935440063477,0.47746923565864563,80.43234252929688
2014-09-05,21.786788940429688,38.64347457885742,43.37248992919922,60.27550506591797,75.17530822753906,59.812294006347656,49.18991470336914,28.60043716430664,0.4760391116142273,81.14618682861328
2014-09-08,21.652515411376953,39.11484146118164,43.35801315307617,59.370697021484375,74.9089126586914,59.49100112915039,49.548160552978516,28.55942726135254,0.4717482924461365,80.80711364746094
2014-09-09,21.571060180664062,39.35894012451172,42.75712203979492,59.13997268676758,74.72895812988281,59.25537109375,49.20599365234375,28.66878890991211,0.46578890085220337,79.95050811767578
2014-09-10,22.233671188354492,39.426273345947266,42.87295913696289,58.787776947021484,75.5856704711914,59.71950149536133,49.80304718017578,28.826030731201172,0.46745750308036804,79.87911987304688
2014-09-11,22.328327178955078,39.560951232910156,43.263893127441406,58.921363830566406,75.2688980102539,59.61238479614258,49.3598518371582,28.884540557861328,0.46268993616104126,80.28067016601562
2014-09-12,22.37895393371582,39.30842971801758,43.45935821533203,58.162296295166016,75.29048156738281,59.44817352294922,49.15088653564453,28.547151565551758,0.45577695965766907,80.0129623413086
2014-09-15,22.372352600097656,38.92124938964844,43.39421463012695,58.472007751464844,75.39128875732422,59.88370895385742,49.28866195678711,28.5747013092041,0.4495791494846344,80.37882995605469
2014-09-16,22.202842712402344,39.35894012451172,43.43040466308594,59.164276123046875,76.22637939453125,60.03364944458008,49.89949417114258,28.671083450317383,0.4562538266181946,80.54833984375
2014-09-17,22.36134147644043,39.15692901611328,43.662078857421875,58.95170974731445,76.44959259033203,60.09077835083008,49.49304962158203,28.65044403076172,0.45649203658103943,80.60186767578125
2014-09-18,22.407575607299805,39.291595458984375,44.39329147338867,58.666324615478516,77.28471374511719,60.11220932006836,49.7020149230957,28.77437400817871,0.46340495347976685,80.61080169677734
2014-09-19,22.224863052368164,39.99864196777344,44.241249084472656,58.97602462768555,77.74545288085938,60.3121452331543,49.65837097167969,28.953392028808594,0.45482340455055237,80.74464416503906
2014-09-22,22.246877670288086,39.611446380615234,44.09646224975586,58.62382507324219,77.66626739501953,60.55488204956055,49.1141357421875,29.07045555114746,0.45029422640800476,79.67387390136719
2014-09-23,22.594690322875977,39.19059371948242,44.118167877197266,58.31409454345703,77.3638916015625,60.29071807861328,48.78806686401367,28.843219757080078,0.4483872950077057,78.79943084716797
2014-09-24,22.398775100708008,39.6282958984375,44.61770248413086,58.18659591674805,78.21341705322266,60.86188507080078,49.235843658447266,29.104896545410156,0.4510094225406647,79.81666564941406
2014-09-25,21.54464340209961,38.752891540527344,43.5462532043457,57.23320388793945,77.10472106933594,60.212158203125,48.38620376586914,28.767494201660156,0.4412359297275543,78.58527374267578
2014-09-26,22.178630828857422,39.06433868408203,43.84306716918945,57.94975662231445,77.10472106933594,60.390663146972656,48.66864776611328,29.056671142578125,0.44218942523002625,79.1831283569336
2014-09-29,22.037752151489258,39.08959197998047,43.67655944824219,57.34251403808594,76.70153045654297,60.29071807861328,48.43671798706055,29.091106414794922,0.4414743185043335,79.26344299316406
2014-09-30,22.178630828857422,39.022239685058594,43.61139678955078,57.111759185791016,76.7375717163086,59.790897369384766,48.99701690673828,29.373416900634766,0.4398057162761688,79.44188690185547
2014-10-01,21.833024978637695,38.63505172729492,43.271141052246094,56.38914489746094,75.08892822265625,59.36249542236328,48.2254524230957,29.428497314453125,0.4355148673057556,78.0677490234375
2014-10-02,21.991519927978516,38.517215728759766,42.884849548339844,56.65633010864258,74.76492309570312,59.298221588134766,48.15885543823242,29.373416900634766,0.4336077868938446,77.44312286376953
2014-10-03,21.929882049560547,38.79497146606445,43.94895553588867,57.03282165527344,75.68645477294922,59.826595306396484,48.68012237548828,29.607515335083008,0.43456146121025085,78.9243392944336
2014-10-06,21.929882049560547,38.79497146606445,43.86149215698242,57.39715576171875,75.49207305908203,59.66950607299805,48.63420486450195,30.020652770996094,0.4319392144680023,79.02250671386719
2014-10-07,21.738367080688477,38.32361602783203,43.1982536315918,56.69881820678711,73.71382904052734,59.37678146362305,47.77537536621094,30.240976333618164,0.42741018533706665,77.72866821289062
2014-10-08,22.18964195251465,39.375762939453125,44.02184295654297,57.451805114746094,75.528076171875,60.10504913330078,48.765098571777344,30.674762725830078,0.4352765381336212,78.62096405029297
2014-10-09,22.238075256347656,38.592979431152344,43.059783935546875,55.75760269165039,73.49066162109375,59.733768463134766,47.69729995727539,30.206541061401367,0.4269334077835083,76.47943115234375
2014-10-10,22.174236297607422,37.061031341552734,42.65162658691406,55.624000549316406,72.87873077392578,60.46920394897461,47.07039260864258,30.619674682617188,0.4016655385494232,76.97911834716797
2014-10-13,21.971708297729492,36.741172790527344,42.38924026489258,55.1624870300293,71.35966491699219,59.52669906616211,46.909637451171875,30.344270706176758,0.400235116481781,74.87328338623047
2014-10-14,21.738367080688477,36.80852508544922,42.26533508300781,54.98637390136719,69.84061431884766,59.65522384643555,46.551429748535156,30.048185348510742,0.40953171253204346,75.0785140991211
2014-10-15,21.471996307373047,36.379234313964844,40.47240447998047,54.78601837158203,70.70452117919922,59.226810455322266,45.98423767089844,29.765888214111328,0.4157296121120453,73.24037170410156
2014-10-16,21.19022560119629,35.97523498535156,40.14442443847656,55.016746520996094,69.6750259399414,58.719879150390625,46.6157341003418,29.3045597076416,0.415968120098114,72.9369888305664
2014-10-17,21.500619888305664,36.72434997558594,40.96072006225586,55.38717269897461,71.05730438232422,59.45528793334961,47.304622650146484,29.524885177612305,0.41525277495384216,74.80191802978516
2014-10-20,21.960697174072266,37.10311508178711,41.27411651611328,55.72721862792969,71.41724395751953,60.10504913330078,47.729461669921875,29.80719566345215,0.4188285768032074,76.30989837646484
2014-10-21,22.557270050048828,37.7765007019043,42.221622467041016,56.86888122558594,72.25237274169922,60.41206741333008,48.983238220214844,28.010089874267578,0.4367068111896515,78.11235809326172
2014-10-22,22.671737670898438,37.35564422607422,41.871768951416016,56.55309295654297,72.87152099609375,60.60200500488281,48.434425354003906,27.968772888183594,0.42645666003227234,77.7197494506836
2014-10-23,23.0767879486084,37.89432907104492,42.31635665893555,57.148216247558594,73.88663482666016,59.88254165649414,49.20599365234375,28.134031295776367,0.43599173426628113,78.5138931274414
2014-10-24,23.162647247314453,38.828643798828125,42.81197738647461,57.378929138183594,74.24658203125,61.2711296081543,49.02227783203125,28.251081466674805,0.4405207931995392,79.0671157836914
2014-10-27,23.138427734375,38.64347457885742,42.73908233642578,56.90529251098633,74.92335510253906,61.8394889831543,49.00621032714844,28.065174102783203,0.44075918197631836,78.9243392944336
2014-10-28,23.49724769592285,39.131683349609375,43.460636138916016,57.7493782043457,75.44171142578125,62.21365737915039,49.764007568359375,27.92746353149414,0.451247900724411,80.24495697021484
2014-10-29,23.62932586669922,39.241111755371094,43.21283721923828,57.43966293334961,75.99604797363281,62.26401901245117,49.29325866699219,28.202882766723633,0.4483872950077057,79.8880386352539
2014-10-30,23.550079345703125,38.76131820678711,43.28571319580078,57.35466384887695,77.06153869628906,62.551822662353516,54.34290313720703,28.505847930908203,0.44552668929100037,80.50373077392578
2014-10-31,23.774612426757812,39.51887130737305,44.08014678955078,58.727046966552734,77.59427642822266,62.789241790771484,55.440555572509766,28.83635139465332,0.46578890085220337,81.53880310058594
2014-11-03,24.082805633544922,39.93130111694336,44.37168502807617,57.846519470214844,77.3638916015625,62.86836242675781,55.46581268310547,28.78814697265625,0.4736553132534027,81.83325958251953
2014-11-04,23.906700134277344,40.040733337402344,43.912513732910156,57.39715576171875,78.19901275634766,63.77493667602539,55.79420471191406,28.795034408569336,0.4798531234264374,80.61972045898438
2014-11-05,23.963930130004883,40.284828186035156,44.568477630615234,57.73115158081055,78.34300994873047,64.03392791748047,57.300601959228516,29.132421493530273,0.4798531234264374,81.19972229003906
2014-11-06,24.032470703125,40.991878509521484,44.62677001953125,58.45378494262695,78.47978210449219,63.962013244628906,57.429203033447266,29.118648529052734,0.4819985628128052,82.09203338623047
2014-11-07,24.10100555419922,40.975032806396484,44.80168533325195,59.077632904052734,77.89665222167969,64.1274642944336,57.96654510498047,29.139305114746094,0.4717482924461365,80.30744171142578
2014-11-10,24.06121063232422,41.15180587768555,45.136966705322266,58.8880500793457,78.34300994873047,64.35770416259766,57.456764221191406,29.1875,0.47723084688186646,80.1111068725586
2014-11-11,24.253555297851562,41.13497543334961,44.72882080078125,58.967552185058594,78.40782165527344,64.51599884033203,57.346519470214844,29.27012825012207,0.4715099036693573,80.28958892822266
2014-11-12,24.596250534057617,41.05921936035156,44.13845443725586,58.33757019042969,78.29261016845703,64.3792953491211,57.96772766113281,29.407835006713867,0.4684109389781952,80.21820068359375
2014-11-13,24.943359375,41.757850646972656,43.89794158935547,57.8972053527832,78.52299499511719,63.746177673339844,57.73076248168945,29.46292495727539,0.46602723002433777,80.74464416503906
2014-11-14,25.244049072265625,41.73259735107422,43.93437957763672,58.16017532348633,77.86786651611328,63.393611907958984,57.2521858215332,29.421611785888672,0.4717482924461365,81.02127075195312
2014-11-17,25.202035903930664,41.63157272338867,44.007259368896484,58.172454833984375,77.96862030029297,63.1993293762207,57.47307205200195,29.55243682861328,0.46960288286209106,80.67328643798828
2014-11-18,25.529251098632812,41.28430938720703,44.11658477783203,58.025638580322266,78.35021209716797,63.27850341796875,57.45695495605469,29.972448348999023,0.4808066487312317,80.55726623535156
2014-11-19,25.352378845214844,40.84385681152344,44.167606353759766,58.4782600402832,78.29981231689453,63.839683532714844,57.486873626708984,30.447532653808594,0.4790111780166626,80.14680480957031
2014-11-20,25.714967727661133,41.25043487548828,43.81776809692383,58.606685638427734,77.88224792480469,63.65261459350586,57.9033088684082,30.468202590942383,0.48691079020500183,79.32587432861328
2014-11-21,25.750341415405273,40.64055633544922,44.05828857421875,59.21220397949219,78.15757751464844,63.746177673339844,58.48999786376953,30.64032745361328,0.48954421281814575,79.37943267822266
2014-11-24,26.22789764404297,40.310218811035156,44.42998123168945,58.54552459716797,77.44750213623047,63.393611907958984,58.5820198059082,30.481985092163086,0.49265626072883606,80.82495880126953
2014-11-25,26.000171661376953,40.20857238769531,43.94895553588867,57.9705810546875,77.31704711914062,63.890037536621094,59.1894416809082,30.592138290405273,0.49241673946380615,81.77973937988281
2014-11-26,26.3096923828125,40.445735931396484,43.978118896484375,57.787086486816406,77.68659210205078,63.94761657714844,59.1894416809082,30.70654296875,0.5007951259613037,82.0206527709961
2014-11-28,26.29422378540039,40.4965705871582,43.84691619873047,55.377281188964844,78.44021606445312,65.06279754638672,59.403404235839844,31.08091926574707,0.5019919872283936,82.54712677001953
2014-12-01,25.44081687927246,41.18266296386719,43.73030471801758,56.48431396484375,78.28080749511719,64.81098937988281,59.39421463012695,30.88679313659668,0.49265626072883606,82.71663665771484
2014-12-02,25.34354019165039,41.04713821411133,44.5174446105957,57.60971450805664,78.62858581542969,65.52328491210938,59.82215118408203,30.87986183166504,0.4933743476867676,83.40371704101562
2014-12-03,25.630949020385742,40.72526931762695,44.852718353271484,58.07454299926758,78.0561752319336,64.75343322753906,60.18796157836914,30.366806030273438,0.5060617923736572,83.08248138427734
2014-12-04,25.533672332763672,41.36899185180664,44.73611068725586,57.71982955932617,77.94023895263672,65.17073059082031,60.08213806152344,30.158828735351562,0.5015136003494263,83.18958282470703
2014-12-05,25.425336837768555,41.013248443603516,45.698177337646484,57.383419036865234,78.62858581542969,65.02684783935547,60.59060287475586,30.17962646484375,0.5043860077857971,83.6624984741211
2014-12-08,24.850505828857422,40.40339279174805,45.67630386352539,56.08677291870117,78.6358413696289,65.30023193359375,60.5330924987793,29.90923500061035,0.4979226291179657,83.69818878173828
2014-12-09,25.23077392578125,40.310218811035156,45.515953063964844,55.89103698730469,78.2952880859375,65.26427459716797,60.772361755371094,29.146587371826172,0.49624714255332947,82.9308090209961
2014-12-10,24.751012802124023,39.725765228271484,44.225914001464844,54.23350143432617,76.98372650146484,64.75343322753906,60.21558380126953,28.84153938293457,0.4852352738380432,81.76187896728516
2014-12-11,24.678056716918945,39.9544677734375,44.56118392944336,54.55766677856445,77.33155822753906,65.04842376708984,60.53766632080078,28.793018341064453,0.48499593138694763,82.90950012207031
2014-12-12,24.260189056396484,39.76811599731445,43.759464263916016,52.9674186706543,75.67212677001953,64.42967987060547,59.079002380371094,28.363149642944336,0.4699144661426544,82.674560546875
2014-12-15,23.928564071655273,39.53095626831055,43.118080139160156,53.15092086791992,75.33161163330078,64.1778335571289,59.06059265136719,28.12744140625,0.4684782326221466,82.14141845703125
2014-12-16,23.60133934020996,38.251930236816406,42.586029052734375,52.8512077331543,74.4620590209961,64.29293823242188,58.30363082885742,28.002635955810547,0.4632118046283722,81.48175048828125
2014-12-17,24.18944549560547,38.743202209472656,43.56267547607422,54.44757843017578,75.41131591796875,65.25706481933594,59.60817337036133,28.806875228881836,0.4821232259273529,82.57515716552734
2014-12-18,24.90578269958496,40.25093078613281,44.8089714050293,55.75648880004883,77.3967514038086,66.1924057006836,60.7769660949707,29.389245986938477,0.4840382933616638,83.6866455078125
2014-12-19,24.713422775268555,40.369503021240234,45.136966705322266,57.273319244384766,76.48374938964844,66.22835540771484,60.20405960083008,29.08419418334961,0.48882582783699036,83.93966674804688
2014-12-22,24.969884872436523,40.64055633544922,45.14424514770508,57.083717346191406,77.34600830078125,66.62409210205078,60.788475036621094,29.36150550842285,0.49744394421577454,85.12345123291016
2014-12-23,24.881450653076172,41.03866958618164,45.5378303527832,57.854366302490234,75.5634536743164,67.12053680419922,61.030052185058594,29.791364669799805,0.49433186650276184,85.56622314453125
2014-12-24,24.764284133911133,40.77606964111328,45.5378303527832,57.358943939208984,75.78809356689453,67.01261901855469,61.575347900390625,29.770566940307617,0.49241673946380615,85.3222427368164
2014-12-26,25.202035903930664,40.55586242675781,45.58884811401367,57.01033401489258,76.12865447998047,67.24285125732422,61.34295654296875,29.784442901611328,0.49289557337760925,85.87347412109375
2014-12-29,25.18434715270996,40.191619873046875,45.88767623901367,56.924705505371094,76.32430267333984,66.65287017822266,61.06913757324219,29.715116500854492,0.49217742681503296,86.29817199707031
2014-12-30,24.877031326293945,39.82741928100586,46.026145935058594,56.894100189208984,76.34603881835938,66.48020935058594,60.866695404052734,29.645774841308594,0.4876290559768677,85.57525634765625
2014-12-31,24.403898239135742,39.34461212158203,45.61071014404297,56.545467376708984,75.77363586425781,65.53767395019531,60.32600784301758,29.271394729614258,0.4799688458442688,85.1144027709961
2015-01-02,24.171756744384766,39.60716247558594,45.83810043334961,56.777915954589844,75.73738861083984,65.06998443603516,60.97481918334961,29.21592140197754,0.48188382387161255,84.71681213378906
2015-01-05,23.490802764892578,39.242958068847656,44.41505813598633,55.224369049072266,75.20838928222656,64.76063537597656,59.628875732421875,29.21592140197754,0.4737447202205658,83.47880554199219
2015-01-06,23.493011474609375,38.666969299316406,43.263427734375,54.93077087402344,74.83885192871094,64.46562957763672,59.244659423828125,29.437782287597656,0.459381639957428,83.0360336303711
2015-01-07,23.822429656982422,39.15825653076172,43.329437255859375,55.48736572265625,76.4909896850586,64.80380249023438,60.038394927978516,29.80523681640625,0.45818451046943665,83.88545227050781
2015-01-08,24.737751007080078,40.310218811035156,44.297698974609375,56.41093444824219,77.0924072265625,65.54484558105469,60.84367752075195,30.165773391723633,0.47542038559913635,84.75296020507812
2015-01-09,24.764284133911133,39.971412658691406,43.527496337890625,56.33140563964844,76.04173278808594,64.93331909179688,59.9417724609375,29.832958221435547,0.47733551263809204,85.16860961914062
2015-01-12,24.154071807861328,39.4716682434082,43.15339279174805,55.24881362915039,75.78084564208984,64.69585418701172,59.82444763183594,29.562578201293945,0.4713508188724518,85.35838317871094
2015-01-13,24.368532180786133,39.268367767333984,43.16072082519531,55.0469856262207,75.91130065917969,64.96930694580078,59.99930191040039,29.555641174316406,0.4706326425075531,86.01805877685547
2015-01-14,24.275665283203125,38.92955780029297,41.671688079833984,54.8879508972168,75.36056518554688,64.74620819091797,58.798309326171875,29.507118225097656,0.4725477993488312,85.15055084228516
2015-01-15,23.6168212890625,38.522987365722656,40.3366584777832,54.4108772277832,74.2663803100586,64.65270233154297,58.239219665527344,29.382328033447266,0.46919625997543335,85.25899505615234
2015-01-16,23.433313369750977,39.16672134399414,41.02616500854492,55.732017517089844,75.38954162597656,65.65277862548828,58.657958984375,29.4863224029541,0.4778142273426056,86.00902557373047
2015-01-20,24.036888122558594,39.29376983642578,40.86479187011719,55.71365737915039,73.39683532714844,65.609619140625,59.09280014038086,29.923097610473633,0.47925063967704773,85.61140441894531
2015-01-21,24.22039794921875,38.895668029785156,40.996826171875,56.19074630737305,73.83885955810547,65.74295806884766,59.19404602050781,30.061763763427734,0.48595333099365234,85.0963363647461
2015-01-22,24.850505828857422,39.92059326171875,42.243831634521484,56.8023796081543,75.18665313720703,66.3878402709961,59.267662048339844,30.352951049804688,0.49433186650276184,85.98191833496094
2015-01-23,24.978734970092773,39.96291732788086,41.5763053894043,55.591339111328125,74.0562515258789,65.27196502685547,59.42642593383789,30.027099609375,0.4957681894302368,85.59333801269531
2015-01-26,25.00527000427246,39.81893539428711,41.64232635498047,56.12347412109375,74.09973907470703,64.9096450805664,59.02146911621094,29.81216812133789,0.4936137795448303,85.81925201416016
2015-01-27,24.129749298095703,36.13436508178711,41.224220275878906,55.62803649902344,73.97652435302734,62.67063522338867,57.74685287475586,29.389245986938477,0.4699144661426544,84.91560363769531
2015-01-28,25.493873596191406,34.889217376708984,40.160606384277344,53.793128967285156,73.5345230102539,61.699684143066406,56.68160629272461,29.063405990600586,0.4622541666030884,83.74085998535156
2015-01-29,26.287588119506836,35.58378601074219,40.83543395996094,53.56683349609375,74.1866683959961,62.07646179199219,57.058921813964844,29.188201904296875,0.4735053777694702,84.23786163330078
2015-01-30,25.902889251708984,34.22006607055664,39.88920211791992,53.46896743774414,72.56352996826172,61.076515197753906,58.64875030517578,28.543413162231445,0.459620863199234,82.19563293457031
2015-02-02,26.22789764404297,34.965450286865234,40.68874740600586,54.790096282958984,73.06352233886719,61.67793655395508,58.747684478759766,28.834609985351562,0.469675213098526,83.07217407226562
2015-02-03,26.232315063476562,35.23649597167969,41.60565185546875,56.42316436767578,74.2446517944336,62.27932357788086,59.77153396606445,28.862354278564453,0.48140501976013184,85.0330810546875
2015-02-04,26.433504104614258,35.439788818359375,41.35624694824219,55.9399528503418,73.44755554199219,62.16340255737305,60.94493103027344,28.896997451782227,0.4826021194458008,91.5212631225586
2015-02-05,26.62217903137207,35.95648956298828,41.64232635498047,56.490440368652344,74.2446517944336,62.822776794433594,62.534751892089844,28.9732666015625,0.49050173163414,92.75020599365234
2015-02-06,26.397994995117188,35.92259979248047,42.46388626098633,56.38568878173828,73.25916290283203,62.03300476074219,61.527000427246094,28.7375431060791,0.4883471429347992,92.1899642944336
2015-02-09,26.573339462280273,35.880252838134766,42.41252517700195,56.422664642333984,72.30264282226562,61.627220153808594,61.07603073120117,28.585025787353516,0.48786839842796326,91.92788696289062
2015-02-10,27.08385467529297,36.08352279663086,42.88199234008789,56.083717346191406,72.71570587158203,61.87356948852539,60.866695404052734,29.396194458007812,0.5015136003494263,92.09957885742188
2015-02-11,27.718664169311523,35.89719772338867,42.815975189208984,55.8310546875,72.73744201660156,62.05473709106445,61.3092155456543,29.37538719177246,0.49816229939460754,92.05441284179688
2015-02-12,28.069372177124023,36.49857711791992,43.696197509765625,56.921817779541016,71.33165740966797,62.337310791015625,62.44328689575195,29.236738204956055,0.5338302254676819,93.59964752197266
2015-02-13,28.206989288330078,37.15925598144531,43.76955032348633,57.53804016113281,72.18670654296875,62.243133544921875,62.14824676513672,29.111934661865234,0.5340700745582581,94.1327896118164
2015-02-17,28.373455047607422,37.17631912231445,44.08496856689453,57.34084701538086,72.78092193603516,61.94602584838867,62.43404769897461,28.987136840820312,0.5357455015182495,94.08761596679688
2015-02-18,28.571001052856445,37.133663177490234,43.54948806762695,56.083717346191406,72.43311309814453,62.503990173339844,62.03068923950195,28.931663513183594,0.529521644115448,93.8526611328125
2015-02-19,28.511075973510742,37.10808181762695,43.446807861328125,55.11622619628906,72.96932220458984,61.7431526184082,62.02608871459961,29.19513511657715,0.5309578776359558,93.8797836303711
2015-02-20,28.744138717651367,37.4151725769043,43.86491012573242,55.412017822265625,73.15906524658203,61.496795654296875,62.9250373840332,29.098066329956055,0.5347880125045776,94.47618865966797
2015-02-23,29.5210018157959,37.66257095336914,43.53483200073242,54.85124206542969,73.10066986083984,61.87356948852539,62.92731857299805,29.014862060546875,0.5304791331291199,94.87379455566406
2015-02-24,29.336769104003906,37.61137390136719,44.61311721801758,55.10390090942383,73.48009490966797,61.953285217285156,62.802860260009766,29.208995819091797,0.5361265540122986,94.5846176147461
2015-02-25,28.586536407470703,37.52607727050781,44.84784698486328,55.21481704711914,73.85224914550781,61.9243049621582,62.92731857299805,29.153526306152344,0.5320413112640381,95.39788818359375
2015-02-26,28.948348999023438,37.58579635620117,45.170597076416016,54.62940216064453,75.01248168945312,61.71416091918945,63.09785079956055,29.437782287597656,0.53348308801651,94.4852294921875
2015-02-27,28.5132999420166,37.406646728515625,44.950538635253906,54.56159973144531,74.80084991455078,61.685176849365234,62.53546142578125,30.02016830444336,0.5301185846328735,94.05146789550781
2015-03-02,28.65312957763672,37.4322395324707,45.309974670410156,54.25349807739258,75.31892395019531,61.888084411621094,64.14433288574219,29.950828552246094,0.5430952310562134,95.68704986572266
2015-03-03,28.713056564331055,36.92041778564453,45.456668853759766,53.99468231201172,74.67680358886719,61.706932067871094,63.45514678955078,29.777498245239258,0.5330021381378174,96.10272216796875
2015-03-04,28.531049728393555,36.73273468017578,45.574039459228516,53.72353744506836,74.17332458496094,61.1199836730957,63.09785079956055,29.465511322021484,0.539010226726532,95.39788818359375
2015-03-05,28.05827522277832,36.77537536621094,45.47867965698242,53.452388763427734,74.80814361572266,61.3228874206543,63.18549346923828,29.396194458007812,0.5493433475494385,94.9099349975586
2015-03-06,28.100444793701172,36.135589599609375,44.66446304321289,52.76835632324219,73.04957580566406,59.89543533325195,62.0814094543457,28.786075592041016,0.5418937802314758,93.81652069091797
2015-03-09,28.22030258178711,36.5535888671875,45.111915588378906,52.478736877441406,73.450927734375,60.20701217651367,62.56083297729492,28.69594955444336,0.5433356165885925,95.11775970458984
2015-03-10,27.63654327392578,35.85407257080078,43.982276916503906,51.92411804199219,72.62635040283203,59.0838737487793,61.12716293334961,28.21063232421875,0.5527074337005615,93.1568603515625
2015-03-11,27.132688522338867,35.81142807006836,44.18766784667969,51.776222229003906,71.74344635009766,58.97519302368164,61.023414611816406,27.801572799682617,0.5498238205909729,92.97611999511719
2015-03-12,27.62321662902832,34.99249267578125,45.01655960083008,51.89946746826172,72.84526824951172,59.48240280151367,62.1367301940918,28.3608341217041,0.5447776317596436,96.8437271118164
2015-03-13,27.432336807250977,35.29959487915039,44.745147705078125,51.68379211425781,72.39286804199219,59.29402160644531,61.08796691894531,27.89945411682129,0.5454984903335571,96.18407440185547
2015-03-16,27.73420524597168,35.453147888183594,45.368648529052734,52.23223876953125,73.74278259277344,60.54753875732422,62.007633209228516,28.165098190307617,0.5519865155220032,97.02445983886719
2015-03-17,28.198110580444336,35.572566986083984,45.192596435546875,51.81321334838867,72.88904571533203,60.0330924987793,60.96578598022461,28.318885803222656,0.5587154030799866,96.65396118164062
2015-03-18,28.515522003173828,36.25503158569336,45.29529571533203,53.03952407836914,74.03467559814453,60.68522262573242,61.69646072387695,28.381793975830078,0.5495835542678833,97.56664276123047
2015-03-19,28.300212860107422,36.07587814331055,44.89185333251953,52.01655197143555,74.20249938964844,60.4171257019043,61.59736251831055,27.976348876953125,0.5579943656921387,97.02445983886719
2015-03-20,27.945068359375,36.57917404174805,45.29529571533203,52.09666442871094,74.72061157226562,61.40259552001953,62.15055847167969,28.41676139831543,0.5640020966529846,97.98233795166016
2015-03-23,28.235841751098633,36.562110900878906,44.84784698486328,52.64510726928711,75.143798828125,61.489540100097656,61.8463020324707,28.395780563354492,0.5457385182380676,97.79255676269531
2015-03-24,28.120424270629883,36.59623718261719,44.349037170410156,52.08433532714844,74.3995361328125,60.80842971801758,61.86473083496094,28.290924072265625,0.5382893085479736,96.78951263427734
2015-03-25,27.38572120666504,35.367835998535156,43.72553634643555,52.29386520385742,73.21741485595703,60.14904022216797,60.601627349853516,28.27694320678711,0.5056073069572449,94.8828353881836
2015-03-26,27.57661247253418,35.15457534790039,43.674198150634766,51.96110916137695,73.07147216796875,59.52586364746094,60.47254180908203,28.207033157348633,0.503925085067749,95.09968566894531
2015-03-27,27.356870651245117,34.9498405456543,43.68152618408203,51.505096435546875,73.21741485595703,59.64181900024414,60.426429748535156,28.018280029296875,0.5137777328491211,95.31656646728516
2015-03-30,28.049400329589844,34.94130325317383,44.715789794921875,52.76835632324219,74.10034942626953,59.93888854980469,60.53709030151367,28.318885803222656,0.5159405469894409,95.89491271972656
2015-03-31,27.6187801361084,34.68538284301758,44.43706512451172,52.38014602661133,73.40714263916016,59.37370681762695,60.30659484863281,28.346860885620117,0.5029637217521667,94.78341674804688
2015-04-01,27.578832626342773,34.736572265625,44.26723861694336,52.047367095947266,72.34909057617188,59.64907455444336,60.09454345703125,28.437726974487305,0.5048864483833313,95.28043365478516
2015-04-02,27.816326141357422,34.36975860595703,44.6881217956543,51.94878005981445,72.70661926269531,59.72876739501953,60.19595718383789,28.437726974487305,0.5060878396034241,95.7864761352539
2015-04-06,28.266918182373047,35.444610595703125,44.65119171142578,52.46024703979492,72.35636901855469,60.170772552490234,60.11299133300781,28.780258178710938,0.5207468867301941,95.45211791992188
2015-04-07,27.9694881439209,35.427547454833984,44.93178939819336,52.8422966003418,73.04228973388672,59.69978332519531,60.66615676879883,28.668415069580078,0.5253125429153442,95.2713851928711
2015-04-08,27.87847900390625,35.333702087402344,45.0794792175293,51.80088806152344,73.08607482910156,59.975120544433594,61.31156921386719,28.584524154663086,0.5291574001312256,96.11177062988281
2015-04-09,28.091569900512695,35.38490295410156,45.38961410522461,52.164466857910156,73.93982696533203,60.06208801269531,61.256229400634766,28.696382522583008,0.5414130687713623,96.48226928710938
2015-04-10,28.211429595947266,35.589637756347656,45.55944061279297,52.72523498535156,74.47247314453125,60.39540100097656,61.16400909423828,28.577539443969727,0.546940267086029,96.64493560791016
2015-04-13,28.15593719482422,35.623741149902344,45.832637786865234,52.58966064453125,73.37063598632812,60.453365325927734,60.49097442626953,28.451702117919922,0.5418937802314758,96.24732208251953
2015-04-14,28.033855438232422,35.52991485595703,46.54890441894531,53.38459014892578,73.34878540039062,60.576541900634766,60.41721725463867,28.318885803222656,0.5373279452323914,96.38285827636719
2015-04-15,28.140399932861328,36.05028533935547,47.41282653808594,54.27815628051758,73.40714263916016,60.51134490966797,60.55553436279297,28.241992950439453,0.543816089630127,96.67205047607422
2015-04-16,28.005001068115234,35.96498107910156,47.117469787597656,54.06247329711914,72.81607818603516,60.50407028198242,60.527862548828125,28.381793975830078,0.5404518842697144,97.68411254882812
2015-04-17,27.689815521240234,35.50432205200195,46.401222229003906,53.56947326660156,72.66284942626953,59.80120849609375,59.48603057861328,28.172088623046875,0.53348308801651,96.40997314453125
2015-04-20,28.32240104675293,36.604774475097656,46.69656753540039,53.760501861572266,73.12255859375,60.047584533691406,59.67042922973633,28.423734664916992,0.530839741230011,97.79255676269531
2015-04-21,28.169252395629883,36.374446868896484,46.00985336303711,53.53865051269531,73.18820190429688,60.19974899291992,60.251277923583984,28.507631301879883,0.5301185846328735,97.30459594726562
2015-04-22,28.548803329467773,36.673011779785156,46.47505569458008,53.89608383178711,73.2830810546875,60.20701217651367,62.70372772216797,28.878129959106445,0.5361265540122986,97.53954315185547
2015-04-23,28.78186798095703,36.971595764160156,46.371665954589844,53.94538116455078,73.30497741699219,59.128135681152344,62.436370849609375,28.62647819519043,0.5339635610580444,98.49740600585938
2015-04-24,28.91727066040039,40.835941314697266,46.224002838134766,53.59412384033203,73.75740051269531,59.1646728515625,62.21508026123047,28.584524154663086,0.5293977856636047,98.9763412475586
2015-04-27,29.443334579467773,40.9724235534668,46.03201675415039,53.618778228759766,73.39253997802734,58.872501373291016,61.86473083496094,28.542591094970703,0.53348308801651,99.5456314086914
2015-04-28,28.97941780090332,41.936397552490234,46.3421516418457,54.10560607910156,73.50929260253906,58.741031646728516,61.560489654541016,28.500640869140625,0.5361265540122986,99.3287582397461
2015-04-29,28.55324935913086,41.8510856628418,46.9624137878418,54.14875030517578,73.2538833618164,58.32467269897461,62.086021423339844,28.304903030395508,0.5320413112640381,99.22935485839844
2015-04-30,27.778600692749023,41.4927978515625,46.71135711669922,53.840606689453125,72.38557434082031,58.07632827758789,60.89665222167969,28.353837966918945,0.53348308801651,98.24436950683594
2015-05-01,28.62205696105957,41.50986099243164,46.96979522705078,54.752647399902344,73.06417846679688,58.64609909057617,60.638519287109375,28.598499298095703,0.5467000007629395,99.8709487915039
2015-05-04,28.566558837890625,41.151588439941406,47.78942108154297,54.912872314453125,73.22469329833984,58.689903259277344,60.46332550048828,28.633464813232422,0.5433356165885925,100.33180236816406
2015-05-05,27.922876358032227,40.60561752319336,47.553123474121094,54.60475158691406,72.6044692993164,58.485374450683594,60.81367492675781,28.486658096313477,0.5293977856636047,100.13301086425781
2015-05-06,27.747528076171875,39.47957229614258,47.19868469238281,54.34595489501953,72.36367797851562,58.72641372680664,60.546295166015625,28.423734664916992,0.5310798287391663,99.14801788330078
2015-05-07,27.919143676757812,39.837867736816406,47.62697219848633,53.98233413696289,72.72122192382812,58.58033752441406,61.38531494140625,28.451702117919922,0.5404518842697144,98.73234558105469
2015-05-08,28.445171356201172,40.73356628417969,48.35798645019531,54.83891296386719,74.04197692871094,59.13546371459961,64.04981231689453,28.647445678710938,0.5005607604980469,99.50044250488281
2015-05-11,28.155418395996094,40.40940856933594,48.328453063964844,53.919334411621094,73.72088623046875,58.631465911865234,63.634910583496094,28.619482040405273,0.4957548677921295,98.13594818115234
2015-05-12,28.055110931396484,40.39234161376953,48.26198196411133,54.06847381591797,73.31226348876953,58.397727966308594,63.33069610595703,28.44471549987793,0.5005607604980469,98.71427917480469
2015-05-13,28.08631706237793,40.631221771240234,48.38014602661133,53.782649993896484,73.37063598632812,58.21510696411133,63.40456008911133,28.696382522583008,0.5034446120262146,98.66910552978516
2015-05-14,28.741615295410156,41.56104278564453,48.771480560302734,54.03739929199219,74.30464935302734,58.850582122802734,64.65142059326172,29.010955810546875,0.5116150379180908,99.33780670166016
2015-05-15,28.701496124267578,41.2027702331543,48.64595031738281,54.27352523803711,74.64759826660156,59.201194763183594,64.25428771972656,29.024934768676758,0.5118554830551147,99.6721420288086
2015-05-18,29.017993927001953,40.95536804199219,49.04469299316406,53.96284103393555,75.46488952636719,58.974769592285156,64.65142059326172,28.885122299194336,0.5111344456672668,99.69927215576172
2015-05-19,28.99125099182129,40.852352142333984,49.48035430908203,54.04983901977539,75.85892486572266,59.04051971435547,64.7991714477539,28.878129959106445,0.5079477429389954,99.9070816040039
2015-05-20,28.98902130126953,40.852352142333984,49.08902359008789,54.13681411743164,75.59620666503906,58.78483200073242,64.44823455810547,28.906095504760742,0.5079477429389954,99.58177947998047
2015-05-21,29.285457611083984,40.7149658203125,49.21453094482422,54.186527252197266,75.28014373779297,58.73374938964844,64.0695571899414,28.822216033935547,0.5043261647224426,99.75348663330078
2015-05-22,29.541778564453125,40.26848220825195,49.08161163330078,53.75780487060547,74.49370574951172,58.397727966308594,64.30043029785156,28.808229446411133,0.5036020278930664,99.635986328125
2015-05-26,28.890953063964844,40.00233840942383,48.53520202636719,53.03083419799805,74.10415649414062,57.80609130859375,63.30295944213867,28.654438018798828,0.5004636645317078,98.8949966430664
2015-05-27,29.43034553527832,40.878108978271484,49.08161163330078,52.881717681884766,74.33200073242188,57.988704681396484,64.1803970336914,28.745302200317383,0.5272612571716309,99.73539733886719
2015-05-28,29.37238883972168,40.740718841552734,48.88225173950195,52.881717681884766,74.34668731689453,57.944862365722656,64.24504089355469,28.75929069519043,0.5345038175582886,99.87997436523438
2015-05-29,29.038061141967773,40.2341423034668,48.572120666503906,52.93764114379883,73.60430908203125,57.258243560791016,63.43227767944336,28.633464813232422,0.534262478351593,99.73539733886719
2015-06-01,29.096017837524414,40.551822662353516,48.79364013671875,52.894142150878906,73.53083038330078,57.594234466552734,63.82939147949219,28.619482040405273,0.5402979254722595,100.26854705810547
2015-06-02,28.96673583984375,40.285667419433594,48.749332427978516,52.90035629272461,73.48674011230469,57.36781692504883,63.7647590637207,28.654438018798828,0.529675304889679,100.07879638671875
2015-06-03,29.002389907836914,40.22555923461914,49.25144577026367,52.78230667114258,73.56757354736328,57.38241958618164,63.681644439697266,28.57054328918457,0.5238813161849976,100.45831298828125
2015-06-04,28.83299446105957,39.80484390258789,48.97823715209961,52.32872772216797,72.93547058105469,57.08293533325195,62.998191833496094,28.37480354309082,0.5332968235015869,99.6721420288086
2015-06-05,28.67474937438965,39.61595153808594,49.78308868408203,52.36600875854492,72.4650650024414,56.55704879760742,63.14598083496094,28.032262802124023,0.5374011397361755,99.6721420288086
2015-06-08,28.48529052734375,39.2639274597168,49.39173889160156,52.72016143798828,72.00200653076172,56.761566162109375,62.50869369506836,28.074207305908203,0.5250881910324097,98.75946807861328
2015-06-09,28.40058708190918,39.19523239135742,49.60588073730469,52.55241012573242,72.18572998046875,57.630760192871094,62.7580451965332,28.10218620300293,0.5277441740036011,98.06365203857422
2015-06-10,28.72601318359375,40.01948165893555,50.403358459472656,52.94384765625,72.67820739746094,58.09825134277344,64.3096694946289,28.193056106567383,0.5183285474777222,99.40105438232422
2015-06-11,28.661375045776367,39.87352752685547,50.59532928466797,52.86929702758789,72.94279479980469,58.00328826904297,64.31888580322266,28.263532638549805,0.5238813161849976,99.96131134033203
2015-06-12,28.344873428344727,39.47000503540039,50.39595413208008,52.20446014404297,72.28865051269531,57.608863830566406,64.03260040283203,28.16486167907715,0.509637713432312,99.35585021972656
2015-06-15,28.28915023803711,39.04928207397461,50.2039794921875,52.0180778503418,71.65653228759766,57.06103515625,63.33069610595703,27.904075622558594,0.5086718201637268,99.56370544433594
2015-06-16,28.440704345703125,39.34978103637695,50.484596252441406,52.61454772949219,72.29601287841797,57.77684783935547,63.73704528808594,28.249433517456055,0.514948844909668,100.35890197753906
2015-06-17,28.37384605407715,39.47000503540039,50.31474304199219,52.64561080932617,72.56796264648438,58.49269485473633,63.496910095214844,28.383363723754883,0.5209842920303345,100.74747467041016
2015-06-18,28.503116607666016,40.11393737792969,50.78734588623047,53.11160659790039,73.76602935791016,59.033206939697266,64.18965911865234,28.651199340820312,0.529675304889679,102.31077575683594
2015-06-19,28.217819213867188,39.58161926269531,50.270450592041016,52.94384765625,73.3985366821289,58.828678131103516,63.441497802734375,28.474992752075195,0.5279852747917175,101.76859283447266
2015-06-22,28.44293785095215,39.6932258605957,50.920230865478516,52.91901397705078,73.56757354736328,58.76293182373047,63.810943603515625,28.531373977661133,0.525812566280365,102.59092712402344
2015-06-23,28.313669204711914,39.41847229003906,51.503578186035156,52.85686111450195,73.33969116210938,58.28086853027344,64.11572265625,28.460891723632812,0.5122931599617004,103.38613891601562
2015-06-24,28.554378509521484,39.18665313720703,50.96455001831055,52.61454772949219,73.00894927978516,58.07632827758789,63.59853744506836,28.32697105407715,0.5072234272956848,102.80779266357422
2015-06-25,28.418424606323242,39.19523239135742,50.69132995605469,52.148555755615234,72.85459899902344,57.988704681396484,63.376869201660156,28.207151412963867,0.5110862255096436,103.42227172851562
2015-06-26,28.251249313354492,38.860374450683594,50.912841796875,52.10504913330078,73.23682403564453,57.95215606689453,63.496910095214844,28.193056106567383,0.5007052421569824,103.91023254394531
2015-06-29,27.756441116333008,38.09621810913086,49.62065124511719,51.4588623046875,71.79621124267578,57.20712661743164,61.62204360961914,27.770160675048828,0.4857370853424072,102.15716552734375
2015-06-30,27.957042694091797,37.907344818115234,50.03417205810547,51.694976806640625,71.6344985961914,57.1486701965332,62.01918029785156,27.650346755981445,0.48549556732177734,103.14215087890625
2015-07-01,28.217819213867188,38.16490936279297,50.59157943725586,51.17927932739258,72.3768539428711,58.229736328125,62.66569900512695,27.84063720703125,0.4924968481063843,104.64183044433594
2015-07-02,28.182159423828125,38.12199020385742,50.18279266357422,51.657691955566406,72.35477447509766,58.38309097290039,63.02590560913086,27.83359718322754,0.4929794669151306,104.49639129638672
2015-07-06,28.084091186523438,38.1133918762207,50.041587829589844,51.27867889404297,72.17842864990234,58.47077941894531,62.91509246826172,27.78426742553711,0.48694416880607605,105.159912109375
2015-07-07,28.01499366760254,38.03612518310547,49.647666931152344,51.48992919921875,72.7076187133789,59.6905632019043,62.59178161621094,28.369264602661133,0.4777701199054718,106.43235778808594
2015-07-08,27.319576263427734,37.9846076965332,48.629459381103516,50.93073272705078,71.86233520507812,59.15736389160156,61.63127136230469,28.094385147094727,0.47439026832580566,104.69636535644531
2015-07-09,26.762353897094727,38.225006103515625,49.13485336303711,50.700836181640625,72.32542419433594,58.91633987426758,61.92681121826172,28.136672973632812,0.4685961604118347,105.06902313232422
2015-07-10,27.477828979492188,38.30229568481445,49.833492279052734,51.08607482910156,73.15597534179688,59.128135681152344,63.192134857177734,28.467937469482422,0.47680428624153137,105.8324966430664
2015-07-13,28.008302688598633,39.100799560546875,50.606441497802734,51.21034240722656,73.69988250732422,59.82937240600586,64.20806884765625,28.658235549926758,0.4799429476261139,107.29582977294922
2015-07-14,27.997159957885742,39.16946792602539,51.31250762939453,51.639068603515625,73.33969116210938,59.92432403564453,64.7437744140625,29.0176944732666,0.4801843762397766,107.11404418945312
2015-07-15,28.26685905456543,39.289676666259766,51.42399597167969,51.42158889770508,73.81012725830078,60.00466537475586,64.66986846923828,28.98950958251953,0.47680428624153137,107.52304077148438
2015-07-16,28.64354133605957,40.062416076660156,51.698974609375,51.514801025390625,74.3172836303711,60.11423110961914,65.17784881591797,29.23619270324707,0.4874269962310791,108.22288513183594
2015-07-17,28.890953063964844,40.02808380126953,51.438865661621094,51.32838821411133,73.56023406982422,60.07040786743164,65.46414947509766,29.074081420898438,0.4845298230648041,108.03202819824219
2015-07-20,29.437026977539062,40.285667419433594,51.47602081298828,50.80027389526367,73.77339935302734,60.033870697021484,67.14513397216797,29.165708541870117,0.4755973815917969,108.68643188476562
2015-07-21,29.142812728881836,40.59475326538086,51.35710144042969,50.73811721801758,73.75128936767578,59.624847412109375,66.5170669555664,29.031797409057617,0.4777701199054718,108.4410171508789
2015-07-22,27.910221099853516,39.100799560546875,52.08545684814453,50.81889343261719,73.63373565673828,59.52395248413086,66.47090148925781,28.827404022216797,0.4685961604118347,108.45921325683594
2015-07-23,27.89685821533203,39.5901985168457,51.75844955444336,50.41503143310547,73.6484146118164,59.42822265625,66.26773071289062,28.785106658935547,0.47439026832580566,107.97750091552734
2015-07-24,27.749755859375,39.44422149658203,51.21588134765625,49.66942596435547,72.87667083740234,59.12629699707031,69.08466339111328,28.50316619873047,0.4688376486301422,108.07747650146484
2015-07-27,27.364152908325195,38.937644958496094,50.54698181152344,49.24691390991211,72.2372055053711,58.89065933227539,68.21649932861328,28.573652267456055,0.4661819040775299,107.47760772705078
2015-07-28,27.500118255615234,38.9290771484375,50.57670211791992,51.247615814208984,72.78111267089844,59.08210372924805,69.02923583984375,28.580713272094727,0.47632166743278503,107.66847229003906
2015-07-29,27.413188934326172,39.7447395324707,51.23817825317383,51.657691955566406,73.30297088623047,59.36933135986328,70.20219421386719,28.608898162841797,0.48211580514907837,108.92276000976562
2015-07-30,27.27500343322754,40.251319885253906,51.31250762939453,51.576927185058594,73.38381958007812,56.990692138671875,70.54393005371094,28.5877628326416,0.4833228588104248,109.09542846679688
2015-07-31,27.0365047454834,40.096771240234375,50.933467864990234,49.21584701538086,73.65579986572266,56.48257827758789,69.5833969116211,28.95426368713379,0.4816328287124634,109.06817626953125
2015-08-03,26.3990421295166,40.191219329833984,50.933467864990234,48.501319885253906,73.51612854003906,56.26166534423828,69.98052215576172,29.278484344482422,0.4898412227630615,110.08615112304688
2015-08-04,25.552059173583984,40.817996978759766,50.88143539428711,47.948326110839844,73.35440063476562,55.90081787109375,69.51873779296875,29.49697494506836,0.4917724132537842,110.60423278808594
2015-08-05,25.721452713012695,40.852352142333984,51.082130432128906,47.948326110839844,73.8836441040039,55.7977180480957,69.25089263916016,29.687292098999023,0.4968423545360565,100.46086883544922
2015-08-06,25.777429580688477,40.02808380126953,50.725337982177734,48.519954681396484,72.81786346435547,55.775638580322266,67.95787048339844,29.546329498291016,0.49370384216308594,98.66126251220703
2015-08-07,25.864749908447266,40.131103515625,50.57670211791992,47.737060546875,72.65616607666016,55.58415985107422,68.53974151611328,29.440593719482422,0.5547829866409302,99.38838195800781
2015-08-10,26.805124282836914,40.6376953125,51.20102310180664,48.93004608154297,73.34705352783203,56.246952056884766,68.69674682617188,29.377166748046875,0.5740966796875,100.8880615234375
2015-08-11,25.410240173339844,39.84778594970703,50.71051788330078,48.5976448059082,72.77375793457031,56.129112243652344,67.7546615600586,29.23619270324707,0.5711997747421265,98.1613540649414
2015-08-12,25.802061080932617,40.131103515625,49.97470474243164,49.41294479370117,72.5532455444336,56.25428009033203,68.03221130371094,29.081138610839844,0.5726481676101685,97.24337005615234
2015-08-13,25.78191375732422,40.12252426147461,50.205108642578125,49.325138092041016,72.38420104980469,55.80509567260742,68.39298248291016,28.968364715576172,0.5678195357322693,97.7250747680664
2015-08-14,25.963274002075195,40.354339599609375,50.45779800415039,49.14326858520508,72.62677764892578,55.687255859375,68.6612777709961,29.074081420898438,0.5683028697967529,97.39789581298828
2015-08-17,26.23194694519043,40.62909698486328,50.59157943725586,49.400394439697266,73.40589904785156,55.620994567871094,68.83704376220703,29.144573211669922,0.5646812915802002,99.11570739746094
2015-08-18,26.08416748046875,40.85382080078125,50.69562911987305,48.85477828979492,73.03838348388672,55.3264045715332,68.89253234863281,29.109325408935547,0.5595415234565735,97.19795227050781
2015-08-19,25.750568389892578,40.28339385986328,50.24225616455078,47.80745315551758,72.99427032470703,54.58264923095703,68.82779693603516,28.742813110351562,0.5573598742485046,96.75257110595703
2015-08-20,25.222166061401367,39.46234893798828,49.00851058959961,46.766380310058594,72.612060546875,54.428001403808594,68.41150665283203,28.580713272094727,0.5372374653816223,90.90833282470703
2015-08-21,23.67949867248535,37.223880767822266,47.26935577392578,45.23612976074219,70.7752914428711,52.90364074707031,65.85824584960938,27.86178970336914,0.5205096006393433,89.83580780029297
2015-08-24,23.08840560913086,36.02256393432617,44.77952194213867,43.09756088256836,68.74593353271484,50.91533279418945,63.240169525146484,27.051239013671875,0.5020847916603088,86.6728515625
2015-08-25,23.22722816467285,34.97679901123047,44.526832580566406,43.091285705566406,67.197998046875,50.3851318359375,61.95428466796875,26.77635955810547,0.49165961146354675,87.15457153320312
2015-08-26,24.559423446655273,36.91276550292969,46.75651931762695,45.46819305419922,70.44197845458984,52.21141052246094,65.39566802978516,27.297929763793945,0.5287525057792664,90.19029235839844
2015-08-27,25.282615661621094,37.941246032714844,47.92338943481445,46.94198226928711,71.26411437988281,52.6385383605957,66.97759246826172,27.67853546142578,0.5486320853233337,92.86245727539062
2015-08-28,25.365459442138672,37.967166900634766,47.66325378417969,47.079959869384766,70.4864273071289,52.439693450927734,67.0331039428711,27.805391311645508,0.551056444644928,93.14423370361328
2015-08-31,25.24679946899414,37.61281967163086,47.64095687866211,47.18656539916992,69.60508728027344,52.04204559326172,65.95997619628906,27.713769912719727,0.5449955463409424,92.59886932373047
2015-09-01,24.11834144592285,36.14356231689453,45.67140579223633,45.204776763916016,68.20527648925781,50.73857498168945,63.795230865478516,27.312009811401367,0.522691547870636,90.4448013305664
2015-09-02,25.152759552001953,37.47453689575195,46.503822326660156,45.925994873046875,69.1384506225586,51.40871810913086,64.4057846069336,27.41775131225586,0.5384499430656433,92.60797119140625
2015-09-03,24.711681365966797,37.59553146362305,46.58557891845703,46.277198791503906,68.61262512207031,51.497093200683594,65.12737274169922,27.60100746154785,0.5399045348167419,92.69888305664062
2015-09-04,24.465391159057617,36.826332092285156,45.70856475830078,45.44309997558594,67.62755584716797,50.635501861572266,63.98027801513672,27.14991569519043,0.5272975564002991,91.77180480957031
2015-09-08,25.14603614807129,37.932594299316406,46.94232940673828,46.09532928466797,69.57544708251953,51.533912658691406,65.24764251708984,27.41775131225586,0.54984450340271,94.53485107421875
2015-09-09,24.662418365478516,37.223880767822266,46.21397018432617,45.154605865478516,68.30155944824219,50.42931365966797,64.38729858398438,26.994850158691406,0.538934588432312,92.62613677978516
2015-09-10,25.204254150390625,37.41404342651367,46.57071304321289,45.480735778808594,68.6718978881836,50.31147384643555,64.9701156616211,27.079425811767578,0.5474199652671814,93.25328063964844
2015-09-11,25.571449279785156,37.5782470703125,46.496402740478516,45.587345123291016,68.82740020751953,50.3851318359375,65.4604263305664,27.10786247253418,0.5491170287132263,94.96204376220703
2015-09-14,25.81773567199707,37.197975158691406,46.362606048583984,45.4619140625,69.11626434326172,50.12002182006836,64.76663208007812,27.086538314819336,0.5500868558883667,94.36214447021484
2015-09-15,26.0349178314209,38.0103874206543,47.254493713378906,45.69395446777344,69.91613006591797,51.143619537353516,65.2291488647461,27.370914459228516,0.5561473369598389,94.00767517089844
2015-09-16,26.06402587890625,38.28695297241211,47.670684814453125,46.5970458984375,70.07167053222656,51.62228775024414,65.67318725585938,27.833019256591797,0.5600267052650452,94.48938751220703
2015-09-17,25.50650978088379,38.24372863769531,46.56328582763672,46.6973991394043,70.24203491210938,51.725379943847656,65.64544677734375,27.996536254882812,0.5651177167892456,94.70753479003906
2015-09-18,25.401287078857422,37.5782470703125,45.2923583984375,45.58106994628906,69.1680908203125,51.50446319580078,64.56307983398438,27.712156295776367,0.5646329522132874,93.47142028808594
2015-09-21,25.79534339904785,38.122737884521484,45.67140579223633,46.02635955810547,68.97552490234375,52.027313232421875,65.4789047241211,27.861452102661133,0.570451557636261,93.98950958251953
2015-09-22,25.39008331298828,37.941246032714844,45.27007293701172,45.61870193481445,69.05699157714844,51.688560485839844,64.98861694335938,27.577083587646484,0.5549353361129761,93.15331268310547
2015-09-23,25.596073150634766,37.915306091308594,45.069393157958984,45.342750549316406,68.87183380126953,51.74009704589844,65.63619232177734,27.55575180053711,0.5576022267341614,92.3171157836914
2015-09-24,25.748323440551758,37.94988250732422,44.75722885131836,45.612430572509766,68.49413299560547,52.5501708984375,64.97937774658203,27.833019256591797,0.5682696104049683,91.45368194580078
2015-09-25,25.68338966369629,37.97581100463867,45.686279296875,45.925994873046875,67.39795684814453,53.51485061645508,65.39566802978516,28.167156219482422,0.5723906755447388,91.16281127929688
2015-09-28,25.17514991760254,37.41404342651367,44.578861236572266,45.53090286254883,67.67200469970703,52.85208511352539,62.16703414916992,28.103166580200195,0.5648753046989441,89.5177001953125
2015-09-29,24.418371200561523,37.543670654296875,44.474815368652344,45.7629280090332,68.90887451171875,53.227664947509766,63.39744567871094,28.19559669494629,0.5748152136802673,90.36296844482422
2015-09-30,24.69600486755371,38.25236892700195,45.314666748046875,46.628414154052734,69.1384506225586,52.977272033691406,64.44281768798828,28.52260971069336,0.5976039171218872,92.88973999023438
2015-10-01,24.534801483154297,38.55485916137695,45.64910888671875,46.4465217590332,69.00515747070312,52.984642028808594,64.74810028076172,28.295124053955078,0.5859672427177429,93.3169174194336
2015-10-02,24.713912963867188,39.38454818725586,45.52184295654297,47.587928771972656,69.56803894042969,53.33076095581055,65.3771743774414,28.71457290649414,0.6012406349182129,93.6168441772461
2015-10-05,24.80347442626953,40.30067825317383,46.42763900756836,48.17116928100586,70.18277740478516,53.91987991333008,66.82034301757812,29.15534210205078,0.6162717342376709,94.38941955566406
2015-10-06,24.922142028808594,40.404396057128906,46.45009994506836,48.84852600097656,69.19029998779297,54.05244064331055,66.68157196044922,29.11980628967285,0.6242720484733582,94.31669616699219
2015-10-07,24.80347442626953,40.44761276245117,46.5099983215332,49.67005920410156,70.345703125,54.28811264038086,67.73619842529297,29.517927169799805,0.6308180093765259,93.97130584716797
2015-10-08,24.516881942749023,41.009368896484375,46.5099983215332,50.190608978271484,70.4197769165039,54.78884506225586,68.36524200439453,29.844959259033203,0.6344544887542725,95.0802001953125
2015-10-09,25.10349464416504,40.71554183959961,46.36027526855469,49.70770263671875,70.63455963134766,54.847774505615234,68.43926239013672,29.87339973449707,0.6320300698280334,95.94363403320312
2015-10-12,24.98706817626953,40.62045669555664,46.203067779541016,49.732784271240234,71.09374237060547,54.7372932434082,69.37361907958984,29.859172821044922,0.6388182640075684,96.66165161132812
2015-10-13,25.029613494873047,40.52539825439453,46.075809478759766,49.644996643066406,70.69379425048828,54.57529067993164,69.38288879394531,29.610349655151367,0.6400303244590759,96.87981414794922
2015-10-14,24.675853729248047,40.343894958496094,44.90800094604492,50.27213668823242,70.0124282836914,54.648921966552734,68.64276123046875,29.631683349609375,0.6633041501045227,96.09815216064453
2015-10-15,25.045284271240234,40.62909698486328,46.33030700683594,51.09996795654297,71.95287322998047,54.693115234375,69.6974105834961,29.802297592163086,0.6650012731552124,98.0613784790039
2015-10-16,24.8616886138916,41.061241149902344,46.734561920166016,51.72711181640625,72.76020050048828,55.157047271728516,70.3079605102539,29.87339973449707,0.6754260063171387,98.37950134277344
2015-10-19,25.016176223754883,41.156288146972656,46.57735824584961,50.792667388916016,72.53797912597656,55.34852600097656,71.22380828857422,29.852067947387695,0.6742139458656311,99.49744415283203
2015-10-20,25.472930908203125,41.28593826293945,46.80194091796875,50.69232177734375,72.27877807617188,54.81092834472656,70.56700134277344,30.06534194946289,0.6732439994812012,99.83374786376953
2015-10-21,25.470691680908203,40.79331588745117,46.457584381103516,50.3034782409668,72.30839538574219,54.679439544677734,69.80841064453125,29.99424934387207,0.6645162105560303,100.06096649169922
2015-10-22,25.860275268554688,41.51065444946289,47.303489685058594,51.9842414855957,73.71561431884766,55.61564254760742,70.696533203125,30.740726470947266,0.6885173320770264,102.93310546875
2015-10-23,26.661828994750977,45.69369125366211,47.81253433227539,52.04069900512695,74.29329681396484,57.23542022705078,71.29783630371094,30.420814514160156,0.6931239366531372,102.78766632080078
2015-10-26,25.81101417541504,46.886383056640625,47.834999084472656,50.93690490722656,74.0192642211914,57.57724380493164,72.32469940185547,30.27863121032715,0.6899722218513489,103.1784896850586
2015-10-27,25.647573471069336,46.40238571166992,47.640357971191406,50.85536575317383,74.20441436767578,57.428627014160156,71.71411895751953,30.2928409576416,0.6894873976707458,103.40570831298828
2015-10-28,26.704370498657227,46.65304183959961,49.032737731933594,51.6016731262207,74.41921997070312,56.84905242919922,72.9630355834961,30.378150939941406,0.6950633525848389,103.92379760742188
2015-10-29,26.986486434936523,46.117183685302734,48.81564712524414,51.57032775878906,75.07838439941406,57.2280158996582,72.6300048828125,30.420814514160156,0.671062171459198,104.56001281738281
2015-10-30,26.755870819091797,45.49492263793945,48.09700393676758,51.890174865722656,74.82656860351562,56.75248336791992,71.76963806152344,30.10799217224121,0.6877900958061218,103.37844848632812
2015-11-02,27.132020950317383,46.01347351074219,49.062686920166016,53.48311996459961,75.67089080810547,56.915931701660156,69.58638763427734,30.02980613708496,0.6957903504371643,104.56001281738281
2015-11-03,27.443239212036133,46.79996109008789,49.24233627319336,54.46774673461914,75.5153579711914,57.250301361083984,72.06568908691406,29.97292709350586,0.6909419298171997,105.01448822021484
2015-11-04,27.315616607666016,47.01601791381836,49.29474639892578,53.9221305847168,75.50053405761719,57.257720947265625,72.48197937011719,29.837846755981445,0.6795476675033569,102.93310546875
2015-11-05,27.1896915435791,46.99874496459961,49.73642349243164,53.1883659362793,75.78938293457031,56.759883880615234,73.32382202148438,30.09378433227539,0.6717894077301025,102.70587158203125
2015-11-06,27.221168518066406,47.46542739868164,51.24857711791992,52.97513198852539,75.48573303222656,56.150611877441406,72.8520278930664,29.830732345581055,0.7648847699165344,105.13263702392578
2015-11-09,27.110998153686523,46.80859375,50.447593688964844,51.8427734375,74.68582916259766,56.02429962158203,72.1952133178711,29.53215217590332,0.7614910006523132,105.8143081665039
2015-11-10,26.25653076171875,46.246822357177734,50.664676666259766,52.09580612182617,75.13762664794922,56.29920959472656,73.65948486328125,29.695659637451172,0.7469444274902344,106.72322082519531
2015-11-11,26.108137130737305,46.367820739746094,50.41763687133789,51.63399887084961,75.44127655029297,56.44040298461914,73.38145446777344,29.887619018554688,0.7396714687347412,105.90519714355469
2015-11-12,26.020429611206055,46.08261489868164,49.40702438354492,50.23591995239258,74.2636947631836,55.47447204589844,72.57516479492188,29.560585021972656,0.7370046377182007,105.6234359741211
2015-11-13,25.260425567626953,45.66777420043945,49.07765197753906,49.40720748901367,73.97483825683594,54.954341888427734,72.38982391357422,29.41839027404785,0.7224583625793457,104.37825012207031
2015-11-16,25.674158096313477,46.47153091430664,49.7888298034668,51.178504943847656,74.9673080444336,55.94999694824219,73.12195587158203,29.830732345581055,0.7370046377182007,105.35987091064453
2015-11-17,25.563983917236328,46.08870315551758,49.50436019897461,50.5838508605957,75.17463684082031,55.77910232543945,73.05709838867188,29.62456703186035,0.7370046377182007,105.55072784423828
2015-11-18,26.373464584350586,46.85438919067383,50.492488861083984,51.07729721069336,76.04120635986328,56.39580154418945,74.56771850585938,30.058229446411133,0.7551345825195312,107.37762451171875
2015-11-19,26.708494186401367,46.932682037353516,50.64970016479492,50.798954010009766,75.90789031982422,56.63359451293945,74.28041076660156,30.648311614990234,0.7573249340057373,107.89569091796875
2015-11-20,26.825429916381836,47.15020751953125,50.55986022949219,50.47629928588867,76.46000671386719,56.33636474609375,74.31752014160156,30.16486930847168,0.7638955116271973,109.13179779052734
2015-11-23,26.476898193359375,47.15020751953125,50.065799713134766,50.78628921508789,76.67637634277344,56.447845458984375,74.24333190917969,30.541677474975586,0.7524577975273132,108.541015625
2015-11-24,26.730987548828125,47.2024040222168,49.990943908691406,51.7984733581543,76.13172149658203,56.80449676513672,73.94676208496094,30.826053619384766,0.7585416436195374,107.20491790771484
2015-11-25,26.539859771728516,46.715152740478516,50.05082702636719,51.39992904663086,76.07202911376953,56.39580154418945,73.733642578125,30.826053619384766,0.757568359375,107.8593521118164
2015-11-27,26.490386962890625,46.923973083496094,50.282894134521484,51.38727951049805,76.37793731689453,56.24720764160156,73.99311828613281,30.912017822265625,0.7638955116271973,104.64183044433594
2015-11-30,26.600566864013672,47.28941345214844,49.91605758666992,51.6592903137207,75.53483581542969,55.60819625854492,73.22392272949219,30.532325744628906,0.7719262838363647,103.133056640625
2015-12-01,26.38470458984375,48.04640197753906,50.61226272583008,51.80480194091797,76.37046813964844,56.42552947998047,74.0580062866211,30.725749969482422,0.7969921827316284,104.87813568115234
2015-12-02,26.146358489990234,48.03770446777344,49.90110397338867,50.32449722290039,76.13917541503906,56.314090728759766,73.25169372558594,30.639780044555664,0.7909080386161804,103.6147689819336
2015-12-03,25.903518676757812,47.158912658691406,49.257320404052734,49.60329818725586,75.1991195678711,56.276920318603516,72.55662536621094,30.41770362854004,0.7892045974731445,101.69699096679688
2015-12-04,26.764713287353516,48.646759033203125,50.821876525878906,49.88799285888672,76.81066131591797,57.829864501953125,74.51211547851562,31.012304306030273,0.8213275074958801,103.83289337158203
2015-12-07,26.596073150634766,48.55976486206055,50.15562438964844,48.584800720214844,77.08673095703125,58.231101989746094,73.72433471679688,30.947837829589844,0.8057531118392944,103.46025085449219
2015-12-08,26.584835052490234,48.54233932495117,49.3770866394043,47.21201705932617,76.41523742675781,57.770408630371094,73.27950286865234,30.811716079711914,0.8167038559913635,102.23323059082031
2015-12-09,25.997955322265625,47.83757781982422,49.00279235839844,47.84463882446289,76.21377563476562,57.733272552490234,72.17664337158203,30.56098175048828,0.7960185408592224,101.31524658203125
2015-12-10,26.12162971496582,48.08991622924805,49.11509704589844,47.88259506225586,76.57939147949219,57.800148010253906,72.39910125732422,30.632619857788086,0.8025891780853271,101.31525421142578
2015-12-11,25.449302673339844,47.03709030151367,47.96224594116211,47.0285758972168,75.86311340332031,57.79271697998047,70.53626251220703,30.281587600708008,0.7906646132469177,98.82717895507812
2015-12-14,25.291902542114258,47.9767951965332,48.111968994140625,48.097686767578125,76.21377563476562,58.17163848876953,71.24063873291016,30.41054916381836,0.7926117777824402,100.02547454833984
2015-12-15,24.84443473815918,48.028987884521484,49.481876373291016,50.248573303222656,77.69107055664062,59.20446014404297,72.86248016357422,30.854692459106445,0.802345871925354,102.59587860107422
2015-12-16,25.03555679321289,48.83818817138672,50.5523796081543,50.071449279785156,78.52668762207031,60.177833557128906,74.01163482666016,31.40631675720215,0.8072128295898438,104.08688354492188
2015-12-17,24.50490379333496,48.464054107666016,49.61664581298828,49.3186149597168,77.32546997070312,59.657711029052734,72.9273681640625,31.15558624267578,0.7950452566146851,102.45866394042969
2015-12-18,23.841581344604492,47.09800720214844,48.20928192138672,48.8884391784668,76.06456756591797,58.052772521972656,70.73088836669922,30.446359634399414,0.7821473479270935,98.53446960449219
2015-12-21,24.13388442993164,47.70707702636719,49.062686920166016,48.87580871582031,75.78854370117188,58.66204071044922,71.5186538696289,30.64695167541504,0.8006423115730286,97.5008316040039
2015-12-22,24.11140251159668,48.159523010253906,49.16748046875,49.12252426147461,76.63158416748047,59.145015716552734,71.71329498291016,31.012304306030273,0.8013725280761719,97.6380386352539
2015-12-23,24.421709060668945,48.56845474243164,49.9535026550293,50.72936248779297,77.21356201171875,59.382781982421875,72.80683898925781,31.284530639648438,0.8045360445976257,96.55866241455078
2015-12-24,24.29129409790039,48.43793869018555,49.8561897277832,50.185306549072266,77.3851547241211,59.286197662353516,72.52882385253906,31.191404342651367,0.8072128295898438,96.83307647705078
2015-12-28,24.01921272277832,48.68156433105469,49.69150924682617,49.812076568603516,77.01213836669922,59.382781982421875,72.77906036376953,31.15558624267578,0.80648273229599,98.10454559326172
2015-12-29,24.45093536376953,49.20362091064453,50.208038330078125,50.07777786254883,77.616455078125,59.70973205566406,73.40924072265625,31.313186645507812,0.8196242451667786,97.94906616210938
2015-12-30,24.131649017333984,48.99479293823242,49.84870910644531,49.413509368896484,77.42993927001953,59.49424362182617,72.61221313476562,31.212892532348633,0.8125666379928589,97.27215576171875
2015-12-31,23.668439865112305,48.27262496948242,49.42949295043945,49.312294006347656,76.63907623291016,59.00386047363281,71.8708267211914,30.77590560913086,0.8021023869514465,96.11958312988281
2016-01-04,23.68866729736328,47.68095779418945,47.94486618041992,49.00231170654297,74.96781158447266,58.231101989746094,70.15631866455078,30.374711990356445,0.7877445220947266,94.19866943359375
2016-01-05,23.095048904418945,47.89847946166992,48.02777099609375,49.41983413696289,75.28116607666016,58.41685485839844,70.6845474243164,30.482179641723633,0.8003991842269897,92.29603576660156
2016-01-06,22.643089294433594,47.02839279174805,47.334449768066406,49.008644104003906,74.90066528320312,57.852149963378906,69.75779724121094,30.31740951538086,0.7673026323318481,91.80207061767578
2016-01-07,21.687442779541016,45.39262771606445,45.4202766418457,48.22420883178711,74.02771759033203,57.34688949584961,68.38616943359375,29.81593894958496,0.7368829846382141,91.01541137695312
2016-01-08,21.802120208740234,45.531837463378906,44.40288543701172,47.24997329711914,73.23687744140625,56.447845458984375,67.54280090332031,29.73714256286621,0.7210647463798523,90.78671264648438
2016-01-11,22.155147552490234,45.50574493408203,44.335079193115234,46.617374420166016,72.79664611816406,56.967926025390625,68.50666046142578,29.787290573120117,0.7222815752029419,91.39960479736328
2016-01-12,22.476694107055664,45.923377990722656,44.43303298950195,47.572601318359375,73.29656982421875,56.84905242919922,69.28512573242188,30.174135208129883,0.7344493269920349,92.80828857421875
2016-01-13,21.898813247680664,44.93147277832031,43.21218490600586,47.857295989990234,72.38630676269531,56.35865783691406,67.7467041015625,29.9807071685791,0.7120606303215027,90.0823974609375
2016-01-14,22.37775421142578,46.210514068603516,43.86028289794922,50.052452087402344,73.78153228759766,56.581565856933594,68.39546203613281,30.002206802368164,0.6977027654647827,90.65867614746094
2016-01-15,21.840347290039062,44.36592483520508,42.986087799072266,49.07823181152344,72.37138366699219,55.712223052978516,66.56970977783203,29.729970932006836,0.6597388982772827,85.89292907714844
2016-01-19,21.734668731689453,43.99176788330078,42.96348571777344,48.331756591796875,72.74442291259766,57.012535095214844,66.16192626953125,30.030853271484375,0.6650928258895874,85.95697021484375
2016-01-20,21.763898849487305,44.191898345947266,41.83306884765625,46.29472732543945,71.43878936767578,56.83490753173828,65.5039291381836,29.643999099731445,0.6687433123588562,84.64891052246094
2016-01-21,21.653722763061523,43.922176361083984,41.63713836669922,46.876739501953125,71.5805435180664,57.50197219848633,66.31947326660156,29.651166915893555,0.6765305399894714,86.00269317626953
2016-01-22,22.80498504638672,45.49703598022461,42.91826629638672,48.439292907714844,72.18486785888672,57.98163986206055,67.37602233886719,30.131155014038086,0.6923487782478333,88.63713073730469
2016-01-25,22.359766006469727,45.06199264526367,41.946109771728516,46.80082321166992,71.9237289428711,57.599403381347656,66.48631286621094,30.202791213989258,0.6916186809539795,87.16441345214844
2016-01-26,22.483436584472656,45.39262771606445,43.016239166259766,48.52153396606445,75.49010467529297,59.06839370727539,66.61605834960938,30.14548683166504,0.6984326243400574,88.06083679199219
2016-01-27,21.00612449645996,44.566043853759766,42.986087799072266,47.62954330444336,76.22125244140625,59.0609245300293,65.71707153320312,30.152652740478516,0.6901585459709167,86.27713012695312
2016-01-28,21.156787872314453,45.296905517578125,43.16696548461914,48.70498275756836,76.30332946777344,59.82542419433594,64.25277709960938,30.49651336669922,0.6826144456863403,85.55447387695312
2016-01-29,21.887569427490234,47.93328094482422,44.83999252319336,49.24904251098633,77.92234802246094,61.22700881958008,69.03491973876953,30.747241973876953,0.7127907276153564,87.64920806884766
2016-02-01,21.682950973510742,47.60267639160156,44.35767364501953,48.26216125488281,77.8701171875,60.79976272583008,68.9329605102539,30.80455207824707,0.7130341529846191,87.03636169433594
2016-02-02,21.244478225708008,46.114803314208984,42.97855758666992,47.186710357666016,77.15384674072266,60.125213623046875,68.02473449707031,30.403369903564453,0.6828579306602478,85.17945861816406
2016-02-03,21.66496467590332,45.38391876220703,43.26493453979492,49.6475944519043,77.69851684570312,60.78478240966797,68.9329605102539,30.603967666625977,0.6862649321556091,87.02719116210938
2016-02-04,21.839038848876953,45.244720458984375,44.01102066040039,50.501617431640625,77.51947784423828,60.484989166259766,68.28422546386719,30.46784782409668,0.6865081787109375,87.29246520996094
2016-02-05,21.25575828552246,43.643741607666016,43.521156311035156,50.65977478027344,75.01258087158203,60.859710693359375,66.30095672607422,30.403369903564453,0.6431907415390015,85.89292907714844
2016-02-08,21.479578018188477,42.99118423461914,42.609291076660156,51.34299850463867,76.10189819335938,61.92403030395508,62.80703353881836,30.553815841674805,0.6137446165084839,84.26473236083984
2016-02-09,21.475053787231445,42.87806701660156,42.35306930541992,51.11957550048828,76.07949829101562,61.93902587890625,63.32602310180664,31.01946258544922,0.6203153133392334,84.44766235351562
2016-02-10,21.31227684020996,43.2522087097168,41.840606689453125,50.65357208251953,75.90042877197266,61.174503326416016,65.01276397705078,30.482179641723633,0.6188551783561707,81.2735595703125
2016-02-11,21.18341064453125,43.23479080200195,39.994258880615234,50.81316375732422,75.87805938720703,59.8853759765625,63.45576095581055,30.381887435913086,0.615691602230072,82.60906982421875
2016-02-12,21.248981475830078,43.93956756591797,43.325218200683594,51.725990295410156,75.96756744384766,60.70232009887695,65.26297760009766,30.88335418701172,0.6261559128761292,83.37742614746094
2016-02-16,21.84807777404785,44.77210235595703,43.97332763671875,51.8472900390625,76.34062957763672,61.06208801269531,65.8931655883789,31.062456130981445,0.6568187475204468,84.98737335205078
2016-02-17,22.18268394470215,45.937618255615234,44.28984832763672,52.3452262878418,76.47493743896484,61.79660415649414,66.88675689697266,31.15558624267578,0.6731237173080444,87.35649108886719
2016-02-18,21.762168884277344,45.73606491088867,43.56637954711914,52.63246154785156,77.77313232421875,61.4443473815918,66.15318298339844,31.241540908813477,0.7310423254966736,87.05464172363281
2016-02-19,21.712432861328125,45.411808013916016,43.57390594482422,52.66438674926758,78.27664947509766,61.301937103271484,66.4224853515625,31.356163024902344,0.7407766580581665,86.90829467773438
2016-02-22,21.90233612060547,46.139183044433594,44.139129638671875,52.59416580200195,78.72002410888672,61.55678939819336,67.84323120117188,31.477962493896484,0.7670590281486511,88.15231323242188
2016-02-23,21.407230377197266,44.850982666015625,42.29277420043945,51.853668212890625,78.21652221679688,61.31694030761719,66.99818420410156,31.298851013183594,0.769006073474884,87.24671936035156
2016-02-24,21.72599983215332,45.00870132446289,42.3078498840332,52.03879928588867,78.87783813476562,61.129573822021484,66.7196273803711,31.45645523071289,0.7743598222732544,87.29246520996094
2016-02-25,21.87520980834961,45.657188415527344,42.96348571777344,52.35159683227539,79.94498443603516,61.71416091918945,68.0382308959961,31.635570526123047,0.7760632634162903,87.49371337890625
2016-02-26,21.909120559692383,44.95612335205078,43.36290740966797,52.18562316894531,79.49406433105469,60.78478240966797,67.53678131103516,30.904844284057617,0.770952582359314,87.18270111083984
2016-02-29,21.85938835144043,44.58806610107422,42.42842102050781,51.16424560546875,79.06572723388672,60.17768859863281,67.22106170654297,30.89768409729004,0.7659458518028259,87.37480163574219
2016-03-01,22.727521896362305,46.07783889770508,44.61391067504883,51.88560485839844,80.57622528076172,60.88220977783203,69.3104019165039,31.298851013183594,0.799895703792572,89.32317352294922
2016-03-02,22.777257919311523,46.40208053588867,45.03593063354492,52.79206848144531,80.4410171508789,61.8715705871582,68.99465942382812,31.356163024902344,0.8045363426208496,88.72859954833984
2016-03-03,22.94681167602539,45.876285552978516,45.186649322509766,52.600555419921875,80.14788055419922,62.08891677856445,68.63256072998047,31.492280960083008,0.7974532246589661,90.39339447021484
2016-03-04,23.28819465637207,45.59584426879883,45.25447082519531,52.530311584472656,80.03514862060547,62.57609939575195,68.62325286865234,31.599733352661133,0.7950108647346497,90.0823974609375
2016-03-07,23.03046989440918,44.71950149536133,45.17158126831055,53.91556167602539,80.21552276611328,62.28379440307617,66.80319213867188,31.528099060058594,0.7898815274238586,90.91478729248047
2016-03-08,22.840557098388672,45.26285171508789,44.297386169433594,52.74736785888672,79.82473754882812,62.2537956237793,65.57744598388672,31.75017738342285,0.7754714488983154,89.47866821289062
2016-03-09,22.860910415649414,46.30568313598633,44.55360412597656,52.600555419921875,80.2906723022461,62.17885971069336,65.6331558227539,32.10121154785156,0.7749831676483154,89.33231353759766
2016-03-10,22.872215270996094,45.613380432128906,44.169273376464844,52.46011734008789,80.5161361694336,61.66921615600586,65.20600891113281,32.402099609375,0.773761510848999,88.76519012451172
2016-03-11,23.118637084960938,46.50724411010742,44.71940612792969,52.466514587402344,80.9444808959961,61.27195739746094,66.51531982421875,32.63311004638672,0.7869507074356079,89.58843994140625
2016-03-14,23.177413940429688,46.594879150390625,44.55360412597656,52.60694122314453,80.90690612792969,60.83726119995117,66.38533020019531,32.698089599609375,0.78890460729599,90.38424682617188
2016-03-15,23.643142700195312,46.96294021606445,44.61391067504883,52.86866760253906,80.98206329345703,60.94216537475586,66.77535247802734,32.66200256347656,0.7849969863891602,89.86286926269531
2016-03-16,23.95738410949707,47.62895965576172,44.40288543701172,52.90057373046875,80.71903228759766,60.964656829833984,67.20250701904297,32.52482986450195,0.8084441423416138,90.04580688476562
2016-03-17,23.918949127197266,47.900611877441406,44.27477264404297,53.68576431274414,80.21552276611328,62.0214729309082,67.91749572753906,33.044639587402344,0.8016054630279541,91.10688018798828
2016-03-18,23.94607925415039,46.87531661987305,45.57852554321289,53.74959945678711,80.78665924072266,62.3212890625,68.51177978515625,32.92191696166992,0.8257854580879211,90.7409896850586
2016-03-21,23.943811416625977,47.199562072753906,45.563453674316406,53.37934112548828,80.62133026123047,62.448692321777344,68.50252532958984,32.97244644165039,0.8282277584075928,90.06409454345703
2016-03-22,24.12693977355957,47.38357925415039,45.39765930175781,53.69852828979492,80.69647979736328,62.01396560668945,67.7503890991211,32.84972381591797,0.8267623782157898,89.25914001464844
2016-03-23,23.993555068969727,47.295955657958984,45.17158126831055,53.462337493896484,81.53814697265625,62.07394027709961,68.63256072998047,32.82083511352539,0.8409286141395569,88.57310485839844
2016-03-24,23.889558792114258,47.50625991821289,44.824920654296875,53.609169006347656,81.39537811279297,62.12639236450195,68.84610748291016,32.9074592590332,0.842149555683136,88.92985534667969
2016-03-28,23.781042098999023,46.91912078857422,44.76462173461914,53.762351989746094,81.33527374267578,61.92403030395508,68.7903823852539,33.06630325317383,0.8506982326507568,89.72563934326172
2016-03-29,24.343978881835938,47.9444465637207,44.48577880859375,53.960243225097656,82.01912689208984,62.0589485168457,69.99757385253906,33.557254791259766,0.8643758893013,89.78966522216797
2016-03-30,24.768999099731445,48.24238967895508,44.99824523925781,53.953861236572266,81.89891052246094,61.9689826965332,71.29761505126953,33.62944412231445,0.8734127283096313,90.4757308959961
2016-03-31,24.640132904052734,48.40013885498047,44.62897872924805,53.36021423339844,81.31271362304688,61.691673278808594,71.01901245117188,33.49226760864258,0.8702375292778015,90.84162139892578
2016-04-01,24.866209030151367,48.698097229003906,45.11882400512695,52.9580192565918,82.05671691894531,62.606075286865234,72.04976654052734,33.809932708740234,0.8829381465911865,90.6220932006836
2016-04-04,25.12167739868164,48.57539367675781,44.9442138671875,53.08572769165039,81.60581970214844,62.3662223815918,72.27262115478516,33.85324478149414,0.8743896484375,90.26533508300781
2016-04-05,24.825515747070312,47.81298828125,44.306488037109375,52.479270935058594,81.87632751464844,62.328765869140625,71.47402954101562,33.59333801269531,0.8731684684753418,88.72859954833984
2016-04-06,25.085514068603516,48.30372619628906,44.648136138916016,53.18144226074219,82.22953796386719,62.81593322753906,72.62549591064453,33.72329330444336,0.8743896484375,89.16766357421875
2016-04-07,24.538394927978516,47.72534942626953,43.51692199707031,52.581417083740234,82.11683654785156,62.388729095458984,72.04048919677734,33.470611572265625,0.8653527498245239,87.9602279663086
2016-04-08,24.565532684326172,47.69029998779297,43.83580017089844,53.11762237548828,81.98907470703125,62.35872268676758,72.45835876464844,33.83881759643555,0.8709702491760254,88.19805908203125
2016-04-11,24.646913528442383,47.593894958496094,44.18503189086914,53.1878547668457,81.89138793945312,62.006473541259766,72.26333618164062,33.52837371826172,0.876343846321106,88.06083679199219
2016-04-12,24.967945098876953,47.8918571472168,45.00494384765625,53.8453483581543,82.36481475830078,62.0814323425293,72.9133529663086,33.679969787597656,0.8753668069839478,89.04875183105469
2016-04-13,25.329673767089844,48.50529479980469,46.910526275634766,54.15176773071289,82.56775665283203,61.80409622192383,74.01837921142578,33.239585876464844,0.8973484635353088,90.99712371826172
2016-04-14,25.343219757080078,48.51406478881836,47.51787567138672,54.53478240966797,82.54517364501953,61.9703483581543,74.5940933227539,33.08796310424805,0.8997911214828491,90.21959686279297
2016-04-15,24.834564208984375,48.768184661865234,46.971256256103516,54.24113845825195,82.80069732666016,62.18947982788086,74.36196899414062,33.282894134521484,0.9068739414215088,90.1830062866211
2016-04-18,24.298755645751953,49.47802734375,47.27492904663086,54.75819396972656,83.36433410644531,62.58998489379883,75.63414764404297,33.369537353515625,0.9029661417007446,92.82658386230469
2016-04-19,24.169897079467773,49.41668701171875,48.072078704833984,55.0327033996582,84.6794662475586,62.929996490478516,74.98412322998047,33.64387893676758,0.8868461847305298,93.88766479492188
2016-04-20,24.21963119506836,48.715614318847656,48.770545959472656,55.40932083129883,85.35580444335938,61.622764587402344,75.35558319091797,32.033878326416016,0.8902655243873596,94.46393585205078
2016-04-21,23.95738410949707,48.88211441040039,48.2846565246582,55.40293502807617,85.34830474853516,61.056026458740234,75.02125549316406,31.521297454833984,0.889288604259491,94.13462829589844
2016-04-22,23.891817092895508,45.376766204833984,48.56555938720703,55.87532424926758,85.1604232788086,61.16935729980469,73.46121978759766,32.156620025634766,0.8858693242073059,94.92129516601562
2016-04-25,23.756174087524414,45.665958404541016,48.2846565246582,55.747657775878906,85.30319213867188,61.516963958740234,72.56047058105469,32.27934646606445,0.8902655243873596,95.65308380126953
2016-04-26,23.591136932373047,45.07881164550781,48.53520202636719,55.939151763916016,84.85231018066406,60.1114616394043,72.92265319824219,32.1494026184082,0.890998125076294,95.94580078125
2016-04-27,22.11485481262207,44.64065170288086,48.671844482421875,56.46900177001953,84.74710083007812,60.36838912963867,73.13621520996094,32.25770568847656,0.9112704396247864,96.30254364013672
2016-04-28,21.43888282775879,43.7292594909668,48.2846565246582,56.194496154785156,84.52915954589844,60.270137786865234,72.13331604003906,32.22160339355469,0.884159505367279,95.15913391113281
2016-04-29,21.19245719909668,43.70294952392578,47.98098373413086,56.43068313598633,84.22856903076172,60.54218292236328,71.72473907470703,32.34433364868164,0.8677952289581299,94.45479583740234
2016-05-02,21.169851303100586,44.35145950317383,48.42890167236328,56.89670944213867,84.7320556640625,61.18448257446289,72.85762786865234,32.474300384521484,0.8792744278907776,95.46099853515625
2016-05-03,21.518007278442383,43.62409210205078,47.495094299316406,56.245574951171875,84.68696594238281,61.28270721435547,71.67829895019531,32.37321090698242,0.8687722682952881,94.93045043945312
2016-05-04,21.294198989868164,43.70294952392578,46.74350357055664,56.13704299926758,84.33378601074219,61.66051483154297,71.56688690185547,32.474300384521484,0.8489885330200195,94.829833984375
2016-05-05,21.207765579223633,43.76429748535156,46.492977142333984,56.200870513916016,84.82976531982422,61.43384552001953,71.836181640625,32.53205108642578,0.8541175127029419,95.98236846923828
2016-05-06,21.089487075805664,44.15865707397461,46.76626968383789,56.50090408325195,84.72455596923828,62.0610466003418,72.17049407958984,32.719757080078125,0.8629103302955627,96.54036712646484
2016-05-09,21.10541343688965,43.87823486328125,46.470191955566406,56.53921127319336,85.46100616455078,62.053470611572266,72.6347885131836,32.66200256347656,0.861689031124115,96.357421875
2016-05-10,21.248701095581055,44.71076202392578,47.10031509399414,57.44566345214844,86.17494201660156,62.32550811767578,73.54481506347656,33.03021240234375,0.8782975673675537,97.50999450683594
2016-05-11,21.041723251342773,44.737037658691406,46.92570114135742,57.16889572143555,85.94950866699219,62.07615280151367,71.90760803222656,32.82083511352539,0.8807400465011597,93.5675048828125
2016-05-12,20.548141479492188,45.140159606933594,46.89534378051758,57.72248840332031,85.84429168701172,62.27260208129883,72.4564208984375,33.08796310424805,0.8687722682952881,93.0369644165039
2016-05-13,20.589088439941406,44.763328552246094,46.46259307861328,57.07231521606445,85.34075164794922,61.38093185424805,71.47036743164062,32.74142074584961,1.0009076595306396,91.94843292236328
2016-05-16,21.353334426879883,45.420589447021484,46.811824798583984,57.65810012817383,86.00210571289062,61.68320083618164,72.3727035522461,32.93635940551758,1.0304611921310425,91.80207061767578
2016-05-17,21.26462745666504,44.57340621948242,46.811824798583984,57.63235092163086,85.54367065429688,60.92000961303711,71.43316650390625,32.308231353759766,1.0326589345932007,91.41790771484375
2016-05-18,21.507999420166016,44.838165283203125,48.618709564208984,57.5164909362793,85.36331939697266,60.33816146850586,72.02850341796875,32.11330032348633,1.059037446975708,90.55805206298828
2016-05-19,21.426116943359375,44.40574264526367,48.12522888183594,58.00572967529297,84.80722045898438,60.5950927734375,71.5168685913086,31.997785568237305,1.0636783838272095,90.01836395263672
2016-05-20,21.658117294311523,44.670475006103516,48.21633529663086,57.767539978027344,85.25376892089844,60.46660614013672,72.25176239013672,31.730653762817383,1.0827288627624512,91.27153015136719
2016-05-23,21.933338165283203,44.14982223510742,48.178382873535156,57.67742156982422,84.89046478271484,60.60262680053711,71.82382202148438,31.745094299316406,1.0844385623931885,90.72270965576172
2016-05-24,22.267696380615234,45.52648162841797,48.99830627441406,57.72248840332031,85.29158782958984,61.18448257446289,73.84248352050781,32.033878326416016,1.1107628345489502,91.02456665039062
2016-05-25,22.65892219543457,45.99418258666992,49.742305755615234,58.10227584838867,85.79113006591797,61.569847106933594,73.54481506347656,32.04111099243164,1.1061108112335205,91.3447265625
2016-05-26,22.83860206604004,45.791221618652344,49.37030029296875,57.806182861328125,85.45053100585938,61.3734016418457,73.48898315429688,32.26491165161133,1.1178644895553589,91.2989730834961
2016-05-27,22.824953079223633,46.17068099975586,49.67397689819336,57.94133377075195,85.5716552734375,61.532081604003906,74.10294342041016,32.32989501953125,1.1239864826202393,91.73805236816406
2016-05-31,22.713504791259766,46.770748138427734,49.552494049072266,57.304039001464844,85.29158782958984,61.237388610839844,73.43316650390625,32.19993209838867,1.1440662145614624,90.75927734375
2016-06-01,22.395071029663086,46.638389587402344,49.87137985229492,57.445682525634766,85.35974884033203,61.80411148071289,73.69364166259766,32.27214050292969,1.1462702751159668,90.11898040771484
2016-06-02,22.226757049560547,46.31186294555664,49.96247482299805,56.98863983154297,86.65399932861328,61.92502212524414,74.37271881103516,32.28657531738281,1.1543514728546143,90.30194091796875
2016-06-03,22.272241592407227,45.70296859741211,49.07421875,56.88563537597656,86.85835266113281,62.31793975830078,74.36339569091797,32.51760482788086,1.1381889581680298,90.32937622070312
2016-06-06,22.433732986450195,46.00300979614258,49.56010818481445,57.51005172729492,87.62275695800781,62.544612884521484,74.92156219482422,32.755859375,1.1323121786117554,90.35681915283203
2016-06-07,22.524715423583984,45.97653579711914,49.39306640625,58.3919563293457,87.59246826171875,62.204612731933594,74.97735595703125,32.719757080078125,1.1345157623291016,89.96348571777344
2016-06-08,22.504249572753906,45.9235954284668,49.537330627441406,58.44345474243164,87.64547729492188,62.45396041870117,75.95413208007812,32.88579559326172,1.130843162536621,89.67991638183594
2016-06-09,22.665735244750977,45.55295181274414,49.157711029052734,58.366214752197266,88.55372619628906,62.84686279296875,75.5913314819336,33.03742218017578,1.1602283716201782,89.4969711303711
2016-06-10,22.479225158691406,45.42939376831055,48.46686553955078,57.92203140258789,88.561279296875,62.869537353515625,74.586669921875,33.20347595214844,1.1313331127166748,89.03959655761719
2016-06-13,22.140317916870117,44.24689483642578,48.03413391113281,58.314701080322266,88.39476013183594,62.393516540527344,72.93087768554688,32.82517623901367,1.1457805633544922,89.2499771118164
2016-06-14,22.167606353759766,43.97335433959961,47.13069534301758,58.21171951293945,88.64453887939453,62.982933044433594,73.0889663696289,32.76697540283203,1.147984504699707,90.00920867919922
2016-06-15,22.09482765197754,43.84979248046875,47.04717254638672,58.03791809082031,88.10717010498047,62.68064880371094,72.71688842773438,32.74514389038086,1.1597387790679932,89.89028930664062
2016-06-16,22.18808937072754,44.46751403808594,47.23697280883789,58.720252990722656,88.28125762939453,63.028255462646484,72.8843002319336,32.963409423828125,1.1643911600112915,89.99092864990234
2016-06-17,21.68313980102539,44.23808670043945,47.28251266479492,58.39839172363281,87.4032974243164,62.816688537597656,71.61917877197266,32.58509063720703,1.1440662145614624,90.55805206298828
2016-06-20,21.630823135375977,44.18513870239258,47.35085678100586,58.655879974365234,88.20556640625,62.7486572265625,71.94477844238281,32.72332763671875,1.1646358966827393,91.0794448852539
2016-06-21,21.8150634765625,45.173500061035156,47.79118347167969,58.91979217529297,87.93309020996094,63.028255462646484,71.93547821044922,32.832454681396484,1.1575344800949097,90.39339447021484
2016-06-22,21.733179092407227,44.997013092041016,47.60897445678711,58.688053131103516,88.14501953125,63.149131774902344,71.19127655029297,32.636024475097656,1.1565552949905396,90.365966796875
2016-06-23,21.858274459838867,45.80887222290039,48.62629699707031,59.093589782714844,88.84130859375,63.63277053833008,72.77268981933594,32.79608917236328,1.1874098777770996,90.57633972167969
2016-06-24,21.24415397644043,43.97335433959961,45.24788284301758,57.54222869873047,87.51679229736328,62.159263610839844,69.81454467773438,31.959436416625977,1.1198233366012573,87.5577392578125
2016-06-27,20.934814453125,42.737876892089844,43.737098693847656,57.201080322265625,88.21312713623047,61.38093185424805,68.22382354736328,31.850303649902344,1.1078243255615234,86.3320083618164
2016-06-28,21.28737449645996,43.629173278808594,45.187156677246094,58.52069854736328,89.48468780517578,62.31037521362305,69.91686248779297,32.14131546020508,1.1239864826202393,87.85960388183594
2016-06-29,21.471614837646484,44.59989547729492,46.46259307861328,59.518463134765625,90.31722259521484,63.40608215332031,71.38663482666016,32.330474853515625,1.1423521041870117,88.71029663085938
2016-06-30,21.744550704956055,45.15583419799805,47.17623519897461,60.342430114746094,91.80827331542969,63.98036193847656,68.99591827392578,32.97794723510742,1.151167631149292,89.47866821289062
2016-07-01,21.810516357421875,45.14701843261719,46.87019348144531,60.406795501708984,91.8006820678711,64.0634994506836,69.28429412841797,32.82517623901367,1.1425966024398804,89.67076110839844
2016-07-05,21.605802536010742,45.15583419799805,45.56187057495117,59.87895202636719,92.54242706298828,64.56221008300781,69.46104431152344,33.05070495605469,1.1594934463500977,89.33231353759766
2016-07-06,21.7286319732666,45.341163635253906,46.05153274536133,60.567718505859375,92.82247161865234,64.25240325927734,68.89358520507812,32.93430709838867,1.1668397188186646,90.05494689941406
2016-07-07,21.82189178466797,45.341163635253906,46.349918365478516,59.8403205871582,92.72406768798828,64.10125732421875,69.31219482421875,32.80335998535156,1.1972047090530396,90.67227935791016
2016-07-08,21.990198135375977,46.153045654296875,47.306304931640625,60.213680267333984,92.98140716552734,64.81160736083984,71.08898162841797,33.01433181762695,1.2452003955841064,91.78713989257812
2016-07-11,22.058439254760742,46.40894317626953,47.642948150634766,60.43899154663086,93.04192352294922,64.79645538330078,71.18197631835938,33.15254592895508,1.2738512754440308,92.11882781982422
2016-07-12,22.158517837524414,46.95608139038086,48.3544921875,61.12131118774414,93.03437805175781,64.79645538330078,72.07506561279297,33.15983581542969,1.2929518222808838,92.32152557373047
2016-07-13,22.033418655395508,47.2208137512207,48.32389450073242,61.0762825012207,93.09494018554688,64.9022445678711,72.05641174316406,33.276222229003906,1.292461633682251,92.02667999267578
2016-07-14,22.47013282775879,47.42377853393555,49.05839538574219,61.12131118774414,93.23116302490234,64.8871078491211,72.68898010253906,33.239845275878906,1.305685043334961,92.109619140625
2016-07-15,22.467857360839844,47.388484954833984,49.10429763793945,61.230751037597656,93.09494018554688,64.99292755126953,72.83780670166016,33.196205139160156,1.290502905845642,91.95298767089844
2016-07-18,22.706680297851562,47.61792755126953,48.93597412109375,61.03763198852539,93.20086669921875,64.93246459960938,72.84712219238281,33.196205139160156,1.297114372253418,92.27545928955078
2016-07-19,22.715784072875977,46.85017395019531,48.859466552734375,60.81232452392578,94.7978744506836,65.11383819580078,73.22850799560547,33.196205139160156,1.3105829954147339,91.64893341064453
2016-07-20,22.736251831054688,49.3387336730957,48.91302490234375,60.4647331237793,94.71460723876953,64.97673034667969,73.82386779785156,33.10890197753906,1.3277243375778198,90.49720764160156
2016-07-21,22.615694046020508,49.241661071777344,48.72938919067383,60.41322326660156,94.72219848632812,64.93106079101562,73.29364776611328,33.06526184082031,1.303236484527588,90.30372619628906
2016-07-22,22.440561294555664,49.92116928100586,48.9971809387207,60.51622772216797,94.6313705444336,65.2813720703125,74.33549499511719,33.341705322265625,1.3387434482574463,90.02729797363281
2016-07-25,22.140317916870117,50.06235885620117,48.86711120605469,59.351097106933594,94.5254135131836,65.34233093261719,73.43316650390625,33.15254592895508,1.363476037979126,89.73247528076172
2016-07-26,21.9879207611084,50.08883285522461,49.0660400390625,58.91979217529297,94.72219848632812,64.93869018554688,73.01457214355469,32.65057373046875,1.3867394924163818,89.0875244140625
2016-07-27,23.416336059570312,49.585819244384766,49.219058990478516,58.52069854736328,94.43458557128906,64.32179260253906,73.05177307128906,31.5738525390625,1.3727813959121704,88.75582885742188
2016-07-28,23.73249053955078,49.60347366333008,49.0430793762207,58.063636779785156,94.1999740600586,64.58834838867188,73.66573333740234,31.755741119384766,1.3757199048995972,88.36882781982422
2016-07-29,23.702930450439453,50.018226623535156,48.94362258911133,57.2590217590332,94.78275299072266,65.18235778808594,72.60526275634766,31.741199493408203,1.3982486724853516,88.40569305419922
2016-08-01,24.121444702148438,49.92999267578125,48.81355667114258,55.2699089050293,94.91143035888672,65.80687713623047,72.80061340332031,31.6102352142334,1.389188289642334,88.0279312133789
2016-08-02,23.76434326171875,49.92999267578125,48.69880294799805,56.02949905395508,94.49513244628906,66.07339477539062,72.81919860839844,31.668437957763672,1.372291922569275,87.53961944580078
2016-08-03,24.062299728393555,50.2741584777832,49.47153854370117,56.319183349609375,93.776123046875,65.47177124023438,73.21922302246094,31.748462677001953,1.3759649991989136,88.53468322753906
2016-08-04,24.21095085144043,50.6447868347168,49.39501953125,56.31272506713867,93.74584197998047,65.53272247314453,73.93550872802734,31.653892517089844,1.4014320373535156,87.67781829833984
2016-08-05,24.579130172729492,51.14779281616211,50.726314544677734,56.36422348022461,94.03345489501953,65.32705688476562,74.5494613647461,31.632068634033203,1.4251854419708252,88.29513549804688
2016-08-08,24.782663345336914,51.23603820800781,50.573280334472656,57.02725601196289,93.58689880371094,65.31182861328125,74.37271881103516,31.602964401245117,1.4384088516235352,88.22142028808594
2016-08-09,24.88328742980957,51.359580993652344,50.397315979003906,57.098060607910156,93.42040252685547,65.48698425292969,74.47503662109375,31.624792098999023,1.4420818090438843,89.06908416748047
2016-08-10,24.698049545288086,51.200740814208984,49.94590377807617,56.09829330444336,93.36741638183594,65.73068237304688,74.1215591430664,31.72662925720215,1.4327764511108398,90.16551208496094
2016-08-11,24.682044982910156,51.44782257080078,50.0836296081543,56.299522399902344,93.677734375,66.05055236816406,74.53085327148438,31.8284912109375,1.4619165658950806,90.08258819580078
2016-08-12,24.73921012878418,51.13014602661133,49.97651672363281,57.03313446044922,93.26145935058594,66.28663635253906,74.43782043457031,32.032188415527344,1.5437058210372925,89.22571563720703
2016-08-15,25.036508560180664,51.288997650146484,50.28254318237305,57.00715637207031,92.57268524169922,66.27141571044922,75.26573181152344,32.184959411621094,1.5422364473342896,89.46527862548828
2016-08-16,25.013629913330078,51.00484085083008,50.27491760253906,57.07859802246094,91.07408142089844,65.93632507324219,75.1727294921875,31.88668441772461,1.5329312086105347,89.2625732421875
2016-08-17,24.97704315185547,51.11139678955078,50.412620544433594,57.201969146728516,91.81583404541016,66.2257308959961,75.33113098144531,32.05401611328125,1.4974240064620972,89.25336456298828
2016-08-18,24.945030212402344,51.146915435791016,50.45852279663086,57.721317291259766,91.36929321289062,66.5912857055664,74.79998016357422,32.083106994628906,1.5206875801086426,89.05066680908203
2016-08-19,25.009065628051758,51.164676666259766,50.38966751098633,57.000701904296875,91.3692626953125,66.49224090576172,74.98636627197266,31.95216941833496,1.5246049165725708,88.81108856201172
2016-08-22,24.814680099487305,51.20907211303711,50.34376907348633,57.12405776977539,90.76734924316406,66.1419448852539,75.53614807128906,31.821208953857422,1.5309722423553467,88.33199310302734
2016-08-23,24.892425537109375,51.40442657470703,50.32080841064453,56.94873809814453,91.00355529785156,66.56080627441406,75.2938461303711,31.9012508392334,1.5433611869812012,88.42412567138672
2016-08-24,24.704906463623047,51.457698822021484,50.45852279663086,57.14350509643555,90.44734191894531,66.49224090576172,74.8186264038086,31.9012508392334,1.519564151763916,88.2859115600586
2016-08-25,24.59971809387207,51.653053283691406,50.55032730102539,56.779964447021484,90.3406982421875,66.94158935546875,74.84659576416016,31.770280838012695,1.5095057487487793,88.03716278076172
2016-08-26,24.45564079284668,51.52873992919922,50.66511154174805,56.6566162109375,90.69881439208984,66.6978759765625,75.07954406738281,31.515655517578125,1.5217723846435547,87.72389221191406
2016-08-29,24.42819595336914,51.59088897705078,51.223628997802734,57.026649475097656,91.3692626953125,67.24620819091797,75.3591079711914,31.675710678100586,1.5207910537719727,87.41061401367188
2016-08-30,24.240676879882812,51.40442657470703,51.64443588256836,56.81892013549805,91.02639770507812,66.66741180419922,75.63863372802734,31.457456588745117,1.5119595527648926,87.4013900756836
2016-08-31,24.263551712036133,51.0225944519043,51.64443588256836,56.572208404541016,90.92735290527344,66.49224090576172,75.38704681396484,31.595691680908203,1.5048445463180542,87.03284454345703
2016-09-01,24.407617568969727,51.13804244995117,51.42255783081055,56.377437591552734,90.72924041748047,67.25382232666016,75.75981140136719,31.537477493286133,1.5492491722106934,86.84857940673828
2016-09-02,24.636310577392578,51.20907211303711,51.636783599853516,56.753990173339844,90.91212463378906,67.1700668334961,76.41210174560547,31.763004302978516,1.5340386629104614,86.9959945678711
2016-09-06,24.629446029663086,51.15578079223633,51.59851837158203,57.50058364868164,91.23975372314453,67.50515747070312,76.90599060058594,31.857589721679688,1.548513412475586,86.42475128173828
2016-09-07,24.780378341674805,51.20021438598633,51.384315490722656,57.286346435546875,91.13306427001953,66.97966766357422,77.56756591796875,31.748462677001953,1.5256977081298828,86.34183502197266
2016-09-08,24.130908966064453,50.99596405029297,51.453155517578125,57.812198638916016,91.02639770507812,66.85018157958984,77.31600189208984,31.741199493408203,1.5367374420166016,86.69193267822266
2016-09-09,23.584352493286133,49.912635803222656,50.994102478027344,56.377437591552734,90.08162689208984,65.67740631103516,75.78773498535156,30.75178337097168,1.4601949453353882,85.15323638916016
2016-09-12,24.112613677978516,50.65852355957031,51.30780029296875,56.669586181640625,90.79022216796875,67.20814514160156,77.31600189208984,31.42108917236328,1.4903699159622192,86.27732849121094
2016-09-13,24.686614990234375,50.19679260253906,50.90230178833008,55.31922149658203,89.6092300415039,66.29424285888672,76.30960845947266,31.010351181030273,1.4687817096710205,85.41123962402344
2016-09-14,25.560192108154297,49.95704650878906,50.80281448364258,54.92323303222656,89.79972076416016,66.2637939453125,75.9368667602539,30.88566017150879,1.4817839860916138,85.00582122802734
2016-09-15,26.42919921875,50.782840728759766,50.98645782470703,55.234832763671875,90.38638305664062,67.06342315673828,76.42139434814453,31.069028854370117,1.5379642248153687,85.22695922851562
2016-09-16,26.280548095703125,50.83612823486328,50.35906982421875,54.55315017700195,90.09686279296875,67.05582427978516,76.4773178100586,30.90766143798828,1.5416439771652222,85.28224182128906
2016-09-19,25.97411346435547,50.55198669433594,50.642154693603516,54.423336029052734,89.6473617553711,67.2995376586914,76.8873519897461,30.878324508666992,1.5620063543319702,85.34673309326172
2016-09-20,25.971826553344727,50.44541549682617,50.84872055053711,53.58584976196289,89.86827850341797,67.4594497680664,76.85938262939453,31.054357528686523,1.5477769374847412,85.64157104492188
2016-09-21,25.96725082397461,51.28899002075195,51.13945770263672,54.07925033569336,90.59973907470703,66.86543273925781,77.54896545410156,31.1937198638916,1.5912002325057983,85.12561798095703
2016-09-22,26.21195411682129,51.342262268066406,51.56028747558594,54.23506164550781,91.01878356933594,67.77169036865234,77.67941284179688,31.509111404418945,1.595125675201416,86.06539916992188
2016-09-23,25.775163650512695,50.99596405029297,51.453155517578125,54.176639556884766,90.52355194091797,66.83496856689453,76.915283203125,31.34773826599121,1.5934078693389893,85.9364242553711
2016-09-26,25.81403160095215,50.52532958984375,50.32843780517578,53.92341995239258,89.73877716064453,66.90350341796875,76.2350082397461,30.84166717529297,1.5784435272216797,84.72940826416016
2016-09-27,25.862062454223633,51.457698822021484,50.772220611572266,54.04029083251953,90.8359375,67.29191589355469,76.56119537353516,31.237716674804688,1.6324156522750854,84.50828552246094
2016-09-28,26.05872917175293,51.52873992919922,51.040008544921875,56.416404724121094,90.96544647216797,68.1296157836914,77.31600189208984,30.915008544921875,1.6383029222488403,84.95054626464844
2016-09-29,25.653955459594727,50.969322204589844,50.22899627685547,56.1307373046875,89.35018920898438,67.19288635253906,76.33751678466797,30.826984405517578,1.6535135507583618,84.58200073242188
2016-09-30,25.85291290283203,51.146915435791016,50.948204040527344,56.6630973815918,90.00542449951172,68.35047912597656,77.06437683105469,31.039691925048828,1.68099045753479,85.55866241455078
2016-10-03,25.731704711914062,50.98707580566406,50.88698959350586,56.51377487182617,90.52355194091797,67.52037048339844,77.21348571777344,30.826984405517578,1.6792731285095215,85.2177505493164
2016-10-04,25.841480255126953,50.82724380493164,51.32626724243164,55.994422912597656,90.53117370605469,67.28429412841797,77.09236145019531,30.687639236450195,1.675593614578247,85.30988311767578
2016-10-05,25.85291290283203,51.182430267333984,52.166290283203125,56.48131561279297,90.80547332763672,67.66507720947266,77.67008972167969,30.66562271118164,1.6738758087158203,85.1808853149414
2016-10-06,26.04500389099121,51.27123260498047,52.30500793457031,56.50728988647461,90.47783660888672,67.94685363769531,77.67941284179688,30.592283248901367,1.6520416736602783,85.53101348876953
2016-10-07,26.08388900756836,51.32451248168945,52.489959716796875,56.31254577636719,90.85116577148438,68.5408706665039,77.23213958740234,30.60695457458496,1.640020728111267,85.2177505493164
2016-10-10,26.538963317871094,51.53761291503906,52.898406982421875,57.41615676879883,91.27782440185547,67.82498931884766,77.45574951171875,30.60695457458496,1.6461536884307861,85.2177505493164
2016-10-11,26.596145629882812,50.782840728759766,52.644107818603516,56.96173858642578,89.6321029663086,67.42899322509766,76.44934844970703,30.467601776123047,1.6223570108413696,84.63728332519531
2016-10-12,26.83397102355957,50.71181869506836,52.50537109375,56.565704345703125,89.88352966308594,67.45182037353516,76.64505767822266,30.64362335205078,1.6297169923782349,84.22265625
2016-10-13,26.751646041870117,50.5431022644043,52.20481872558594,56.19567108154297,90.1044692993164,67.20053100585938,76.29094696044922,30.628950119018555,1.6032209396362305,83.95547485351562
2016-10-14,26.900291442871094,50.98707580566406,52.03526306152344,56.18268585205078,89.5711441040039,67.34520721435547,76.8314208984375,30.562944412231445,1.6189228296279907,84.12133026123047
2016-10-17,26.88199806213379,50.809486389160156,51.76553726196289,56.18268585205078,90.27972412109375,66.88825988769531,76.55186462402344,30.511600494384766,1.6095999479293823,83.6882553100586
2016-10-18,26.86370086669922,51.20021438598633,52.17398452758789,56.33198928833008,87.93304443359375,66.59888458251953,76.02072143554688,30.782978057861328,1.634132742881775,84.00152587890625
2016-10-19,26.783660888671875,51.084754943847656,52.67491912841797,56.59168243408203,87.3082504272461,65.6472396850586,77.16690063476562,30.84166717529297,1.6306979656219482,84.70177459716797
2016-10-20,26.76993751525879,50.83612823486328,52.605567932128906,56.61763381958008,87.52159881591797,65.17908477783203,76.87803649902344,30.753637313842773,1.661609411239624,84.79391479492188
2016-10-21,26.664751052856445,52.97613525390625,52.78282165527344,56.2346305847168,86.43204498291016,64.7186279296875,76.73822784423828,30.900325775146484,1.6569483280181885,85.71528625488281
2016-10-24,26.904869079589844,54.16599655151367,53.075679779052734,56.42289352416992,86.5615463256836,64.54210662841797,77.50236511230469,31.215715408325195,1.7347174882888794,86.02855682373047
2016-10-25,27.04207420349121,54.15712356567383,53.02172088623047,56.299522399902344,86.8282470703125,66.74471282958984,76.44002532958984,31.2010440826416,1.763175129890442,85.45730590820312
2016-10-26,26.433773040771484,53.837459564208984,53.276039123535156,56.539737701416016,87.28538513183594,67.07469940185547,76.17913055419922,31.127704620361328,1.7702903747558594,86.13911437988281
2016-10-27,26.179931640625,53.36682891845703,53.353111267089844,56.429378509521484,88.15397644042969,66.4454116821289,76.33751678466797,30.892995834350586,1.7339813709259033,86.62744903564453
2016-10-28,26.006134033203125,53.16259765625,53.26063537597656,55.04006576538086,87.87206268310547,66.64493560791016,76.61709594726562,30.973682403564453,1.7310372591018677,86.47081756591797
2016-10-31,25.964969635009766,53.20699691772461,53.37622833251953,54.09223556518555,88.37493133544922,66.6142349243164,76.8873519897461,31.09836196899414,1.7457575798034668,85.40201568603516
2016-11-01,25.496156692504883,53.10042953491211,53.152732849121094,54.306461334228516,87.87966918945312,66.6526107788086,76.0579833984375,30.892995834350586,1.6939929723739624,85.12561798095703
2016-11-02,25.51902961730957,52.77189636230469,52.929256439208984,54.176639556884766,87.51396179199219,66.56817626953125,75.08885955810547,30.84166717529297,1.6868783235549927,84.68334197998047
2016-11-03,25.24549674987793,52.576534271240234,52.69802474975586,54.31296157836914,87.64347839355469,66.46075439453125,75.15408325195312,30.826984405517578,1.6672521829605103,86.02855682373047
2016-11-04,25.017932891845703,52.13256072998047,52.22023391723633,54.25454330444336,87.7044448852539,65.29423522949219,74.88385772705078,30.577617645263672,1.657684087753296,85.1808853149414
2016-11-07,25.378816604614258,53.650978088378906,53.854034423828125,55.475032806396484,88.88540649414062,66.4300308227539,76.8873519897461,31.142379760742188,1.74845552444458,87.00521850585938
2016-11-08,25.528221130371094,53.69537353515625,53.969635009765625,55.87458419799805,89.18258666992188,67.1207275390625,77.23213958740234,31.450410842895508,1.7457575798034668,86.95913696289062
2016-11-09,25.486852645874023,53.428985595703125,56.45119094848633,56.490234375,91.66642761230469,65.94654083251953,77.56756591796875,31.003007888793945,1.7163183689117432,87.19869995117188
2016-11-10,24.77658462524414,52.12368392944336,59.07145309448242,57.014190673828125,91.0797348022461,63.66724395751953,76.29094696044922,30.02752113342285,1.6625910997390747,87.49353790283203
2016-11-11,24.923694610595703,52.407840728759766,59.10226058959961,56.11036682128906,90.26447296142578,64.14305114746094,76.30026245117188,30.09354019165039,2.158153533935547,89.99967193603516
2016-11-14,24.298473358154297,51.608665466308594,61.27554702758789,55.85491943359375,88.8396987915039,63.69793701171875,73.03878784179688,30.19621467590332,2.0519278049468994,90.22080993652344
2016-11-15,24.62027931213379,52.627784729003906,61.15994644165039,56.86357116699219,88.62635803222656,64.17375183105469,73.21582794189453,30.394254684448242,2.114485263824463,90.01809692382812
2016-11-16,25.28227424621582,53.325077056884766,59.64942932128906,56.1627311706543,88.65682220458984,63.8437385559082,74.77997589111328,30.26222801208496,2.2479453086853027,91.32646179199219
2016-11-17,25.273075103759766,54.21010208129883,60.127262115478516,55.82218933105469,88.81683349609375,63.75166320800781,75.70443725585938,30.159547805786133,2.2665891647338867,91.55680084228516
2016-11-18,25.298370361328125,53.950843811035156,59.888370513916016,55.85491943359375,88.50228881835938,62.93049621582031,75.47100830078125,30.00552749633789,2.29038667678833,90.51563262939453
2016-11-21,25.682226181030273,54.406768798828125,60.150352478027344,56.64741516113281,88.22612762451172,63.4216423034668,76.28340148925781,30.3355770111084,2.281064033508301,89.95359802246094
2016-11-22,25.698318481445312,54.639190673828125,60.520294189453125,56.77186584472656,86.49225616455078,63.513755798339844,74.63990020751953,30.342912673950195,2.2975013256073,90.02729797363281
2016-11-23,25.567298889160156,53.995540618896484,60.77460479736328,56.92905044555664,86.74544525146484,63.45237731933594,74.30374145507812,30.159547805786133,2.3088035583496094,90.53406524658203
2016-11-25,25.69601821899414,54.11176681518555,60.751487731933594,57.060054779052734,87.55866241455078,64.05094146728516,74.82664489746094,30.460262298583984,2.3134713172912598,91.0500259399414
2016-11-28,25.64545249938965,54.183284759521484,60.35845184326172,56.63433074951172,86.79145050048828,63.75166320800781,73.8461685180664,30.621625900268555,2.3122432231903076,91.18824768066406
2016-11-29,25.620166778564453,54.612388610839844,60.82084655761719,56.26099395751953,86.29281616210938,63.6135139465332,73.91154479980469,30.436704635620117,2.2911128997802734,91.83319091796875
2016-11-30,25.404098510742188,53.87038803100586,61.78420639038086,57.17795181274414,85.38753509521484,63.28355026245117,72.20262908935547,29.8449764251709,2.2653141021728516,91.32646179199219
2016-12-01,25.167341232299805,52.92279815673828,63.032657623291016,57.138648986816406,85.44890594482422,62.82304000854492,70.4377212524414,29.71183967590332,2.15327787399292,91.16058349609375
2016-12-02,25.26158905029297,52.96747970581055,62.8862419128418,57.00764846801758,85.89385986328125,63.23746109008789,70.70854187011719,29.852388381958008,2.1731789112091064,90.75518798828125
2016-12-05,25.079999923706055,53.83463668823242,64.16552734375,57.29582595825195,85.87852478027344,63.69029235839844,72.19330596923828,30.044687271118164,2.257453203201294,92.10041809082031
2016-12-06,25.273075103759766,53.59327697753906,64.4969253540039,57.348243713378906,85.97057342529297,63.62885665893555,72.00653839111328,30.007707595825195,2.294552803039551,92.745361328125
2016-12-07,25.52132797241211,54.862701416015625,64.78976440429688,57.6822624206543,85.23409271240234,64.60352325439453,74.06092834472656,30.54025650024414,2.335829257965088,93.97077941894531
2016-12-08,25.77187728881836,54.540870666503906,65.59896087646484,57.84599685668945,85.14969635009766,64.0816650390625,74.03287506103516,30.31096839904785,2.2967629432678223,95.98558807373047
2016-12-09,26.192516326904297,55.399078369140625,65.88411712646484,58.291351318359375,86.12403869628906,64.74933624267578,73.90216064453125,31.065420150756836,2.2559781074523926,97.35970306396484
2016-12-12,26.04311180114746,55.57787322998047,65.29842376708984,59.58819580078125,88.50228881835938,65.33258819580078,73.3045425415039,30.99144744873047,2.2011878490448,96.616943359375
2016-12-13,26.47754669189453,56.30198287963867,65.32154083251953,60.63613510131836,88.90889739990234,65.3709716796875,73.95821380615234,30.887889862060547,2.2400083541870117,96.42195892333984
2016-12-14,26.47754669189453,56.03379440307617,65.29842376708984,59.326194763183594,88.21842193603516,64.74933624267578,73.89283752441406,30.4810848236084,2.3697352409362793,96.60765838623047
2016-12-15,26.62236213684082,55.94438171386719,66.27717590332031,59.52925109863281,88.90889739990234,64.98723602294922,74.23838806152344,30.732580184936523,2.425262689590454,96.9233169555664
2016-12-16,26.656837463378906,55.694087982177734,65.46025085449219,59.719181060791016,88.90122985839844,64.98723602294922,73.16447448730469,30.873098373413086,2.467031240463257,96.47766876220703
2016-12-19,26.810848236083984,56.87410354614258,65.83785247802734,59.22140121459961,89.00865936279297,65.01026916503906,72.93103790283203,30.82132911682129,2.497006416320801,97.76824188232422
2016-12-20,26.88209342956543,56.8026008605957,66.68560028076172,59.227962493896484,88.73243713378906,64.90282440185547,73.17379760742188,30.813934326171875,2.583981513977051,97.91680145263672
2016-12-21,26.90738296508789,56.8026008605957,66.85516357421875,59.129695892333984,88.46393585205078,64.68026733398438,72.9683609008789,30.74736976623535,2.6001980304718018,98.0096206665039
2016-12-22,26.730396270751953,56.81153106689453,66.96307373046875,59.51613235473633,88.5636978149414,64.82608795166016,72.7442626953125,30.732580184936523,2.631647825241089,97.87965393066406
2016-12-23,26.78325653076172,56.53441619873047,67.08635711669922,59.411354064941406,88.96258544921875,65.20214080810547,72.97769165039062,30.769546508789062,2.6972479820251465,97.62897491455078
2016-12-27,26.953353881835938,56.57017517089844,67.14799499511719,59.43754577636719,88.92424774169922,64.92584991455078,73.16447448730469,30.77694320678711,2.882502555847168,97.64754486083984
2016-12-28,26.83842658996582,56.3109130859375,66.6624984741211,59.1428108215332,88.30281066894531,64.51911163330078,73.1177978515625,30.614219665527344,2.6842269897460938,96.83976745605469
2016-12-29,26.831527709960938,56.23046112060547,66.19237518310547,59.17555618286133,88.6020278930664,64.7339859008789,73.14579010009766,30.769546508789062,2.7377877235412598,97.08116149902344
2016-12-30,26.62236213684082,55.551055908203125,66.50064086914062,59.116615295410156,88.38720703125,64.52674865722656,72.85629272460938,30.666000366210938,2.6225569248199463,96.7655029296875
2017-01-03,26.698211669921875,55.94438171386719,67.2250747680664,59.52925109863281,88.87054443359375,64.61885833740234,74.23838806152344,30.917478561401367,2.5063424110412598,98.4924545288086
2017-01-04,26.6683292388916,55.694087982177734,67.34907531738281,58.874298095703125,88.72478485107422,64.84911346435547,74.84532928466797,30.80653953552246,2.5648181438446045,99.75516510009766
2017-01-05,26.80394744873047,55.694087982177734,66.72913360595703,57.99665069580078,89.65308380126953,65.27888488769531,75.72313690185547,30.880508422851562,2.4997081756591797,99.69945526123047
2017-01-06,27.102766036987305,56.17682647705078,66.73687744140625,57.96389389038086,89.22344207763672,65.255859375,76.76901245117188,30.873098373413086,2.53312349319458,101.1850357055664
2017-01-09,27.351015090942383,55.99803161621094,66.78337097167969,57.00764846801758,89.20807647705078,64.77235412597656,76.33943939208984,30.56245231628418,2.6358234882354736,100.60936737060547
2017-01-10,27.37859344482422,55.98015213012695,66.97710418701172,56.280635833740234,89.11604309082031,64.07398223876953,75.92857360839844,30.3553409576416,2.615922451019287,100.62792205810547
2017-01-11,27.525711059570312,56.489715576171875,67.4808120727539,56.85702133178711,88.01895904541016,64.27349853515625,76.38612365722656,30.362735748291016,2.583735942840576,101.61212158203125
2017-01-12,27.410776138305664,55.971214294433594,66.82986450195312,56.54916000366211,87.9345932006836,64.34259796142578,75.98460388183594,30.288772583007812,2.5414764881134033,99.8387222290039
2017-01-13,27.362504959106445,56.05167007446289,67.18632507324219,56.55571365356445,87.91921997070312,64.47306060791016,75.79779052734375,30.23699951171875,2.541231155395508,100.33082580566406
2017-01-17,27.583171844482422,55.89969253540039,64.74528503417969,57.21723556518555,88.12638854980469,65.39398193359375,75.88186645507812,30.48848533630371,2.4842300415039062,100.24726867675781
2017-01-18,27.580869674682617,55.87287902832031,65.04753875732422,56.5098991394043,87.99595642089844,65.69566345214844,76.19002532958984,30.54025650024414,2.5294382572174072,100.42367553710938
2017-01-19,27.532604217529297,55.694087982177734,64.55158233642578,55.49469757080078,87.61235809326172,65.51774597167969,76.32076263427734,30.42930793762207,2.583735942840576,99.60659790039062
2017-01-20,27.583171844482422,56.08742141723633,64.83827209472656,56.254451751708984,87.5739974975586,67.64494323730469,76.42347717285156,30.56245231628418,2.5554816722869873,99.95943450927734
2017-01-23,27.601552963256836,56.28409194946289,64.8692855834961,55.651893615722656,87.38987731933594,67.26594543457031,76.71296691894531,30.643808364868164,2.5820164680480957,99.45806121826172
2017-01-24,27.576276779174805,56.784732818603516,65.65196228027344,55.73047637939453,85.74043273925781,67.96210479736328,77.72148132324219,30.99144744873047,2.637052297592163,100.18226623535156
2017-01-25,28.01529884338379,56.92774200439453,66.66712951660156,55.89421463012695,86.53829193115234,67.420654296875,78.34716033935547,31.15416717529297,2.648355007171631,100.312255859375
2017-01-26,28.029102325439453,57.455196380615234,67.22508239746094,56.064510345458984,85.80180358886719,66.98747253417969,77.73080444335938,30.924875259399414,2.6940536499023438,100.33082580566406
2017-01-27,28.031396865844727,58.80506896972656,67.36457824707031,56.005577087402344,86.98326110839844,67.08027648925781,78.22576141357422,30.658592224121094,2.7461416721343994,101.48213958740234
2017-01-30,27.957843780517578,58.22399139404297,66.66712951660156,55.579856872558594,86.79145050048828,67.10350036621094,78.16038513183594,30.60681915283203,2.7031445503234863,103.00482940673828
2017-01-31,27.893484115600586,57.79491424560547,65.58224487304688,54.94453430175781,86.8835220336914,67.760986328125,77.23590850830078,30.74736976623535,2.6825063228607178,102.7355728149414
2017-02-01,29.594440460205078,56.83836364746094,65.83018493652344,54.32230758666992,86.8681869506836,67.55213165283203,76.9837875366211,30.518068313598633,2.7997028827667236,103.33908081054688
2017-02-02,29.543874740600586,56.47184371948242,65.55123138427734,54.6563606262207,87.12904357910156,67.88475799560547,76.8530502319336,30.621604919433594,2.835083246231079,102.69843292236328
2017-02-03,29.670299530029297,56.92774200439453,67.55828094482422,54.71530532836914,87.18274688720703,67.614013671875,80.38287353515625,30.725175857543945,2.8102684020996094,102.41059875488281
2017-02-06,29.94843101501465,56.89199447631836,67.24057006835938,54.56464767456055,86.99861907958984,67.60628509521484,80.14944458007812,30.739971160888672,2.8822569847106934,101.73281860351562
2017-02-07,30.233457565307617,56.70425796508789,67.20182037353516,54.210960388183594,87.05999755859375,68.07814025878906,80.10271453857422,30.99144744873047,2.9269731044769287,101.2035903930664
2017-02-08,30.35067367553711,56.623802185058594,66.6129150390625,53.854061126708984,86.99861907958984,68.32565307617188,79.45838928222656,31.080198287963867,2.9141976833343506,101.2035903930664
2017-02-09,30.569995880126953,57.267452239990234,67.57378387451172,54.09199523925781,87.52033233642578,68.5886459350586,79.91594696044922,30.510679244995117,2.8594067096710205,101.65853881835938
2017-02-10,30.50074005126953,57.213809967041016,67.41876983642578,54.54144287109375,88.41024780273438,68.04719543457031,80.21476745605469,30.015111923217773,2.7915947437286377,101.44499969482422
2017-02-13,30.770841598510742,57.85747146606445,68.30996704101562,54.85871505737305,88.90122985839844,68.31018829345703,80.71905517578125,30.044687271118164,2.662851333618164,101.80709838867188
2017-02-14,31.17022132873535,58.07332992553711,69.40261840820312,54.73973846435547,89.26946258544922,67.96210479736328,81.10189819335938,29.97812843322754,2.6726784706115723,102.43846130371094
2017-02-15,31.283336639404297,58.03736114501953,70.20079803466797,54.96445846557617,89.9139175415039,70.4837875366211,81.90182495117188,29.91155242919922,2.678083658218384,102.29918670654297
2017-02-16,31.246410369873047,58.02835464477539,70.15431213378906,54.39604187011719,90.58905029296875,70.22853088378906,81.78020477294922,30.47368812561035,2.63508677482605,102.79127502441406
2017-02-17,31.331819534301758,58.1182975769043,69.92183685302734,54.03913116455078,91.18744659423828,70.46060180664062,81.82701110839844,30.495882034301758,2.6345958709716797,102.18778228759766
2017-02-21,31.558063507080078,58.001373291015625,70.52627563476562,54.12504196166992,91.80118560791016,70.90923309326172,82.25735473632812,30.666000366210938,2.728942632675171,102.141357421875
2017-02-22,31.652713775634766,57.884464263916016,70.56501770019531,53.49053955078125,91.69378662109375,70.73133087158203,82.14508819580078,30.769546508789062,2.7247605323791504,102.24347686767578
2017-02-23,31.518814086914062,58.1182975769043,70.6192626953125,54.052345275878906,93.3662338256836,70.49153900146484,82.5005874633789,30.813934326171875,2.4721126556396484,101.88137817382812
2017-02-24,31.548826217651367,58.1182975769043,69.99933624267578,53.58967590332031,94.77949523925781,70.42963409423828,82.73450469970703,30.90268325805664,2.4959750175476074,102.4291763305664
2017-02-27,31.611154556274414,57.76753616333008,70.07682037353516,53.89371871948242,94.52462005615234,70.30587768554688,82.33221435546875,30.82132911682129,2.568547010421753,102.34561920166016
2017-02-28,31.62500762939453,57.54269027709961,70.22406768798828,53.74831008911133,94.37788391113281,70.44513702392578,82.27607727050781,31.035823822021484,2.4964663982391357,102.21561431884766
2017-03-01,32.271419525146484,58.406105041503906,72.53331756591797,54.87192153930664,95.65210723876953,70.9015121459961,83.25843048095703,31.183759689331055,2.528693437576294,103.0976791381836
2017-03-02,32.079811096191406,57.569664001464844,71.40193176269531,55.05699920654297,95.47451782226562,70.32137298583984,82.82807922363281,31.413055419921875,2.435457468032837,102.67986297607422
2017-03-03,32.26910400390625,57.7855224609375,71.91337585449219,54.50178909301758,95.59806823730469,70.00421905517578,83.07134246826172,31.42044448852539,2.421435594558716,103.28336334228516
2017-03-06,32.16752243041992,57.80351638793945,71.23146057128906,54.746337890625,95.53629302978516,69.90365600585938,83.21168518066406,31.198556900024414,2.4027392864227295,102.75414276123047
2017-03-07,32.20907974243164,57.920440673828125,70.83623504638672,54.54144287109375,95.62898254394531,69.8417739868164,83.32393646240234,31.058013916015625,2.4290611743927,102.93053436279297
2017-03-08,32.08903503417969,58.45106506347656,70.68122863769531,53.556617736816406,95.83748626708984,69.72573852539062,83.23037719726562,31.058013916015625,2.424633502960205,102.91197967529297
2017-03-09,32.01515197753906,58.21723175048828,70.960205078125,53.97964096069336,97.2661361694336,69.88043212890625,83.37074279785156,31.08759880065918,2.4241414070129395,103.08839416503906
2017-03-10,32.12134552001953,58.397117614746094,70.7354965209961,53.93999481201172,97.46697235107422,70.44513702392578,83.95079040527344,31.2799072265625,2.4384098052978516,102.98625946044922
2017-03-13,32.135196685791016,58.199249267578125,70.79747009277344,53.81443786621094,97.82991027832031,70.63076782226562,84.30631256103516,31.36199378967285,2.5055692195892334,103.5433578491211
2017-03-14,32.08671951293945,57.929439544677734,70.91373443603516,53.53020477294922,98.11563110351562,70.39097595214844,83.78237915039062,31.31722068786621,2.503847360610962,104.2768325805664
2017-03-15,32.42608642578125,58.23521041870117,71.08422088623047,54.19775390625,99.59064483642578,70.70040130615234,84.1285400390625,31.429147720336914,2.522789478302002,103.8683090209961
2017-03-16,32.479190826416016,58.13628005981445,71.01446533203125,54.24403381347656,99.20453643798828,70.73133087158203,84.24079132080078,31.526142120361328,2.553786516189575,103.7197494506836
2017-03-17,32.31758499145508,58.343162536621094,70.27053833007812,54.19775390625,98.89564514160156,70.39097595214844,84.42794036865234,31.36199378967285,2.6093838214874268,103.76618194580078
2017-03-20,32.65693283081055,58.397117614746094,69.766845703125,54.19775390625,98.90335083007812,70.5611572265625,83.43621826171875,31.473918914794922,2.6925337314605713,104.64823913574219
2017-03-21,32.28296661376953,57.74955749511719,67.72103881835938,54.08540725708008,98.27011108398438,70.53794860839844,82.38832092285156,31.71269416809082,2.60544753074646,103.75689697265625
2017-03-22,32.64769744873047,58.487037658691406,67.82952880859375,54.03913116455078,97.50555419921875,70.38324737548828,82.8187255859375,31.623165130615234,2.6585853099823,104.06328582763672
2017-03-23,32.532264709472656,58.343162536621094,67.72103881835938,54.10520935058594,97.22754669189453,70.21305847167969,83.13682556152344,31.466459274291992,2.634476900100708,104.21183776855469
2017-03-24,32.4676399230957,58.44208908081055,67.64353942871094,53.68882369995117,96.9031982421875,70.058349609375,83.44554138183594,31.429147720336914,2.643824338912964,104.11901092529297
2017-03-27,32.52304458618164,58.54999542236328,67.60478210449219,53.70204544067383,97.15032196044922,69.99647521972656,83.22099304199219,31.578386306762695,2.663012742996216,104.34182739257812
2017-03-28,33.19713592529297,58.72089767456055,68.65867614746094,54.09199523925781,97.04219055175781,70.20533752441406,83.38007354736328,31.660457611083984,2.6492364406585693,104.96391296386719
2017-03-29,33.27101135253906,58.88277053833008,68.40293884277344,54.210975646972656,96.47071838378906,70.0815658569336,83.43621826171875,31.65300178527832,2.640626907348633,104.48109436035156
2017-03-30,33.22713851928711,59.09864044189453,68.99189758300781,55.321353912353516,96.26994323730469,69.77216339111328,83.27714538574219,31.78731346130371,2.6913037300109863,105.0846176147461
2017-03-31,33.16482925415039,59.23353576660156,68.06973266601562,54.204376220703125,96.18499755859375,69.50141906738281,83.14618682861328,31.667911529541016,2.679741144180298,105.27958679199219
2017-04-03,33.174049377441406,58.95471954345703,67.8217544555664,54.24403381347656,96.2930908203125,69.36991882324219,83.60460662841797,31.64554214477539,2.6662118434906006,105.10318756103516
2017-04-04,33.421077728271484,59.11663818359375,68.04779052734375,54.44231414794922,96.28539276123047,69.5478286743164,83.06198120117188,31.847009658813477,2.4792463779449463,104.95462799072266
2017-04-05,33.24794387817383,58.96371078491211,67.17488098144531,54.54804992675781,96.3780517578125,69.59426879882812,83.29586029052734,31.76492691040039,2.460797071456909,104.91748046875
2017-04-06,33.16482925415039,59.11663818359375,67.40088653564453,54.86530303955078,96.57112884521484,69.15333557128906,83.35201263427734,31.839550018310547,2.478754997253418,104.96391296386719
2017-04-07,33.0909423828125,59.0716438293457,67.16708374023438,54.70009231567383,96.47071838378906,69.02184295654297,83.0245361328125,31.79477310180664,2.4681754112243652,104.52752685546875
2017-04-10,33.05171585083008,58.9367561340332,66.93328857421875,54.94462966918945,96.0228271484375,69.22295379638672,83.13682556152344,31.854476928710938,2.405198574066162,104.38825225830078
2017-04-11,32.69618225097656,58.89176940917969,66.81636810302734,54.75294876098633,95.9301528930664,69.46275329589844,83.12747955322266,31.832090377807617,2.413808584213257,104.98247528076172
2017-04-12,32.73542022705078,58.666927337646484,66.5591812133789,54.8388671875,96.84141540527344,69.85722351074219,82.9684066772461,32.04102325439453,2.3938825130462646,104.95462799072266
2017-04-13,32.562294006347656,58.415103912353516,65.77978515625,53.99285888671875,96.52476501464844,69.64065551757812,83.14618682861328,31.929100036621094,2.3491098880767822,105.10318756103516
2017-04-17,32.74235153198242,58.89176940917969,66.91768646240234,53.920162200927734,97.08853912353516,69.91910552978516,84.02564239501953,32.13801193237305,2.4411158561706543,105.6417007446289
2017-04-18,32.596920013427734,58.81082534790039,66.37213897705078,53.56984329223633,94.07673645019531,70.23626708984375,83.95079040527344,32.44394302368164,2.442591667175293,106.02237701416016
2017-04-19,32.47686767578125,58.49604797363281,65.8265380859375,53.19972229003906,93.72920989990234,69.83876037597656,83.96949005126953,32.257408142089844,2.4521870613098145,105.59528350830078
2017-04-20,32.883174896240234,58.909767150878906,66.67606353759766,53.54341506958008,94.1153335571289,69.6283187866211,85.27930450439453,32.15293884277344,2.491055488586426,106.57945251464844
2017-04-21,32.843936920166016,59.71921920776367,65.87334442138672,53.33193588256836,94.03038024902344,69.07489013671875,85.27930450439453,32.13801193237305,2.501387119293213,106.25447845458984
2017-04-24,33.16020202636719,60.73550796508789,68.19586944580078,53.60951614379883,94.90303039550781,69.79977416992188,85.93423461914062,32.294715881347656,2.532630205154419,105.56739807128906
2017-04-25,33.365665435791016,61.08627700805664,68.78816986083984,54.01930618286133,95.32007598876953,70.15055084228516,86.17749786376953,32.16786193847656,2.576664686203003,106.9415512084961
2017-04-26,33.16943359375,61.00531768798828,68.92070770263672,53.80118179321289,95.38184356689453,68.38897705078125,85.90619659423828,32.26486587524414,2.558953285217285,107.31295013427734
2017-04-27,33.19484329223633,61.401058197021484,68.2816162109375,53.70866012573242,95.55945587158203,68.3499984741211,85.70033264160156,32.09324645996094,2.5988059043884277,107.5543441772461
2017-04-28,33.16250991821289,61.571922302246094,67.80619049072266,53.966426849365234,95.35094451904297,68.06938934326172,85.34481048583984,32.19771957397461,2.5658411979675293,107.33151245117188
2017-05-01,33.83892822265625,62.42637634277344,67.8529281616211,54.2374267578125,95.25056457519531,67.88235473632812,85.38225555419922,32.24994659423828,2.6234068870544434,106.52374267578125
2017-05-02,34.05360412597656,62.327415466308594,67.41649627685547,54.230796813964844,95.52857208251953,67.20421600341797,86.57979583740234,32.376800537109375,2.545668363571167,106.18949890136719
2017-05-03,33.949737548828125,62.12956237792969,67.80619049072266,54.66042709350586,95.24284362792969,67.3678970336914,86.48625183105469,32.32456970214844,2.564610481262207,103.63618469238281
2017-05-04,33.8273811340332,61.88673400878906,67.8841323852539,53.95980453491211,95.72164916992188,67.38349914550781,86.65465545654297,32.5782585144043,2.5547702312469482,103.21837615966797
2017-05-05,34.38836669921875,62.05760192871094,67.80619049072266,54.210975646972656,95.38184356689453,67.42245483398438,86.15876770019531,32.60065460205078,2.5550153255462646,103.979736328125
2017-05-08,35.323326110839844,62.0036735534668,67.8841323852539,54.78599548339844,95.18103790283203,67.46142578125,85.9997329711914,32.7498893737793,2.5282022953033447,103.45050048828125
2017-05-09,35.549560546875,62.09357833862305,67.61133575439453,54.40263748168945,95.1501693725586,67.3445053100586,86.07460021972656,32.466331481933594,2.532383680343628,104.05400085449219
2017-05-10,35.381038665771484,62.336421966552734,68.14131164550781,54.64951705932617,94.84123992919922,67.41465759277344,86.30846405029297,32.5111083984375,2.9838051795959473,101.8163833618164
2017-05-11,35.687034606933594,61.571922302246094,67.93090057373047,55.11653137207031,95.14244842529297,67.16521453857422,86.16814422607422,32.58572769165039,3.111973524093628,101.74210357666016
2017-05-12,36.1854248046875,61.4999885559082,67.74382019042969,55.07651901245117,95.48223114013672,67.18083190917969,86.75756072998047,32.52605056762695,3.1461684703826904,101.84424591064453
2017-05-15,36.09269332885742,61.544944763183594,68.07120513916016,55.24331283569336,98.06932067871094,67.28995513916016,87.22537994384766,32.63050079345703,3.3041040897369385,101.32428741455078
2017-05-16,36.03937911987305,62.784175872802734,68.2816162109375,55.07651901245117,98.6716537475586,67.21981048583984,87.15052795410156,32.72004318237305,3.365605592727661,100.25654602050781
2017-05-17,34.82932662963867,61.03843688964844,65.67847442626953,54.702903747558594,97.8221664428711,67.23538208007812,86.00239562988281,32.77973556518555,3.1419870853424072,98.70599365234375
2017-05-18,35.36017990112305,61.2464714050293,65.43685913085938,54.54277038574219,98.05387115478516,66.931396484375,85.95551300048828,32.68273162841797,3.273599624633789,99.0495376586914
2017-05-19,35.48072052001953,61.2283821105957,66.07595825195312,54.66284942626953,98.07703399658203,67.21981048583984,86.6772232055664,32.757347106933594,3.349203109741211,99.82945251464844
2017-05-22,35.69629669189453,61.91581726074219,66.01358795166016,54.90303421020508,98.27781677246094,67.19642639160156,87.45512390136719,32.966285705566406,3.4206197261810303,99.93157196044922
2017-05-23,35.652252197265625,62.123863220214844,66.83973693847656,55.09652328491211,98.47860717773438,67.09508514404297,87.9706039428711,33.122982025146484,3.374568223953247,99.36521911621094
2017-05-24,35.545631408691406,62.20529556274414,66.80079650878906,54.90303421020508,98.47086334228516,67.42245483398438,88.86099243164062,33.60053634643555,3.412492513656616,100.00587463378906
2017-05-25,35.668487548828125,62.97414779663086,66.52018737792969,54.54277038574219,99.13943481445312,67.70306396484375,89.0765609741211,33.88407897949219,3.404858350753784,99.59733581542969
2017-05-26,35.60822296142578,63.28167724609375,66.52799987792969,54.40932083129883,98.66524505615234,68.00704956054688,88.72978210449219,33.8691520690918,3.4930219650268555,100.65579986572266
2017-05-30,35.62211990356445,63.68868637084961,65.39008331298828,54.10908508300781,98.81292724609375,68.12396240234375,88.7766342163086,33.89900207519531,3.5676403045654297,100.5907974243164
2017-05-31,35.41118240356445,63.17314529418945,64.02616882324219,53.70878982543945,99.69915008544922,68.66178894042969,89.25465393066406,33.92885208129883,3.5548348426818848,100.21942901611328
2017-06-01,35.5085334777832,63.40830993652344,64.73543548583984,53.84218978881836,100.11112976074219,68.69294738769531,89.41398620605469,34.167633056640625,3.5550808906555176,100.47010040283203
2017-06-02,36.03474426269531,64.90985107421875,64.4080810546875,53.04158401489258,101.12175750732422,69.051513671875,90.11689758300781,34.24224853515625,3.537348985671997,99.51377868652344
2017-06-05,35.68238830566406,65.38019561767578,64.52497863769531,53.45524215698242,101.33940887451172,69.16841125488281,90.49181365966797,34.31686019897461,3.6449670791625977,98.90097045898438
2017-06-06,35.802921295166016,65.5972900390625,64.6574935913086,54.18247985839844,101.70477294921875,69.21517944335938,89.77948760986328,34.309410095214844,3.628466844558716,97.95393371582031
2017-06-07,36.01620101928711,65.47972869873047,65.3979263305664,53.98230743408203,101.642578125,69.19181060791016,90.06067657470703,33.95869827270508,3.672302484512329,98.34390258789062
2017-06-08,35.928104400634766,65.08172607421875,66.20843505859375,53.78884506225586,101.48714447021484,68.4747085571289,90.06067657470703,33.67515182495117,3.938760995864868,96.85833740234375
2017-06-09,34.53493118286133,63.60730743408203,67.77500915527344,54.796295166015625,102.24897003173828,68.7163314819336,88.6266860961914,33.81692886352539,3.684123992919922,98.06536102294922
2017-06-12,33.70970153808594,63.11886978149414,67.79055786132812,55.33004379272461,102.47440338134766,68.77869415283203,87.6331787109375,33.82440185546875,3.69323468208313,99.38379669189453
2017-06-13,33.98091506958008,63.90580749511719,68.01660919189453,55.350059509277344,102.62985229492188,68.6384048461914,89.11406707763672,33.877052307128906,3.7284505367279053,98.93811798095703
2017-06-14,33.6494255065918,63.562103271484375,67.8763198852539,54.756263732910156,103.21290588378906,68.93456268310547,89.33900451660156,34.080177307128906,3.7363312244415283,98.54815673828125
2017-06-15,33.44775390625,63.22740936279297,67.47103881835938,54.883026123046875,103.42280578613281,69.66726684570312,88.26116943359375,34.04256820678711,3.752337694168091,98.39960479736328
2017-06-16,32.9795036315918,63.31785202026367,67.16708374023438,55.70365905761719,104.441162109375,69.88551330566406,88.26116943359375,34.087703704833984,3.7338693141937256,97.9632339477539
2017-06-19,33.92294692993164,64.10482025146484,68.64010620117188,55.21662139892578,104.22352600097656,70.04141235351562,88.84227752685547,34.14036560058594,3.874239683151245,97.83323669433594
2017-06-20,33.61465072631836,63.2364387512207,68.21146392822266,54.916385650634766,104.3401107788086,69.86213684082031,88.45797729492188,34.313392639160156,3.868575096130371,96.50552368164062
2017-06-21,33.81401062011719,63.562103271484375,67.89969635009766,54.3359375,104.87652587890625,69.68285369873047,88.6079330444336,34.019996643066406,3.9271867275238037,97.30400848388672
2017-06-22,33.75838088989258,63.55305862426758,67.8217544555664,54.09574508666992,105.76274871826172,69.39447021484375,88.0549545288086,33.907142639160156,3.900096893310547,96.7655029296875
2017-06-23,33.909053802490234,64.41238403320312,67.69708251953125,54.44936752319336,106.05809783935547,69.69844818115234,89.58268737792969,34.04256820678711,3.788292407989502,96.89547729492188
2017-06-26,33.80242919921875,63.79728317260742,67.99324798583984,54.20249557495117,105.98815155029297,69.65167236328125,89.24527740478516,34.177978515625,3.7469208240509033,98.01892852783203
2017-06-27,33.31794357299805,62.60325241088867,68.62452697753906,54.115760803222656,104.9542465209961,69.0671157836914,88.94535827636719,33.89209747314453,3.6097514629364014,97.87037658691406
2017-06-28,33.804744720458984,63.136959075927734,70.0040512084961,54.39598846435547,104.02916717529297,68.8800277709961,90.19190979003906,34.095218658447266,3.7370707988739014,99.21665954589844
2017-06-29,33.30633544921875,61.951988220214844,71.04061126708984,53.84218978881836,103.11186981201172,67.80441284179688,88.49546813964844,33.72658920288086,3.6122148036956787,98.14891815185547
2017-06-30,33.38517379760742,62.349998474121094,71.2354507446289,53.86221694946289,102.83978271484375,67.92908477783203,87.8956298828125,33.74162673950195,3.5600056648254395,98.65027618408203
2017-07-03,33.264625549316406,61.66254425048828,72.68524169921875,54.77627944946289,103.3139419555664,68.38897705078125,87.49261474609375,33.67392349243164,3.431208372116089,99.77373504638672
2017-07-05,33.40139389038086,62.485694885253906,73.41404724121094,53.94227600097656,103.88923645019531,68.33438873291016,88.11119079589844,33.719058990478516,3.5228195190429688,98.07463073730469
2017-07-06,33.08613586425781,62.02437210083008,73.17896270751953,53.45524215698242,103.01856231689453,68.10057830810547,87.39891052246094,33.40309143066406,3.533409357070923,96.67156982421875
2017-07-07,33.42225646972656,62.82939529418945,73.54730224609375,53.52195358276367,103.03408813476562,68.31883239746094,88.02684020996094,33.39556884765625,3.6141839027404785,96.64350891113281
2017-07-10,33.626251220703125,63.29975891113281,73.03005981445312,53.48193359375,102.26448822021484,67.88235473632812,89.12340545654297,33.3880500793457,3.785092353820801,96.89605712890625
2017-07-11,33.73518753051758,63.30882263183594,72.74793243408203,53.77548599243164,102.01573944091797,67.63290405273438,89.42335510253906,33.350425720214844,3.838778257369995,97.1299057006836
2017-07-12,33.78388214111328,64.35807800292969,72.49716186523438,54.01567459106445,102.79313659667969,67.7810287475586,90.14503479003906,33.485843658447266,4.002051830291748,97.635009765625
2017-07-13,34.254459381103516,64.91889190673828,72.95952606201172,54.022342681884766,102.5054931640625,67.57833862304688,89.92011260986328,33.42565155029297,3.9557535648345947,97.55081939697266
2017-07-14,34.548851013183594,65.8324966430664,72.29338836669922,54.22917938232422,103.08076477050781,67.89012145996094,90.84794616699219,33.613739013671875,4.062138080596924,98.29911804199219
2017-07-17,34.669395446777344,66.34806060791016,71.61944580078125,53.94895935058594,102.73094177246094,68.24088287353516,90.75425720214844,33.65135192871094,4.0449018478393555,98.01850128173828
2017-07-18,34.78993225097656,66.30286407470703,71.36866760253906,53.77548599243164,104.52667999267578,69.09048461914062,91.45718383789062,33.60621643066406,4.087013244628906,98.91646575927734
2017-07-19,35.0078239440918,66.80938720703125,71.4705581665039,53.94227600097656,105.10972595214844,69.40470886230469,92.08515930175781,33.72658920288086,4.065834999084473,99.9173355102539
2017-07-20,34.85020446777344,67.13502502441406,71.4705581665039,53.94895935058594,106.16695404052734,69.6010971069336,91.95393371582031,33.719058990478516,4.124937534332275,100.42243957519531
2017-07-21,34.83396530151367,66.74608612060547,71.22761535644531,53.45524215698242,105.1874771118164,69.60897827148438,93.35041809082031,33.877052307128906,4.139713287353516,100.16989135742188
2017-07-24,35.25586700439453,66.57421112060547,71.53324890136719,53.288455963134766,103.39946746826172,69.27117156982422,94.07213592529297,33.734107971191406,4.0916924476623535,100.08570098876953
2017-07-25,35.40655517578125,67.10787200927734,72.72444915771484,53.5553092956543,102.52104187011719,70.0252914428711,93.7159652709961,34.0350341796875,4.071990489959717,99.5431900024414
2017-07-26,35.57344055175781,66.98126983642578,72.04263305664062,53.622032165527344,101.79805755615234,70.15098571777344,94.52201080322266,34.41120147705078,4.1190266609191895,100.02957916259766
2017-07-27,34.901206970214844,66.17620849609375,71.7448501586914,53.92896270751953,101.70477294921875,71.2350845336914,93.32234191894531,34.697086334228516,3.983090400695801,102.891845703125
2017-07-28,34.65546798706055,66.06765747070312,71.53324890136719,53.108306884765625,102.49773406982422,70.86585235595703,92.9286880493164,34.61432647705078,4.048349857330322,102.85442352294922
2017-07-31,34.476985931396484,65.76011657714844,71.94075012207031,53.40187454223633,103.17403411865234,71.34503936767578,93.31295013427734,34.48642349243164,4.002051830291748,102.82637023925781
2017-08-01,34.7829704284668,65.65157318115234,72.9046859741211,53.488590240478516,103.01078796386719,71.56498718261719,94.54076385498047,34.381103515625,4.050811290740967,103.4624252319336
2017-08-02,36.42649459838867,65.36213684082031,72.96735382080078,53.77548599243164,102.73872375488281,71.51786804199219,94.92503356933594,34.298343658447266,4.048349857330322,101.64777374267578
2017-08-03,36.06257629394531,65.26262664794922,72.48931121826172,53.702083587646484,103.66381072998047,71.37645721435547,94.27831268310547,34.35853576660156,4.099819183349609,102.06871032714844
2017-08-04,36.25263214111328,65.74201965332031,73.39839172363281,53.51528549194336,103.53163146972656,71.22722625732422,94.55952453613281,34.230648040771484,4.117796421051025,100.73112487792969
2017-08-07,36.81363296508789,65.48877716064453,73.68050384521484,53.48193359375,103.28289031982422,71.83209228515625,95.12183380126953,34.335968017578125,4.244375705718994,99.47772979736328
2017-08-08,37.1080207824707,65.84151458740234,73.41404724121094,53.348480224609375,102.82421875,71.94209289550781,94.92503356933594,34.30588150024414,4.193892478942871,100.06700134277344
2017-08-09,37.335201263427734,65.55208587646484,73.29649353027344,53.51528549194336,103.57049560546875,72.20919036865234,94.63447570800781,34.298343658447266,4.238466262817383,96.1851577758789
2017-08-10,36.145999908447266,64.59326171875,72.24639129638672,53.19867706298828,103.46166229248047,72.0677490234375,93.24732208251953,34.41120147705078,4.0569682121276855,94.8008041381836
2017-08-11,36.6486701965332,65.57920837402344,71.6429672241211,52.68669891357422,103.46946716308594,71.7535400390625,93.80967712402344,34.298343658447266,3.840747356414795,95.39944458007812
2017-08-14,37.200225830078125,66.5651626586914,72.48148345947266,52.70016098022461,103.76485443115234,71.99706268310547,95.47804260253906,34.456329345703125,4.147101879119873,94.84757232666016
2017-08-15,37.60747528076172,66.58334350585938,72.66959381103516,52.57217788696289,103.68714141845703,72.42915344238281,96.19032287597656,34.749752044677734,4.112131595611572,94.95046997070312
2017-08-16,37.45621109008789,66.97435760498047,72.16803741455078,52.188175201416016,104.30123901367188,72.61767578125,96.99296569824219,34.75727844238281,4.067065715789795,95.59587860107422
2017-08-17,36.73710250854492,65.83767700195312,71.03955078125,51.373069763183594,103.42280578613281,72.32701110839844,95.90399932861328,34.501487731933594,3.976439952850342,94.82886505126953
2017-08-18,36.653324127197266,65.91951751708984,71.11006927490234,51.629051208496094,103.10409545898438,72.64122772216797,96.23257446289062,34.35853576660156,3.9771788120269775,94.19279479980469
2017-08-21,36.585845947265625,65.61034393310547,71.02388763427734,51.453895568847656,103.74151611328125,72.94757843017578,96.89908599853516,34.36606216430664,3.919307231903076,94.63243103027344
2017-08-22,37.18392562866211,66.5287857055664,71.75269317626953,51.69641876220703,104.71324920654297,72.89261627197266,97.69705963134766,34.30588150024414,4.006562232971191,96.1290512084961
2017-08-23,37.230464935302734,66.12866973876953,71.83885955810547,51.60883712768555,103.23622131347656,72.61767578125,96.86152648925781,34.26073455810547,4.086668968200684,94.94110870361328
2017-08-24,37.06523895263672,66.10140228271484,71.7213363647461,51.420230865478516,103.3061752319336,72.48412322998047,96.89908599853516,34.16292953491211,4.071631908416748,94.9598159790039
2017-08-25,37.202545166015625,66.21959686279297,72.01129913330078,51.68293762207031,103.01673889160156,72.67266845703125,97.02112579345703,34.28330612182617,4.037618160247803,95.79232025146484
2017-08-28,37.57720947265625,66.22870635986328,71.78401947021484,51.514530181884766,103.06368255615234,72.64122772216797,97.42483520507812,34.17045974731445,4.066209316253662,95.93260192871094
2017-08-29,37.9123420715332,66.42874908447266,71.39220428466797,51.50105667114258,103.43138122558594,72.52340698242188,97.41539001464844,34.19302749633789,4.059554576873779,95.94195556640625
2017-08-30,38.01474380493164,67.3017578125,71.55677032470703,51.2652702331543,102.5395278930664,72.16988372802734,97.37785339355469,34.14787673950195,4.083709716796875,96.22257232666016
2017-08-31,38.16600036621094,67.99285888671875,71.22761535644531,51.420230865478516,103.55652618408203,72.48412322998047,97.18070983886719,34.26825714111328,4.17638635635376,94.66049194335938
2017-09-01,38.17763900756836,67.23809051513672,71.86238098144531,51.58189392089844,102.50822448730469,72.68838500976562,97.53742980957031,34.441287994384766,4.2015275955200195,94.94110870361328
2017-09-05,37.71918869018555,66.93800354003906,70.14616394042969,51.99282455444336,101.62418365478516,72.837646484375,96.70195007324219,34.546630859375,4.089378356933594,95.0346450805664
2017-09-06,37.67961120605469,66.74703979492188,70.61634826660156,53.0706672668457,102.22657775878906,72.837646484375,96.86152648925781,34.57670593261719,4.086914539337158,94.94110870361328
2017-09-07,37.528350830078125,67.6018295288086,69.378173828125,53.23909378051758,103.41571807861328,73.03402709960938,98.15702056884766,34.81745147705078,4.105893611907959,90.78801727294922
2017-09-08,36.91630172729492,67.27447509765625,69.29195404052734,53.097633361816406,102.46910095214844,72.93189239501953,98.03498840332031,34.83250045776367,4.034657955169678,90.79737091064453
2017-09-11,37.584205627441406,67.98375701904297,70.36559295654297,53.38731384277344,104.21369934082031,73.83528137207031,99.649658203125,34.99801254272461,4.1655402183532715,90.81607818603516
2017-09-12,37.43526840209961,67.9110336303711,71.22761535644531,53.55570983886719,103.75996398925781,73.458251953125,99.70600128173828,35.148468017578125,4.180577278137207,91.56438446044922
2017-09-13,37.1536750793457,68.39298248291016,71.4313735961914,53.73759841918945,103.61912536621094,73.48963165283203,99.3492660522461,35.261322021484375,4.199309825897217,92.43428802490234
2017-09-14,36.834861755371094,67.99285888671875,71.29032897949219,53.95317840576172,104.97254943847656,73.48963165283203,99.58396911621094,34.96558380126953,4.1754021644592285,91.57374572753906
2017-09-15,37.207191467285156,68.48390197753906,71.7997055053711,53.9396858215332,105.18376159667969,73.26969909667969,98.85171508789062,35.01865005493164,4.439383029937744,92.1536636352539
2017-09-18,36.92561721801758,68.34750366210938,72.8184585571289,53.95317840576172,105.91136932373047,73.17542266845703,98.4104995727539,34.96558380126953,4.622764587402344,91.76081085205078
2017-09-19,36.939571380615234,68.60213470458984,73.61782836914062,54.040740966796875,105.78616333007812,73.97669219970703,98.95500183105469,34.86700439453125,4.617835998535156,92.06949615478516
2017-09-20,36.32053756713867,68.14745330810547,74.13504028320312,54.26303482055664,104.22154235839844,74.15738677978516,98.54192352294922,34.715335845947266,4.580617427825928,92.79908752441406
2017-09-21,35.69684600830078,67.48360443115234,74.4720230102539,53.818450927734375,103.07150268554688,72.7747802734375,98.8611068725586,34.42718505859375,4.455403804779053,92.49977111816406
2017-09-22,35.34776306152344,67.6655044555664,74.31529235839844,53.83866500854492,102.78985595703125,72.46054077148438,99.0958023071289,34.49543762207031,4.41202449798584,92.2284927368164
2017-09-25,35.03593063354492,66.61972045898438,73.75887298583984,54.552711486816406,102.61775970458984,72.837646484375,96.71131896972656,34.647098541259766,4.214837074279785,93.1358413696289
2017-09-26,35.638668060302734,66.61972045898438,73.42971801757812,54.492088317871094,102.43781280517578,72.78263092041016,96.63624572753906,34.556095123291016,4.238500595092773,92.25656127929688
2017-09-27,35.892333984375,67.15625762939453,74.58955383300781,54.85586929321289,101.5068588256836,71.38432312011719,97.52806091308594,33.85088348388672,4.331422328948975,92.8271484375
2017-09-28,35.671260833740234,67.17445373535156,74.74628448486328,55.36784744262695,101.28779602050781,71.40003967285156,98.1758041381836,34.05560302734375,4.330191135406494,91.71405792236328
2017-09-29,35.866729736328125,67.73822784423828,74.84819030761719,55.22636413574219,101.71025085449219,71.47076416015625,98.7953872680664,34.131446838378906,4.406354904174805,92.20045471191406
2017-10-02,35.794593811035156,67.84734344482422,75.89045715332031,54.990596771240234,102.6568832397461,72.09133911132812,98.98313903808594,33.97220230102539,4.41202449798584,93.40708923339844
2017-10-03,35.95051956176758,67.52909088134766,76.29011535644531,55.07817459106445,103.34532928466797,72.3663101196289,99.12398529052734,34.267940521240234,4.421143531799316,94.27698516845703
2017-10-04,35.71780014038086,67.92009735107422,75.51429748535156,55.098384857177734,103.96334838867188,72.6019515991211,98.8611068725586,34.503021240234375,4.458115100860596,94.05250549316406
2017-10-05,36.16228485107422,69.08407592773438,76.53112030029297,55.25331115722656,104.19805145263672,72.29557800292969,99.73416137695312,34.518192291259766,4.455650329589844,93.64093017578125
2017-10-06,36.14134216308594,69.11137390136719,76.39712524414062,55.044490814208984,104.22154235839844,72.53125762939453,100.19415283203125,34.49543762207031,4.468714237213135,93.603515625
2017-10-09,36.26701354980469,69.37505340576172,75.99513244628906,55.26007080078125,104.40145111083984,72.3663101196289,100.45700073242188,34.43476104736328,4.569525241851807,93.1358413696289
2017-10-10,36.28097915649414,69.37505340576172,76.56265258789062,55.415000915527344,104.75349426269531,71.9735336303711,100.7386245727539,34.783592224121094,4.656781196594238,93.14517974853516
2017-10-11,36.43224334716797,69.49329376220703,76.33403778076172,55.644039154052734,106.9049072265625,71.84780883789062,101.7994384765625,34.958003997802734,4.706322193145752,92.18174743652344
2017-10-12,36.30424880981445,70.12986755371094,75.66405487060547,55.529518127441406,107.04571533203125,72.38983917236328,101.48961639404297,34.96558380126953,4.708541393280029,90.66641998291016
2017-10-13,36.53465270996094,70.46630859375,75.56159210205078,55.516048431396484,106.73277282714844,73.0889892578125,102.00594329833984,35.01865005493164,4.796287536621094,91.08734130859375
2017-10-16,37.207191467285156,70.61181640625,77.12230682373047,55.78551483154297,106.49027252197266,73.16754150390625,101.66800689697266,35.35232162475586,4.878612518310547,91.78887176513672
2017-10-17,37.34450149536133,70.55725860595703,76.94889068603516,55.886558532714844,110.14372253417969,72.90046691894531,100.95453643798828,35.27649688720703,4.874176025390625,92.0040283203125
2017-10-18,37.17926788330078,70.57544708251953,77.24053192138672,55.7518310546875,110.05764770507812,72.87689971923828,101.1986083984375,35.18549346923828,4.869985580444336,91.90113067626953
2017-10-19,36.299591064453125,70.8482437133789,77.33512115478516,55.738346099853516,111.12165832519531,72.48908996582031,100.46639251708984,35.3295783996582,4.875410079956055,92.61201477050781
2017-10-20,36.362430572509766,71.66667938232422,78.4386978149414,55.98759841918945,111.40325927734375,69.84564971923828,100.96393585205078,35.17031478881836,4.853226184844971,92.97682189941406
2017-10-23,36.343807220458984,71.68488311767578,78.30469512939453,56.075172424316406,112.35771179199219,69.0937728881836,100.94515228271484,35.12483215332031,4.8463239669799805,92.3220443725586
2017-10-24,36.560245513916016,71.712158203125,79.55011749267578,56.23012924194336,110.80870819091797,68.84049987792969,101.77127075195312,35.01865005493164,4.897099494934082,91.93852996826172
2017-10-25,36.39966583251953,71.50298309326172,79.62892150878906,56.028018951416016,111.37200164794922,68.74551391601562,102.78512573242188,34.92008590698242,4.773364543914795,91.48020935058594
2017-10-26,36.63238525390625,71.62120819091797,80.19648742675781,56.23012924194336,110.94170379638672,69.2520751953125,103.0761489868164,35.056583404541016,4.823400974273682,92.19109344482422
2017-10-27,37.944915771484375,76.2134780883789,80.22010040283203,56.39179229736328,110.91824340820312,68.88799285888672,102.99164581298828,34.93525314331055,4.975479602813721,91.95722961425781
2017-10-30,38.79900360107422,76.28620910644531,79.93635559082031,56.27727127075195,109.52571105957031,68.27857208251953,103.30146026611328,34.77600860595703,5.024285316467285,91.70470428466797
2017-10-31,39.33890914916992,75.64059448242188,79.30577850341797,56.14927291870117,109.0641098022461,68.33396911621094,103.24512481689453,34.86700439453125,5.097488880157471,91.48956298828125
2017-11-01,38.83856201171875,75.64059448242188,79.55011749267578,56.49958038330078,109.51007080078125,68.7692642211914,104.26837158203125,34.73049545288086,5.107100963592529,92.63072967529297
2017-11-02,39.12248611450195,76.43173217773438,80.07825469970703,56.27055358886719,109.47093963623047,68.468505859375,104.18387603759766,34.79117965698242,5.076045036315918,91.99465942382812
2017-11-03,40.14411544799805,76.51355743408203,79.93635559082031,56.034759521484375,109.5882797241211,68.52393341064453,104.54061126708984,34.85942077636719,5.143827438354492,92.26593017578125
2017-11-06,40.55137634277344,76.81367492675781,79.43974304199219,56.41873550415039,109.337890625,68.1044921875,105.06632995605469,34.480262756347656,5.166996002197266,94.13668823242188
2017-11-07,40.681697845458984,76.63175964355469,77.83963775634766,56.304229736328125,109.34575653076172,68.84049987792969,105.22589111328125,34.8366813659668,5.226152420043945,95.04400634765625
2017-11-08,41.01449966430664,76.89547729492188,76.96465301513672,56.23012924194336,110.55839538574219,69.31537628173828,105.5826416015625,35.01865005493164,5.155412673950195,94.64179229736328
2017-11-09,40.93070602416992,76.46807861328125,76.9567642211914,56.56694030761719,109.79949951171875,69.47367858886719,105.2728500366211,35.056583404541016,5.060762405395508,96.04486083984375
2017-11-10,40.79524612426758,76.26805114746094,76.8621826171875,56.39019775390625,109.18148040771484,69.7743911743164,105.02877044677734,35.29165267944336,5.327456951141357,98.0091552734375
2017-11-13,40.63174819946289,76.32261657714844,77.13806915283203,56.3561897277832,109.337890625,70.43923950195312,104.5781478881836,35.42814636230469,5.240942001342773,97.97174835205078
2017-11-14,40.01750183105469,76.43173217773438,76.67300415039062,55.914249420166016,109.12672424316406,70.33634185791016,105.12266540527344,35.966548919677734,5.279144287109375,96.50320434570312
2017-11-15,39.489654541015625,75.83768463134766,77.39820861816406,55.2139778137207,108.82158660888672,69.82980346679688,103.49861145019531,35.496395111083984,5.175622940063477,96.98959350585938
2017-11-16,39.96144485473633,76.03873443603516,77.61891174316406,54.772037506103516,108.64166259765625,70.63711547851562,104.40609741210938,35.29924392700195,5.2158002853393555,96.90541076660156
2017-11-17,39.73957443237305,75.3075942993164,77.35879516601562,54.55447006225586,107.96102142333984,69.98809051513672,103.27759552001953,34.66225814819336,5.20963716506958,96.75575256347656
2017-11-20,39.699867248535156,75.42638397216797,78.0445785522461,54.76522445678711,107.90629577636719,69.8614730834961,103.39982604980469,34.47267532348633,5.276680946350098,96.1103515625
2017-11-21,40.43790817260742,76.51398468017578,77.98150634765625,54.982810974121094,108.22703552246094,70.21763610839844,104.81048583984375,34.715335845947266,5.3252387046813965,96.34417724609375
2017-11-22,40.86298751831055,75.95646667480469,77.7529067993164,55.139183044433594,107.40560150146484,69.90897369384766,104.21800231933594,34.760833740234375,5.30131196975708,96.10098266601562
2017-11-24,40.86530685424805,76.09355163574219,77.50065612792969,55.35674285888672,107.96884155273438,70.0039291381836,105.29949951171875,34.79117965698242,5.351383209228516,96.00746154785156
2017-11-27,40.6597785949707,76.65105438232422,77.19326782226562,55.1459846496582,108.70092010498047,70.40755462646484,105.68508911132812,34.80635452270508,5.281826496124268,96.14774322509766
2017-11-28,40.42156219482422,77.57413482666016,79.89692687988281,55.52672576904297,110.21215057373047,70.75582122802734,106.606689453125,34.75326156616211,5.197225570678711,96.7276840209961
2017-11-29,39.58308792114258,76.16666412353516,81.76510620117188,55.934669494628906,110.04685974121094,70.73995971679688,103.31523895263672,34.503021240234375,4.8447585105896,98.43942260742188
2017-11-30,40.13662338256836,76.92524719238281,82.38780975341797,56.628143310546875,109.66902923583984,71.2227554321289,105.882568359375,34.99231719970703,4.950572967529297,98.04656982421875
2017-12-01,39.94977951049805,77.00752258300781,82.60065460205078,56.74372100830078,110.1806640625,71.51560974121094,104.13338470458984,35.14521026611328,4.875836372375488,98.44879913330078
2017-12-04,39.657833099365234,74.10120391845703,84.30326843261719,56.818511962890625,109.4171371459961,72.34662628173828,101.02996826171875,35.3439826965332,4.6040263175964355,103.0976333618164
2017-12-05,39.62045669555664,74.56731414794922,83.33372497558594,56.3561897277832,109.93668365478516,72.33873748779297,102.11145782470703,35.3669319152832,4.6306633949279785,100.29148864746094
2017-12-06,39.473331451416016,75.6549072265625,82.71102142333984,55.94144821166992,111.03072357177734,72.22000122070312,103.20233917236328,35.51219177246094,4.668154239654541,98.64521789550781
2017-12-07,39.54573440551758,75.38985443115234,82.4666519165039,56.1250114440918,110.20423889160156,71.30982971191406,104.76345825195312,34.99994659423828,4.7354912757873535,98.45814514160156
2017-12-08,39.557395935058594,76.91609954833984,83.4992446899414,56.1998176574707,110.66080474853516,71.52352905273438,105.89198303222656,34.64064025878906,4.723158359527588,98.27899932861328
2017-12-11,40.32814025878906,77.89400482177734,83.2548828125,56.45137405395508,111.09370422363281,71.41273498535156,105.6756820678711,34.65591812133789,4.801347732543945,100.73054504394531
2017-12-12,40.1015739440918,78.21387481689453,84.22443389892578,56.267799377441406,112.24291229248047,71.1119613647461,106.70072937011719,34.625343322753906,4.707126617431641,101.29627990722656
2017-12-13,40.23471450805664,78.0036849975586,83.1681900024414,56.5125732421875,112.4711685180664,71.92716979980469,106.55968475341797,35.091712951660156,4.592186450958252,101.46601104736328
2017-12-14,40.2230339050293,77.40048217773438,82.49817657470703,56.362979888916016,111.4951400756836,72.02213287353516,106.19290924072266,35.19108200073242,4.599337100982666,104.25700378417969
2017-12-15,40.63174819946289,79.37458801269531,83.66478729248047,56.45137405395508,112.13269805908203,72.72653198242188,107.03929138183594,35.313411712646484,4.724884033203125,104.91704559326172
2017-12-18,41.2039680480957,78.94499969482422,84.31116485595703,56.39019775390625,111.61323547363281,72.71859741210938,106.78540802001953,35.11463165283203,4.881261825561523,104.69073486328125
2017-12-19,40.764888763427734,78.44236755371094,83.95642852783203,56.050254821777344,111.59749603271484,72.56033325195312,105.4593734741211,35.267547607421875,4.837110996246338,105.42621612548828
2017-12-20,40.72051239013672,78.15901947021484,83.66478729248047,56.342586517333984,111.10948181152344,72.44161987304688,105.4405746459961,35.22931671142578,4.854132175445557,103.42726135253906
2017-12-21,40.87464904785156,78.14075469970703,84.9969253540039,57.00886535644531,111.03072357177734,72.55240631103516,105.71330261230469,34.86233901977539,4.831686019897461,103.31410217285156
2017-12-22,40.87464904785156,78.14990234375,84.69737243652344,57.09047317504883,110.29085540771484,72.91648864746094,105.97660827636719,34.854698181152344,4.816392421722412,102.4654769897461
2017-12-26,39.83768081665039,78.04937744140625,84.35842895507812,57.09728240966797,110.26725769042969,73.19351196289062,106.25871276855469,35.02289581298828,4.8699164390563965,101.94688415527344
2017-12-27,39.844669342041016,78.33270263671875,84.51610565185547,57.042884826660156,110.64505004882812,72.89275360107422,107.22737121582031,35.11463165283203,4.863256931304932,101.49427795410156
2017-12-28,39.95677947998047,78.3418197631836,84.96540069580078,57.12446975708008,110.63719177246094,72.86901092529297,107.5377197265625,34.95408630371094,4.868928909301758,101.61687469482422
2017-12-29,39.524696350097656,78.17733001708984,84.29536437988281,56.86611557006836,109.97599029541016,72.71859741210938,107.22737121582031,35.076416015625,4.772736072540283,101.3717041015625
2018-01-02,40.23236846923828,78.55204010009766,85.09150695800781,57.8111686706543,109.59031677246094,71.74512481689453,107.6882095336914,34.81646728515625,4.917027950286865,105.41679382324219
2018-01-03,40.22536849975586,78.9176025390625,85.17823028564453,58.94655990600586,110.63719177246094,71.65807342529297,108.7602767944336,34.740013122558594,5.240635871887207,105.86936950683594
2018-01-04,40.41221618652344,79.61217498779297,86.39844512939453,59.028167724609375,110.62933349609375,72.16460418701172,109.16466522216797,35.22931671142578,5.268261432647705,105.82221984863281
2018-01-05,40.87233352661133,80.59923553466797,85.84380340576172,58.980567932128906,111.54239654541016,72.2120590209961,111.7790298461914,35.22166442871094,5.312903881072998,105.24705505371094
2018-01-08,40.72051239013672,80.68146514892578,85.9706039428711,59.245723724365234,111.68403625488281,72.59197998046875,112.2304458618164,35.16815948486328,5.475696563720703,103.73841857910156
2018-01-09,40.715843200683594,80.62664794921875,86.40638732910156,58.99415588378906,113.455078125,72.06172180175781,112.0141372680664,35.3439826965332,5.474215984344482,103.66297149658203
2018-01-10,40.70649337768555,80.2610855102539,87.35720825195312,58.52503204345703,113.32125854492188,71.60267639160156,111.89190673828125,35.22166442871094,5.51713228225708,103.21981048583984
2018-01-11,40.937713623046875,80.49870300292969,87.82466888427734,59.102943420410156,113.9666976928711,71.34940338134766,112.7006607055664,35.198726654052734,5.52700138092041,104.65300750732422
2018-01-12,41.36044692993164,81.88787841796875,89.27468872070312,59.504085540771484,114.73017883300781,70.92203521728516,112.93576049804688,35.282833099365234,5.499868869781494,106.04852294921875
2018-01-16,41.1502571105957,80.74543762207031,88.95775604248047,59.1301383972168,115.59600067138672,71.4048080444336,113.21790313720703,35.57334518432617,5.429078102111816,104.37014770507812
2018-01-17,41.82990264892578,82.38137817382812,89.52823638916016,59.830467224121094,115.6904525756836,72.180419921875,114.71318817138672,35.79505920410156,5.542786121368408,105.57707214355469
2018-01-18,41.867271423339844,82.34481811523438,89.74220275878906,59.442893981933594,115.64323425292969,71.9172592163086,115.77584838867188,35.8409309387207,5.535879611968994,104.11556243896484
2018-01-19,41.68042755126953,82.25341796875,89.54412078857422,59.25251770019531,115.98955535888672,72.62703704833984,115.3902816772461,36.05500030517578,5.675731658935547,104.27587127685547
2018-01-22,41.339439392089844,83.72486877441406,90.59000396728516,60.000396728515625,116.60354614257812,73.28094482421875,116.92317962646484,36.22319412231445,5.764034271240234,104.75675201416016
2018-01-23,41.34877014160156,83.98991394042969,90.49493408203125,60.034393310546875,111.63682556152344,71.01610565185547,117.22412872314453,36.276710510253906,5.892786026000977,104.10614013671875
2018-01-24,40.690147399902344,83.91679382324219,91.65176391601562,60.19075393676758,111.82574462890625,70.42596435546875,117.13007354736328,36.56722640991211,5.81607723236084,104.19099426269531
2018-01-25,39.963783264160156,84.38288879394531,91.6755142211914,60.08199691772461,113.65970611572266,70.44986724853516,117.7601547241211,36.57488250732422,5.829644680023193,104.23815155029297
2018-01-26,40.057212829589844,85.96395111083984,92.1667709350586,60.51032257080078,114.39173126220703,69.96343231201172,118.79462432861328,37.10239791870117,6.0018086433410645,105.78451538085938
2018-01-29,39.22808074951172,85.83602142333984,92.07172393798828,59.83723831176758,113.093017578125,69.26959991455078,117.40278625488281,36.46783447265625,6.08862829208374,105.17162322998047
2018-01-30,38.99686813354492,84.75759887695312,91.20804595947266,59.000953674316406,112.10909271240234,69.34138488769531,116.18964385986328,36.24612808227539,5.986760139465332,103.82327270507812
2018-01-31,39.104312896728516,86.83220672607422,91.65176391601562,59.35450744628906,108.77169799804688,68.85491180419922,116.82913970947266,36.38373947143555,6.062730312347412,102.4654769897461
2018-02-01,39.18605422973633,86.14679718017578,92.60260009765625,60.55792236328125,110.21215057373047,68.46414184570312,118.23037719726562,36.276710510253906,5.932004451751709,104.18158721923828
2018-02-02,37.48575210571289,83.8802261352539,90.55039978027344,57.47121810913086,108.37027740478516,67.18816375732422,113.7069091796875,35.72624969482422,5.7598419189453125,102.49376678466797
2018-02-05,36.54918670654297,80.42559051513672,86.20829772949219,54.2009391784668,102.63219451904297,64.64417266845703,109.34333038330078,34.31952667236328,5.27097225189209,98.72215270996094
2018-02-06,38.07666015625,83.46896362304688,88.83097076416016,53.26947021484375,103.7656478881836,65.69686889648438,112.82290649414062,34.151344299316406,5.563998222351074,100.10823059082031
2018-02-07,37.26154327392578,81.8969955444336,89.43318176269531,52.310829162597656,103.44293975830078,65.2662353515625,112.52197265625,34.06723403930664,5.643421173095703,98.77873992919922
2018-02-08,36.23623275756836,77.69293212890625,85.47933959960938,51.719329833984375,99.46012878417969,63.97429275512695,107.07691192626953,32.95103073120117,5.3651957511901855,95.56342315673828
2018-02-09,36.67945861816406,80.59011840820312,87.1908187866211,52.049007415771484,101.95529174804688,63.73506164550781,109.3903579711914,32.97396469116211,5.724321365356445,97.2040786743164
2018-02-12,38.15685272216797,81.45831298828125,88.5378189086914,52.48860168457031,102.53775787353516,64.85950469970703,111.41228485107422,33.61616897583008,5.6244282722473145,97.48695373535156
2018-02-13,38.53911590576172,82.09806060791016,89.08454895019531,52.40617370605469,102.29374694824219,64.99505615234375,111.29944610595703,33.784366607666016,5.737889289855957,98.1752700805664
2018-02-14,39.24966049194336,83.3835678100586,91.14466094970703,52.516048431396484,102.06546783447266,64.34114837646484,113.63166046142578,33.71555709838867,5.9546966552734375,98.62786865234375
2018-02-15,40.56759262084961,85.0822982788086,91.5250015258789,52.344364166259766,103.29338073730469,65.72078704833984,115.19549560546875,34.235435485839844,6.079995155334473,99.17473602294922
2018-02-16,40.4362678527832,84.47624206542969,90.86734008789062,52.571014404296875,104.80463409423828,65.872314453125,114.79039001464844,34.38833999633789,6.01438570022583,100.44766998291016
2018-02-20,40.30026626586914,85.13739776611328,90.89110565185547,52.028404235839844,103.0100326538086,64.86746215820312,114.94115447998047,33.6314582824707,6.143632888793945,99.9290771484375
2018-02-21,40.11735153198242,84.0079574584961,91.27142333984375,51.437721252441406,102.25437927246094,63.990257263183594,113.45268249511719,33.13451385498047,5.956916809082031,99.05216979980469
2018-02-22,40.45269775390625,84.22835540771484,91.10504913330078,52.10395050048828,102.25437927246094,64.46873474121094,113.40559387207031,33.27212905883789,5.976414203643799,99.2313003540039
2018-02-23,41.156219482421875,86.36776733398438,92.95121765136719,53.2509765625,103.91519165039062,64.6362075805664,115.80783081054688,33.66968536376953,6.06970739364624,101.12657928466797
2018-02-26,41.969970703125,87.61656951904297,94.1080551147461,54.15073776245117,104.6202392578125,65.09874725341797,117.37165069580078,33.66202926635742,6.08574914932251,103.54039001464844
2018-02-27,41.833961486816406,86.49632263183594,92.99082946777344,53.23037338256836,104.3033676147461,64.2294921875,116.22235870361328,33.34858322143555,6.072915554046631,98.88245391845703
2018-02-28,41.770626068115234,86.10151672363281,91.51708984375,52.021541595458984,102.88540649414062,62.61858367919922,115.8172607421875,33.04277038574219,5.972712993621826,97.27008819580078
2018-03-01,41.038970947265625,85.2567367553711,89.87691497802734,51.6506462097168,100.8257827758789,62.76213073730469,113.42440795898438,33.20332717895508,5.731090068817139,96.71376037597656
2018-03-02,41.322715759277344,85.44039154052734,89.78971099853516,51.89103698730469,102.04573059082031,63.40012741088867,113.77298736572266,33.4250373840332,5.837954998016357,97.10977935791016
2018-03-05,41.465763092041016,85.9821548461914,91.16842651367188,52.385562896728516,102.81409454345703,64.0301284790039,114.81867980957031,33.55500793457031,5.815989971160889,97.50580596923828
2018-03-06,41.43059158325195,85.68832397460938,91.24768829345703,52.3237419128418,101.57044982910156,63.81480407714844,114.04617309570312,33.58558654785156,5.976659774780273,98.94845581054688
2018-03-07,41.04599380493164,86.18414306640625,90.90696716308594,51.005008697509766,102.2199935913086,63.12895965576172,114.79039001464844,33.501495361328125,5.96876335144043,97.67552947998047
2018-03-08,41.49391555786133,86.70750427246094,90.91488647460938,50.90886306762695,104.6123046875,63.77492904663086,115.13895416259766,33.98313903808594,5.952473163604736,98.09040069580078
2018-03-09,42.20681381225586,88.64498901367188,93.52965545654297,51.211055755615234,105.99065399169922,64.0301284790039,117.29631805419922,34.26600646972656,6.054896831512451,98.75044250488281
2018-03-12,42.614864349365234,88.8561782836914,93.22857666015625,51.6781120300293,105.0638427734375,63.68720245361328,117.04197692871094,34.0443000793457,6.16423225402832,99.16532135009766
2018-03-13,42.2044792175293,86.68917846679688,92.11133575439453,51.190460205078125,106.42634582519531,63.57557678222656,116.06220245361328,34.07488250732422,6.113637447357178,97.80754089355469
2018-03-14,41.84566879272461,86.17496490478516,91.08126831054688,50.551692962646484,104.8182601928711,63.001365661621094,115.4781265258789,33.7663688659668,6.139059543609619,97.96782684326172
2018-03-15,41.89491271972656,86.47799682617188,91.3110580444336,51.114906311035156,105.40444946289062,62.738189697265625,116.2600326538086,33.68153762817383,6.153868198394775,97.34551239013672
2018-03-16,41.7471809387207,86.86363220214844,91.46954345703125,51.595699310302734,105.89558410644531,62.97744369506836,117.3151626586914,33.519561767578125,6.182003021240234,96.99664306640625
2018-03-19,41.10931396484375,85.29346466064453,90.74848937988281,50.929466247558594,103.17058563232422,62.73023986816406,116.07160949707031,33.36530685424805,5.948030948638916,95.68598937988281
2018-03-20,41.095252990722656,85.51383209228516,90.83563232421875,50.819557189941406,103.93896484375,62.45109176635742,117.67315673828125,33.288185119628906,6.159790515899658,95.56342315673828
2018-03-21,40.16425323486328,84.91700744628906,90.91488647460938,51.540748596191406,103.92312622070312,61.43830490112305,116.0810546875,33.16477966308594,6.134617805480957,96.00658416748047
2018-03-22,39.59673309326172,82.44700622558594,87.1194839477539,50.483001708984375,100.9050064086914,60.93588638305664,113.0381851196289,32.979671478271484,5.969007968902588,94.85624694824219
2018-03-23,38.67981719970703,80.05044555664062,84.78997802734375,50.064022064208984,99.09889221191406,60.537139892578125,110.22140502929688,32.648033142089844,5.749844074249268,92.91384887695312
2018-03-26,40.51599884033203,86.1106948852539,87.40473175048828,50.826419830322266,100.91292572021484,60.93588638305664,113.65049743652344,32.925682067871094,6.033919811248779,94.90338897705078
2018-03-27,39.477134704589844,82.15319061279297,85.70909118652344,50.6203727722168,100.7703628540039,62.036415100097656,110.59822082519531,33.07993698120117,5.565974712371826,93.68704986572266
2018-03-28,39.040950775146484,82.0797119140625,85.57439422607422,50.009090423583984,100.96044921875,62.873775482177734,110.21197509765625,33.411598205566406,5.463055610656738,92.91384887695312
2018-03-29,39.34581756591797,83.80595397949219,87.13536071777344,51.245426177978516,101.51496124267578,63.22467803955078,112.68963623046875,33.49642562866211,5.715785026550293,94.70538330078125
2018-04-02,39.087860107421875,81.28085327148438,85.45556640625,50.290687561035156,98.6711196899414,61.72539138793945,111.53086853027344,32.91026306152344,5.455650806427002,93.0270004272461
2018-04-03,39.488868713378906,82.37352752685547,86.62821197509766,51.52701187133789,101.67342376708984,62.57075119018555,112.2939453125,33.457855224609375,5.561779975891113,93.74361419677734
2018-04-04,40.243980407714844,84.7792739868164,87.94353485107422,51.42399215698242,103.30525207519531,63.04121398925781,112.86861419677734,34.121158599853516,5.583745002746582,95.18626403808594
2018-04-05,40.523040771484375,84.82515716552734,89.0982894897461,52.213844299316406,103.54291534423828,62.84187316894531,114.16864013671875,34.244564056396484,5.463797569274902,96.28003692626953
2018-04-06,39.48651123046875,82.85099792480469,86.87641143798828,51.42399215698242,101.47537994384766,62.546783447265625,110.88085174560547,33.87434387207031,5.287823677062988,94.62051391601562
2018-04-09,39.87816619873047,83.34686279296875,87.9196548461914,51.42399215698242,102.56854248046875,62.331485748291016,111.90770721435547,33.80493927001953,5.31645393371582,94.00761413574219
2018-04-10,40.62858200073242,85.2842788696289,89.60000610351562,52.935035705566406,103.1784896850586,62.49894714355469,113.72588348388672,33.92833709716797,5.6249613761901855,95.58228302001953
2018-04-11,40.43862533569336,84.34770202636719,88.09484100341797,53.18230056762695,102.6873779296875,62.419189453125,112.84034729003906,33.92833709716797,5.583745002746582,95.0448226928711
2018-04-12,40.83728790283203,85.92705535888672,90.28487396240234,53.038063049316406,103.32108306884766,62.036415100097656,114.05563354492188,33.95918273925781,5.790075778961182,94.65823364257812
2018-04-13,40.975643157958984,85.46794891357422,87.84001922607422,53.46391677856445,103.47158813476562,62.49894714355469,113.75414276123047,34.32939910888672,5.713565349578857,94.62051391601562
2018-04-16,41.23126220703125,86.46880340576172,87.7683334350586,53.94471740722656,104.37464904785156,62.69035720825195,114.81867980957031,34.46052169799805,5.713316917419434,94.51679229736328
2018-04-17,41.79876708984375,88.21342468261719,87.7683334350586,53.80046844482422,103.40821075439453,62.546783447265625,116.62743377685547,34.61478042602539,5.862636566162109,96.33660125732422
2018-04-18,41.70497512817383,88.55316925048828,87.05955505371094,54.41175079345703,101.17435455322266,62.363380432128906,117.2680435180664,34.32939910888672,5.833760738372803,95.43141174316406
2018-04-19,40.523040771484375,88.25015258789062,88.97086334228516,54.549129486083984,101.03970336914062,60.32466125488281,116.77819061279297,34.17515182495117,5.65285062789917,95.12969207763672
2018-04-20,38.86271667480469,87.23090362548828,88.77177429199219,54.26063537597656,100.33464813232422,59.3990592956543,117.00425720214844,33.73552703857422,5.644706726074219,94.51679229736328
2018-04-23,38.75016403198242,87.55227661132812,88.34174346923828,54.65215301513672,100.46932983398438,58.755157470703125,117.24919128417969,33.92061996459961,5.52549934387207,94.43193817138672
2018-04-24,38.21079635620117,85.5046615600586,87.92764282226562,53.81419372558594,99.96235656738281,58.35273361206055,114.24402618408203,33.2187614440918,5.459355354309082,93.78133392333984
2018-04-25,38.377288818359375,84.76090240478516,87.59312438964844,54.604068756103516,100.41387939453125,58.1917610168457,114.18749237060547,32.72514343261719,5.3473052978515625,95.37482452392578
2018-04-26,38.51095962524414,86.55146789550781,87.68074798583984,55.538177490234375,101.40408325195312,58.553958892822266,119.71743774414062,32.97195816040039,5.558570861816406,94.1396255493164
2018-04-27,38.06540298461914,87.9838638305664,87.123291015625,53.429569244384766,101.61003875732422,58.60224533081055,118.70938873291016,33.40388107299805,5.58596658706665,93.56446838378906
2018-04-30,38.75485610961914,85.87194061279297,86.62950897216797,53.402099609375,100.1999740600586,58.22396469116211,119.52898406982422,33.326759338378906,5.550673007965088,94.60166931152344
2018-05-01,39.65536880493164,87.23090362548828,86.62950897216797,52.85261535644531,99.81975555419922,57.91812515258789,120.12249755859375,32.84856033325195,5.605957508087158,94.34708404541016
2018-05-02,41.40714645385742,85.8627700805664,85.94465637207031,52.749610900878906,97.83142852783203,57.09714889526367,119.05794525146484,32.43979263305664,5.585472583770752,93.93218994140625
2018-05-03,41.4821891784668,86.37698364257812,85.40310668945312,52.571014404296875,97.45913696289062,57.43519592285156,119.8116226196289,32.30865478515625,5.750338554382324,93.12129974365234
2018-05-04,43.109676361083984,87.37783813476562,86.35079193115234,52.81828689575195,98.37803649902344,58.29640579223633,120.73486328125,32.671165466308594,5.900150299072266,95.37482452392578
2018-05-07,43.421566009521484,88.35115051269531,87.09939575195312,53.39522933959961,97.90272521972656,57.93421173095703,121.77108001708984,32.5014762878418,6.137578010559082,96.62891387939453
2018-05-08,43.630279541015625,87.97467803955078,88.3895263671875,53.635616302490234,97.1264419555664,57.49959182739258,122.37401580810547,32.246952056884766,6.180029392242432,95.9782943725586
2018-05-09,43.9374885559082,89.01226043701172,90.3167495727539,54.899410247802734,97.83936309814453,58.24809265136719,123.25958251953125,32.22381591796875,6.312809944152832,94.26220703125
2018-05-10,44.56596755981445,89.90296173095703,91.01753234863281,56.12887954711914,99.29693603515625,58.87590408325195,123.41028594970703,32.532325744628906,6.42017126083374,95.87458038330078
2018-05-11,44.3964729309082,89.71011352539062,90.67510223388672,56.39249801635742,100.79409790039062,59.0529899597168,124.18282318115234,32.5014762878418,6.281960964202881,96.24232482910156
2018-05-14,44.292884826660156,90.01313018798828,90.70697784423828,56.77410125732422,99.85936737060547,58.98052978515625,123.60816192626953,32.42436218261719,6.302444934844971,96.5911865234375
2018-05-15,43.89033889770508,89.36116027832031,90.01412200927734,56.74635696411133,99.12265014648438,58.714927673339844,123.5045166015625,32.177555084228516,6.06057596206665,97.04378509521484
2018-05-16,44.299949645996094,89.59173583984375,90.260986328125,56.905906677246094,99.29693603515625,59.18175506591797,123.3066635131836,32.04642105102539,6.071682929992676,99.0427474975586
2018-05-17,44.019805908203125,88.69721221923828,89.95835876464844,56.80877685546875,98.10869598388672,59.5278434753418,122.59898376464844,32.624881744384766,6.113637447357178,98.3827133178711
2018-05-18,43.85972595214844,88.86320495605469,88.50099182128906,56.40639877319336,98.41764068603516,59.11735916137695,122.59898376464844,32.532325744628906,6.069953441619873,97.99610900878906
2018-05-21,44.17047119140625,90.0067138671875,89.31330871582031,57.086326599121094,98.00572204589844,59.60832595825195,123.28776550292969,32.70972442626953,6.0279951095581055,98.11870574951172
2018-05-22,44.05983352661133,89.91448974609375,89.99818420410156,56.64226531982422,97.36405944824219,59.58417510986328,123.3349609375,32.58631134033203,5.989987850189209,98.12812042236328
2018-05-23,44.34233856201172,90.98429870605469,89.58407592773438,56.99612045288086,97.7918472290039,59.70491409301758,124.43897247314453,32.70200729370117,6.11322021484375,97.0154800415039
2018-05-24,44.292884826660156,90.6614990234375,88.58064270019531,55.69175720214844,96.84122467041016,59.37491226196289,124.44839477539062,32.64031219482422,6.116925239562988,96.28003692626953
2018-05-25,44.39411926269531,90.7076187133789,88.12670135498047,54.609432220458984,96.93699645996094,59.80953598022461,123.87278747558594,32.70200729370117,6.156191349029541,96.36488342285156
2018-05-29,44.234039306640625,90.38484191894531,84.35984802246094,54.40821075439453,95.28506469726562,59.600284576416016,122.37251281738281,32.91796875,6.139150619506836,93.99820709228516
2018-05-30,44.139869689941406,91.25170135498047,86.28709411621094,56.54514694213867,96.53800201416016,60.2763671875,123.2689437866211,33.26504898071289,6.2478132247924805,94.27164459228516
2018-05-31,43.99156188964844,91.15023040771484,85.21995544433594,56.36476135253906,95.46064758300781,58.89200973510742,123.34439086914062,33.16477966308594,6.228054523468018,93.79076385498047
2018-06-01,44.78490447998047,92.94853973388672,86.3269271850586,56.77410125732422,96.7694320678711,59.11735916137695,123.46708679199219,33.25732421875,6.362153053283691,93.68704986572266
2018-06-04,45.15921401977539,93.76007843017578,86.36672973632812,56.17742919921875,97.32005310058594,59.70491409301758,125.56184387207031,33.54269790649414,6.540707588195801,94.51679229736328
2018-06-05,45.50761032104492,94.2396469116211,85.88094329833984,55.976234436035156,96.94499206542969,59.535884857177734,126.02417755126953,33.24961853027344,6.546139717102051,94.23391723632812
2018-06-06,45.66535949707031,94.51628112792969,87.88778686523438,56.93368148803711,97.99039459228516,59.84172821044922,128.59063720703125,33.519561767578125,6.548116207122803,96.0914535522461
2018-06-07,45.542930603027344,93.03153991699219,88.23818969726562,57.50259780883789,98.42135620117188,60.97659683227539,126.28833770751953,33.50413131713867,6.49254846572876,96.61946868896484
2018-06-08,45.12860107421875,93.72319030761719,88.48506927490234,58.00214385986328,99.00389862060547,62.1195182800293,127.13761138916016,33.897483825683594,6.477238655090332,98.04325866699219
2018-06-11,45.017974853515625,93.18833923339844,88.26209259033203,57.655242919921875,97.88667297363281,62.40119171142578,126.35441589355469,34.03631591796875,6.436244010925293,98.39212799072266
2018-06-12,45.265132904052734,93.42810821533203,87.75240325927734,57.18342971801758,97.79090118408203,62.167789459228516,127.25080871582031,34.25226593017578,6.484646320343018,98.37327575683594
2018-06-13,44.893184661865234,93.00386047363281,87.57721710205078,56.55207443237305,97.86270904541016,61.54804611206055,126.81675720214844,34.07487106323242,6.480201244354248,100.240234375
2018-06-14,44.91672134399414,93.52950286865234,86.0322494506836,56.81571578979492,97.68714904785156,61.16172790527344,127.3829345703125,33.91146469116211,6.591579437255859,102.54092407226562
2018-06-15,44.4553337097168,92.33989715576172,85.92871856689453,55.96235275268555,97.8467788696289,62.28047561645508,127.47727966308594,34.33165740966797,6.550831317901611,102.63520050048828
2018-06-18,44.43178176879883,93.01310729980469,86.15170288085938,56.0733528137207,96.81729888916016,61.04097366333008,128.51524353027344,33.888126373291016,6.546634674072266,100.94740295410156
2018-06-19,43.713775634765625,93.01310729980469,85.64997863769531,55.9901008605957,97.81485748291016,61.435359954833984,127.48668670654297,33.92703628540039,6.425130844116211,100.0422134399414
2018-06-20,43.90446090698242,93.94452667236328,85.64201354980469,55.816650390625,97.3918685913086,61.04901885986328,127.854736328125,33.6624641418457,6.47797966003418,101.03227233886719
2018-06-21,43.659629821777344,93.27133178710938,85.61813354492188,55.28934860229492,96.92102813720703,61.52389907836914,126.93938446044922,33.530181884765625,6.3495612144470215,99.8442153930664
2018-06-22,43.53252029418945,92.59810638427734,84.21651458740234,56.46187973022461,98.03030395507812,62.32072448730469,127.69432067871094,33.654685974121094,6.1974334716796875,100.26850891113281
2018-06-25,42.8851203918457,90.73529052734375,83.45199584960938,55.324058532714844,97.830810546875,62.61048126220703,123.54256439208984,33.91146469116211,5.905281066894531,98.48641967773438
2018-06-26,43.41716384887695,91.37161254882812,83.50774383544922,55.948482513427734,97.6392822265625,62.77949905395508,125.07111358642578,33.71693420410156,5.976158142089844,98.30728912353516
2018-06-27,43.35360336303711,89.9513931274414,82.21760559082031,56.69085693359375,97.0487289428711,62.529991149902344,123.62748718261719,33.51461410522461,5.821315765380859,98.0244140625
2018-06-28,43.66905212402344,90.95658111572266,83.5634994506836,56.871238708496094,97.35992431640625,62.81975173950195,125.25045776367188,33.82587814331055,5.948252201080322,98.78813934326172
2018-06-29,43.57723617553711,90.93814849853516,82.98213195800781,57.398529052734375,96.83325958251953,62.82777404785156,124.97681427001953,34.129337310791016,5.850457668304443,98.82586669921875
2018-07-02,44.06452560424805,92.22923278808594,83.68292999267578,56.72553634643555,97.02476501464844,62.88412094116211,125.02397155761719,34.04376220703125,5.982333183288574,99.3161849975586
2018-07-03,43.29710006713867,91.34392547607422,82.51227569580078,57.058563232421875,97.92657470703125,62.69898223876953,124.03324127197266,34.23051071166992,5.84897518157959,98.09984588623047
2018-07-05,43.6454963684082,91.99869537353516,83.04875183105469,57.107147216796875,99.75405883789062,63.753387451171875,125.76942443847656,34.751861572265625,5.994434356689453,99.32560729980469
2018-07-06,44.250511169433594,93.28975677490234,83.32099914550781,57.120994567871094,100.35256958007812,63.8338737487793,126.52429962158203,34.73630142211914,6.108034610748291,99.59174346923828
2018-07-09,44.86494445800781,93.92607879638672,85.89923858642578,57.516475677490234,100.59198760986328,62.666812896728516,127.87361145019531,34.54954528808594,6.155450820922852,100.77034759521484
2018-07-10,44.810787200927734,94.1750717163086,85.37077331542969,58.04378128051758,101.65337371826172,64.24434661865234,128.97756958007812,34.99309158325195,6.254233360290527,100.77985382080078
2018-07-11,44.229331970214844,94.04597473144531,85.18661499023438,57.301387786865234,100.74363708496094,63.713134765625,130.35516357421875,34.853023529052734,6.112975597381592,102.6903305053711
2018-07-12,44.970882415771484,96.08403778076172,85.55491638183594,57.37076950073242,101.9566421508789,63.49580764770508,132.0063934326172,34.7596549987793,6.204347610473633,102.88993835449219
2018-07-13,45.0414924621582,97.22755432128906,85.16259765625,57.80094528198242,100.49624633789062,63.8338737487793,131.55352783203125,34.81411361694336,6.157179832458496,104.55328369140625
2018-07-16,44.942630767822266,96.74803924560547,88.54158020019531,57.23200988769531,99.50667572021484,64.01094055175781,130.64772033691406,34.80634689331055,6.129520416259766,104.74336242675781
2018-07-17,45.06974792480469,97.70711517333984,88.47753143310547,57.107147216796875,103.03396606445312,64.41338348388672,131.76113891601562,35.210975646972656,6.265100002288818,104.83843231201172
2018-07-18,44.822574615478516,96.94168853759766,89.30223083496094,57.04469680786133,101.9885482788086,64.16387176513672,132.95004272460938,35.10980987548828,6.21595573425293,105.20911407470703
2018-07-19,45.17098617553711,96.2777099609375,87.98907470703125,56.89898681640625,100.50421905517578,63.94215393066406,132.22344970703125,35.10202407836914,6.2241058349609375,106.57780456542969
2018-07-20,45.067405700683594,98.0022201538086,89.10202026367188,56.47576904296875,100.43238067626953,63.90152359008789,133.0349578857422,35.23432159423828,6.195952415466309,105.95999145507812
2018-07-23,45.1074104309082,99.5699691772461,90.75949096679688,56.47576904296875,101.05484771728516,63.76348876953125,132.1291046142578,34.97752380371094,6.159401893615723,105.58929443359375
2018-07-24,45.434654235839844,99.28407287597656,91.40006256103516,57.592803955078125,103.23346710205078,64.15331268310547,132.1291046142578,35.21875762939453,6.142113208770752,105.21861267089844
2018-07-25,45.86309814453125,102.20742797851562,92.22476196289062,57.995201110839844,102.64292907714844,64.54315185546875,134.59182739257812,35.86460876464844,6.220152854919434,105.67485046386719
2018-07-26,45.7194938659668,101.09159088134766,91.96055603027344,58.4461669921875,103.96768188476562,65.04669189453125,134.45970153808594,35.981327056884766,6.293501853942871,107.88948059082031
2018-07-27,44.95912551879883,99.3025131225586,92.90538787841797,56.8365364074707,104.98116302490234,65.44466400146484,132.77073669433594,35.95798873901367,6.22385835647583,107.04354858398438
2018-07-30,44.70721435546875,97.17222595214844,93.46586608886719,56.711673736572266,105.47594451904297,65.13603973388672,128.77940368652344,35.97354507446289,6.029005527496338,107.05305480957031
2018-07-31,44.796669006347656,97.82696533203125,92.04059600830078,56.55207443237305,105.75525665283203,65.68830108642578,129.0247802734375,36.28480529785156,6.047034740447998,107.93701171875
2018-08-01,47.43564987182617,98.01140594482422,92.60911560058594,55.77503204345703,105.85102081298828,65.50151062011719,130.4495391845703,36.09804916381836,6.086795330047607,107.37621307373047
2018-08-02,48.822227478027344,99.2010498046875,93.00146484375,55.44198226928711,104.74175262451172,66.59793090820312,131.08175659179688,35.93463134765625,6.189283847808838,107.1671142578125
2018-08-03,48.963470458984375,99.63451385498047,93.75411987304688,55.6431999206543,105.3003921508789,66.86593627929688,131.93096923828125,36.27701950073242,6.225834369659424,108.44076538085938
2018-08-06,49.217716217041016,99.71751403808594,93.77816009521484,55.629337310791016,105.35623931884766,67.02027893066406,131.82717895507812,36.300376892089844,6.273496627807617,110.19916534423828
2018-08-07,48.756309509277344,100.40913391113281,94.1224365234375,56.385562896728516,104.90937042236328,67.11772155761719,132.364990234375,36.183650970458984,6.345609188079834,110.7884521484375
2018-08-08,48.78927993774414,100.9717025756836,94.31461334228516,56.01091766357422,104.67793273925781,66.88220977783203,132.74240112304688,35.91130447387695,6.3819122314453125,108.33621978759766
2018-08-09,49.17298889160156,101.1376724243164,93.58596801757812,55.7264518737793,104.70185852050781,66.11063385009766,132.11021423339844,36.066932678222656,6.333509922027588,108.5073013305664
2018-08-10,49.02653503417969,100.5197982788086,92.66517639160156,55.670379638671875,104.34272003173828,66.13502502441406,131.8459930419922,35.8568229675293,6.29226541519165,107.10057067871094
2018-08-13,49.34308624267578,99.7912826538086,91.19186401367188,55.06753921508789,103.91979217529297,66.2081069946289,132.2989959716797,35.662296295166016,6.325112342834473,106.56830596923828
2018-08-14,49.55099105834961,101.0362319946289,91.8004150390625,54.892295837402344,103.34519958496094,66.03754425048828,132.81790161132812,35.70897674560547,6.456245422363281,107.1671142578125
2018-08-15,49.66673278808594,99.66614532470703,91.03972625732422,53.932003021240234,104.08739471435547,66.84161376953125,132.0253448486328,35.8568229675293,6.39821195602417,107.26216125488281
2018-08-16,50.39434814453125,99.64761352539062,91.89649200439453,54.675018310546875,105.72335052490234,67.97052001953125,132.91360473632812,35.96577835083008,6.357710361480713,106.91048431396484
2018-08-17,51.40073013305664,99.59209442138672,91.89649200439453,54.85725402832031,107.31143951416016,67.97052001953125,133.55621337890625,36.2614631652832,6.046048164367676,106.91048431396484
2018-08-20,50.899906158447266,98.9347915649414,91.7763900756836,55.2427864074707,109.23468780517578,67.92987060546875,133.18768310546875,36.36262130737305,6.120629787445068,106.44474029541016
2018-08-21,50.8006706237793,98.11087799072266,92.33687591552734,55.25681686401367,108.01368713378906,68.14105987548828,132.33712768554688,35.96577835083008,6.255963325500488,106.82493591308594
2018-08-22,50.803043365478516,99.11067199707031,92.05663299560547,56.048892974853516,107.42316436767578,67.72685241699219,133.37667846679688,35.7401008605957,6.490573406219482,106.397216796875
2018-08-23,50.906986236572266,99.57356262207031,91.8644790649414,55.43205642700195,107.8221664428711,67.60503387451172,134.28387451171875,35.561134338378906,6.589850902557373,106.45426177978516
2018-08-24,51.065269470214844,100.35120391845703,91.82443237304688,55.81056594848633,108.49252319335938,67.70248413085938,136.26834106445312,35.50666046142578,6.722714424133301,106.38771057128906
2018-08-27,51.48577117919922,101.46209716796875,93.44987487792969,56.35732650756836,108.38809204101562,67.76746368408203,137.4023895263672,35.55333709716797,6.813596248626709,106.76790618896484
2018-08-28,51.90155029296875,102.0730972290039,92.99346160888672,56.273189544677734,107.90607452392578,67.79996490478516,137.2133331298828,35.304344177246094,6.776059150695801,107.00552368164062
2018-08-29,52.676395416259766,103.70240020751953,92.68919372558594,56.67974853515625,108.3398666381836,67.80807495117188,138.9427032470703,35.273223876953125,6.881321430206299,106.88196563720703
2018-08-30,53.160701751708984,103.63758087158203,92.23279571533203,56.4344367980957,108.41218566894531,67.74310302734375,138.6686553955078,34.97752380371094,6.864518642425537,106.37820434570312
2018-08-31,53.77492141723633,103.9894027709961,91.7443618774414,56.19608688354492,108.20332336425781,67.36952209472656,138.81040954589844,34.68184280395508,6.935432434082031,106.47325134277344
2018-09-04,53.94737243652344,103.41541290283203,92.2007827758789,56.28022384643555,107.42407989501953,67.16644287109375,139.67031860351562,34.82968521118164,7.010056495666504,105.3611831665039
2018-09-05,53.595367431640625,100.43448638916016,91.75235748291016,57.030242919921875,109.14324188232422,67.64564514160156,134.82249450683594,35.312129974365234,6.879589557647705,104.42971801757812
2018-09-06,52.70475769042969,100.66595458984375,91.3600082397461,56.399375915527344,109.95460510253906,67.1258544921875,136.55184936523438,35.6156005859375,6.738746643066406,104.80040740966797
2018-09-07,52.27952194213867,100.17530822753906,91.53619384765625,57.35969543457031,110.31614685058594,66.52484893798828,135.32334899902344,35.57670211791992,6.717497825622559,105.4752426147461
2018-09-10,51.57789993286133,101.25840759277344,91.04776000976562,57.27558898925781,110.22776794433594,66.90656280517578,136.1549835205078,35.84125900268555,6.7884135246276855,105.1996078491211
2018-09-11,52.88193893432617,102.98031616210938,91.62425994873047,58.081703186035156,111.27210235595703,66.60604858398438,137.4873809814453,35.81013107299805,6.740723133087158,104.17308044433594
2018-09-12,52.22520065307617,103.41541290283203,90.54331970214844,58.27094650268555,111.95494842529297,67.49942016601562,138.5080108642578,35.981327056884766,6.6270599365234375,104.0400161743164
2018-09-13,53.4867057800293,104.52632141113281,90.89561462402344,57.70317459106445,112.38074493408203,67.77561950683594,139.50970458984375,35.965633392333984,6.704647541046143,105.19010925292969
2018-09-14,52.879581451416016,104.95215606689453,90.87960052490234,58.12374496459961,112.05943298339844,67.90554809570312,139.70814514160156,36.09119415283203,6.830419540405273,103.84992218017578
2018-09-17,51.471588134765625,103.81346893310547,91.1518325805664,58.46721649169922,112.43695831298828,68.42530059814453,138.1394500732422,36.350162506103516,6.768645763397217,103.94496154785156
2018-09-18,51.55664825439453,104.8040542602539,91.52018737792969,58.621421813964844,112.90292358398438,68.2222671508789,139.50970458984375,36.044105529785156,6.69674015045166,104.10655975341797
2018-09-19,51.58735275268555,103.40617370605469,94.17845916748047,59.322391510009766,112.83866119384766,68.2222671508789,139.3112335205078,36.067649841308594,6.720462799072266,104.35367584228516
2018-09-20,51.97949981689453,105.13729858398438,94.98721313476562,59.45558166503906,114.05975341796875,69.32684326171875,141.03111267089844,36.60129165649414,6.579618453979492,106.09306335449219
2018-09-21,51.41963195800781,105.77607727050781,94.3626480102539,59.70091247558594,114.78276824951172,69.7004165649414,141.79660034179688,36.55420684814453,6.5096893310546875,104.9334716796875
2018-09-24,52.15904998779297,106.1556167602539,93.45785522460938,60.70329284667969,112.84669494628906,68.4415512084961,140.90829467773438,36.153987884521484,6.5652875900268555,107.18610382080078
2018-09-25,52.48978042602539,105.95196533203125,93.1936264038086,60.633201599121094,111.37653350830078,67.50756072998047,141.35240173339844,35.84791946411133,6.6322503089904785,108.0035400390625
2018-09-26,52.07164001464844,105.5168685913086,92.0966796875,60.12847900390625,110.99095916748047,67.62127685546875,141.05946350097656,35.9813232421875,6.595433235168457,109.50530242919922
2018-09-27,53.141788482666016,105.9149398803711,91.69631958007812,60.121498107910156,111.03913116455078,67.29640197753906,141.76824951171875,36.10689163208008,6.607293605804443,110.2942123413086
2018-09-28,53.32842254638672,105.8779296875,90.35113525390625,59.59577178955078,110.99896240234375,67.59690856933594,141.83436584472656,36.24814987182617,6.943833351135254,111.1496353149414
2018-10-01,53.687503814697266,107.02584075927734,90.87960052490234,60.1495246887207,112.22005462646484,67.95425415039062,142.49588012695312,36.279537200927734,7.149910926818848,110.48430633544922
2018-10-02,54.164710998535156,106.5999984741211,91.25595092773438,60.605167388916016,112.85469818115234,68.51466369628906,141.43743896484375,36.49927520751953,7.0787506103515625,111.833984375
2018-10-03,54.82381820678711,106.61852264404297,92.11267852783203,60.38784408569336,111.68984985351562,67.4344711303711,141.15394592285156,35.99702835083008,7.084927082061768,111.12113189697266
2018-10-04,53.85995864868164,104.41523742675781,92.94316864013672,59.98831558227539,111.9469223022461,66.53296661376953,138.68751525878906,35.9813232421875,6.901088714599609,110.37974548339844
2018-10-05,52.98588180541992,103.80423736572266,92.41908264160156,59.820064544677734,111.74608612060547,66.71977233886719,137.36451721191406,36.0048713684082,6.6680779457092285,109.09658813476562
2018-10-08,52.8630256652832,102.61927795410156,92.98348999023438,60.373844146728516,111.97904205322266,66.92279052734375,134.0854034423828,36.47572708129883,6.567017555236816,110.27518463134766
2018-10-09,53.595367431640625,103.92459106445312,92.33843231201172,60.64019012451172,111.826416015625,66.76036834716797,134.48228454589844,36.40509033203125,6.561333656311035,111.10211181640625
2018-10-10,51.11250686645508,98.27754211425781,89.87919616699219,59.245296478271484,110.64551544189453,66.14313507080078,128.06582641601562,35.84791946411133,6.070852279663086,107.27165985107422
2018-10-11,50.66130065917969,98.04606628417969,87.18612670898438,57.19847869873047,107.52045440673828,64.05584716796875,126.37425231933594,35.031768798828125,5.809921741485596,105.64632415771484
2018-10-12,52.47088623046875,101.43434143066406,86.23471069335938,57.04426193237305,107.5445556640625,64.21016693115234,132.35609436035156,35.063167572021484,6.091856002807617,107.03404235839844
2018-10-15,51.34874725341797,99.6105728149414,85.74282836914062,56.65172576904297,107.60880279541016,65.07917022705078,129.68173217773438,35.24364471435547,5.816098213195801,107.82294464111328
2018-10-16,52.48032760620117,102.75814056396484,87.58124542236328,56.918087005615234,109.70557403564453,65.79388427734375,133.9436798095703,35.69881057739258,6.074311256408691,110.4367904663086
2018-10-17,52.253543853759766,102.48966217041016,88.5568618774414,57.128379821777344,112.03531646728516,66.4842300415039,134.61459350585938,35.98918151855469,6.005865573883057,111.33023071289062
2018-10-18,51.032196044921875,100.44377136230469,87.15387725830078,57.37371826171875,112.06742858886719,65.74434661865234,131.62838745117188,35.79299545288086,5.918642044067383,110.4272689819336
2018-10-19,51.80941390991211,100.59187316894531,87.00875091552734,57.45783615112305,111.70594787597656,71.52896118164062,132.3749542236328,36.35801696777344,5.662652492523193,113.01260375976562
2018-10-22,52.1259765625,101.48985290527344,85.75897979736328,56.88303756713867,111.40869140625,70.95541381835938,132.90419006347656,36.07550811767578,5.713306427001953,112.41378021240234
2018-10-23,52.61733627319336,100.07345581054688,84.86393737792969,55.96477508544922,111.60951232910156,71.41423034667969,131.46778869628906,36.38154983520508,5.462259769439697,112.01457214355469
2018-10-24,50.8124885559082,94.72264099121094,83.28360748291016,54.40864181518555,110.4366455078125,73.29873657226562,126.87506866455078,36.67192077636719,4.927301406860352,106.08355712890625
2018-10-25,51.925174713134766,100.25862884521484,84.54952239990234,54.892295837402344,111.23997497558594,72.92183685302734,132.79080200195312,36.49927520751953,5.135600566864014,108.5073013305664
2018-10-26,51.098331451416016,99.01809692382812,83.388427734375,54.34556579589844,110.0349349975586,71.98778533935547,130.16368103027344,36.0362663269043,4.899625778198242,107.58533477783203
2018-10-29,50.13920593261719,96.1390151977539,84.54147338867188,54.00908660888672,110.50091552734375,72.29913330078125,126.94122314453125,36.46004104614258,4.586558818817139,107.44275665283203
2018-10-30,50.389625549316406,96.02793884277344,86.03309631347656,55.221763610839844,113.07160949707031,73.07752227783203,125.45756530761719,37.37820816040039,5.016007423400879,109.07759094238281
2018-10-31,51.70310592651367,98.8792724609375,87.90376281738281,55.85261917114258,112.46109008789062,72.65965270996094,130.26763916015625,37.574398040771484,5.209482669830322,109.14411926269531
2018-11-01,52.496864318847656,98.05535125732422,87.87149047851562,56.54658126831055,113.12786865234375,73.40525817871094,133.08367919921875,37.46453094482422,5.38936710357666,110.35123443603516
2018-11-02,49.01470947265625,98.27754211425781,87.3877182006836,57.44379425048828,113.015380859375,73.58550262451172,132.09144592285156,37.66856384277344,5.310544013977051,109.47679138183594
2018-11-05,47.623268127441406,99.52726745605469,87.96021270751953,57.226497650146484,114.23648071289062,74.72441101074219,132.1103515625,38.21004867553711,5.23270845413208,109.7334213256836
2018-11-06,48.13827133178711,99.72166442871094,88.37139892578125,57.47184371948242,114.53370666503906,74.97840881347656,133.04595947265625,38.53965759277344,5.215165615081787,110.93102264404297
2018-11-07,49.59822082519531,103.64686584472656,89.88728332519531,58.200843811035156,116.28501892089844,74.79814910888672,136.81642150878906,38.74368667602539,5.282622814178467,111.25419616699219
2018-11-08,49.425167083740234,103.45244598388672,90.61296844482422,57.27558898925781,116.72689819335938,74.8554916381836,137.24171447753906,38.71229553222656,5.089890003204346,110.25618743896484
2018-11-09,48.47217559814453,101.43434143066406,89.73406982421875,57.26142501831055,116.75900268554688,75.71580505371094,136.01319885253906,38.986976623535156,5.081982135772705,112.15715026855469
2018-11-12,46.030433654785156,98.9347915649414,87.84732055664062,56.5250358581543,116.98394012451172,75.95343017578125,132.03480529785156,39.136070251464844,4.6834211349487305,110.92152404785156
2018-11-13,45.57054138183594,98.99959564208984,88.36333465576172,55.22926712036133,116.22877502441406,76.58431243896484,132.03480529785156,39.12823486328125,4.924830913543701,111.06410217285156
2018-11-14,44.28329086303711,97.5956802368164,86.54106140136719,54.797340393066406,115.88333892822266,76.6007080078125,131.8174285888672,39.04976272583008,4.8724470138549805,111.32073211669922
2018-11-15,45.376136779785156,99.743408203125,88.75037384033203,55.363800048828125,116.08419799804688,76.87930297851562,134.2787628173828,39.03406524658203,5.000936031341553,111.31122589111328
2018-11-16,45.87872314453125,100.68242645263672,88.68586730957031,55.90901184082031,117.28119659423828,76.87110900878906,132.70726013183594,39.371498107910156,4.0629658699035645,110.4367904663086
2018-11-19,44.06044006347656,97.27027893066406,89.36316680908203,56.09312438964844,118.67900085449219,76.43684387207031,127.5763168334961,39.638309478759766,3.5754494667053223,109.70489501953125
2018-11-20,41.955326080322266,94.564697265625,87.44416809082031,54.499961853027344,117.65071868896484,75.46183013916016,126.26031494140625,38.75154113769531,3.6836774349212646,106.3306884765625
2018-11-21,41.90791320800781,95.86634063720703,86.79104614257812,54.91770935058594,114.06781768798828,74.8964614868164,127.25433349609375,38.241432189941406,3.5756969451904297,107.4332504272461
2018-11-23,40.843502044677734,95.82914733886719,85.9928207397461,53.45200729370117,114.26055908203125,75.00297546386719,125.78700256347656,38.469024658203125,3.582862615585327,106.5302734375
2018-11-26,41.39585876464844,98.99028015136719,88.09725952148438,54.507049560546875,114.29291534423828,75.33070373535156,128.69334411621094,38.35131072998047,3.781773328781128,106.97701263427734
2018-11-27,41.30577850341797,99.61323547363281,88.46817016601562,54.55659866333008,115.78856658935547,75.9698257446289,128.66493225097656,38.74368667602539,3.798574924468994,108.26016235351562
2018-11-28,42.89409637451172,103.31363677978516,89.45185852050781,55.54790496826172,118.39187622070312,76.20741271972656,133.84335327148438,39.01051330566406,3.9552338123321533,110.35123443603516
2018-11-29,42.564579010009766,102.44896697998047,88.7422866821289,55.97982406616211,117.9148941040039,76.05172729492188,131.6849365234375,38.741573333740234,3.8921618461608887,110.83599090576172
2018-11-30,42.33464050292969,103.09978485107422,89.65345001220703,56.2913703918457,118.76374816894531,77.43644714355469,134.1558074951172,39.8647575378418,4.042298316955566,109.77144622802734
2018-12-03,43.81390380859375,104.2154769897461,90.50006866455078,57.509239196777344,118.20594024658203,76.46141815185547,137.27032470703125,39.30316925048828,4.205790042877197,110.00904083251953
2018-12-04,41.886592864990234,100.89627075195312,86.46046447753906,56.241817474365234,118.06035614013672,76.4532241821289,131.24937438964844,39.21617126464844,3.8859782218933105,107.28117370605469
2018-12-06,41.41956329345703,101.51921081542969,84.81558990478516,55.50542068481445,117.96334838867188,76.64987182617188,133.5309295654297,39.0579719543457,3.9151642322540283,108.66886901855469
2018-12-07,39.942665100097656,97.45620727539062,83.28360748291016,54.9743537902832,117.57526397705078,75.74858093261719,129.8009490966797,38.828582763671875,3.6510043144226074,107.26083374023438
2018-12-10,40.205806732177734,100.0316162109375,81.7274169921875,54.195491790771484,117.43785858154297,76.22380828857422,130.52989196777344,38.94723892211914,3.7561230659484863,107.14588165283203
2018-12-11,39.975860595703125,100.96135711669922,80.92919921875,54.29462432861328,118.44036865234375,76.94482421875,129.51695251464844,39.18453598022461,3.6653499603271484,107.25125885009766
2018-12-12,40.08727264404297,101.41694641113281,81.45328521728516,53.82728576660156,118.92543029785156,77.04315948486328,130.45419311523438,38.93140411376953,3.6829111576080322,107.48114013671875
2018-12-13,40.525821685791016,101.7609634399414,81.53392028808594,54.507049560546875,119.52373504638672,79.05873107910156,130.20803833007812,39.129154205322266,3.6826632022857666,108.61141204833984
2018-12-14,39.229103088378906,98.58120727539062,80.86466217041016,53.5157470703125,107.52606201171875,79.18164825439453,127.88863372802734,39.02632522583008,3.622312068939209,107.4715576171875
2018-12-17,38.864036560058594,95.66180419921875,79.83259582519531,52.42531967163086,104.40536499023438,76.01075744628906,124.39537048339844,38.22746276855469,3.5513253211975098,105.95814514160156
2018-12-18,39.368980407714844,96.66593170166016,79.4536361694336,50.980857849121094,105.44020080566406,75.78134155273438,125.58818054199219,38.219539642333984,3.634432315826416,104.83744812011719
2018-12-19,38.14100646972656,96.40560150146484,78.44574737548828,50.11701202392578,103.16841888427734,75.18324279785156,124.2628173828125,37.8873291015625,3.4259226322174072,104.61715698242188
2018-12-20,37.17851638793945,94.3787612915039,77.76844787597656,48.594661712646484,103.70199584960938,74.54415130615234,121.89607238769531,37.60258865356445,3.3415801525115967,102.49070739746094
2018-12-21,35.73244094848633,91.32917022705078,75.93006896972656,48.23356628417969,103.55646514892578,74.53594207763672,117.63595581054688,37.626319885253906,3.204800605773926,99.82786560058594
2018-12-24,34.80788803100586,87.5172119140625,74.29328155517578,46.3855094909668,99.31204223632812,71.5781021118164,115.24083709716797,36.35285949707031,3.1432127952575684,96.12096405029297
2018-12-26,37.259124755859375,93.49549865722656,77.37335968017578,48.60175323486328,102.4407958984375,73.81492614746094,123.28770446777344,37.128013610839844,3.2921111583709717,101.37001037597656
2018-12-27,37.01732635498047,94.07193756103516,78.24415588378906,48.814178466796875,103.0067367553711,75.39625549316406,124.97284698486328,37.59468460083008,3.244375228881836,102.03092956542969
2018-12-28,37.03628921508789,93.33740997314453,78.07485961914062,48.26896667480469,102.8935317993164,74.70800018310547,123.95988464355469,37.33366012573242,3.305715560913086,102.77806091308594
2018-12-31,37.394248962402344,94.43452453613281,78.71182250976562,48.28313064575195,104.3326187133789,75.3143310546875,124.90657043457031,37.45229721069336,3.3020055294036865,105.0290298461914
2019-01-02,37.43692398071289,94.01614379882812,80.07449340820312,49.345237731933594,103.28160095214844,74.78994750976562,125.8343505859375,37.12009811401367,3.369281768798828,104.377685546875
2019-01-03,33.70793533325195,90.5574951171875,78.93647766113281,48.58760070800781,101.64041900634766,74.26557159423828,121.29966735839844,36.89072036743164,3.1657207012176514,101.84894561767578
2019-01-04,35.14688491821289,94.76921844482422,81.84654235839844,50.37900924682617,103.34626770019531,75.78134155273438,126.52542877197266,37.626319885253906,3.3685402870178223,104.9906997680664
2019-01-07,35.06866455078125,94.89010620117188,81.9034194946289,50.64098358154297,102.68334197998047,75.47820281982422,128.8069610595703,37.135929107666016,3.546873092651367,105.90067291259766
2019-01-08,35.7371826171875,95.57814025878906,81.74897003173828,51.009193420410156,105.0683364868164,75.75677490234375,129.50755310058594,37.55513000488281,3.4585726261138916,106.72444152832031
2019-01-09,36.344058990478516,96.9448471069336,81.61078643798828,51.27824020385742,104.23558044433594,74.51956176757812,131.03163146972656,36.83534622192383,3.5265908241271973,107.92176055908203
2019-01-10,36.4602165222168,96.32192993164062,81.6026840209961,51.01626968383789,104.86622619628906,74.69982147216797,131.27783203125,37.230831146240234,3.592136859893799,108.04627990722656
2019-01-11,36.102256774902344,95.57814025878906,81.2125015258789,50.782588958740234,104.8985366821289,75.19143676757812,130.7003173828125,37.444393157958984,3.6811792850494385,107.90259552001953
2019-01-14,35.55937576293945,94.88084411621094,82.04974365234375,50.718875885009766,103.7100830078125,74.6834487915039,129.79150390625,37.29411315917969,3.7210004329681396,107.68228912353516
2019-01-15,36.287174224853516,97.63287353515625,82.65125274658203,50.74720764160156,104.58322143554688,75.3880844116211,130.01870727539062,37.626319885253906,3.7069032192230225,107.05010223388672
2019-01-16,36.730464935302734,97.97689056396484,83.31781005859375,50.72595977783203,103.51606750488281,74.86368560791016,130.01870727539062,37.11219024658203,3.681426525115967,106.23592376708984
2019-01-17,36.94855880737305,98.66490173339844,83.6591796875,51.072906494140625,104.36494445800781,74.85295104980469,129.96192932128906,37.22292709350586,3.7526607513427734,106.33170318603516
2019-01-18,37.176143646240234,100.14317321777344,85.01667785644531,51.68185806274414,105.65848541259766,75.4970932006836,131.1168670654297,37.657962799072266,3.881526470184326,106.3604507446289
2019-01-22,36.341697692871094,98.25579833984375,83.67545318603516,50.902976989746094,104.13047790527344,74.68778991699219,130.6908721923828,37.744972229003906,3.6796953678131104,105.9389877319336
2019-01-23,36.488670349121094,99.21343231201172,83.46410369873047,50.4852180480957,104.13047790527344,78.3214340209961,129.706298828125,38.18000030517578,3.6925575733184814,106.43707275390625
2019-01-24,36.19944381713867,98.73928833007812,83.51287078857422,50.556026458740234,102.69950103759766,77.87547302246094,130.35946655273438,37.72123718261719,3.904033899307251,105.89109802246094
2019-01-25,37.39898681640625,99.64112091064453,84.0412368774414,50.782588958740234,103.6696548461914,77.29740142822266,131.27783203125,37.46813201904297,3.9611690044403076,106.40833282470703
2019-01-28,37.05287551879883,97.69795227050781,84.43952178955078,50.442726135253906,104.28411865234375,77.2313232421875,128.74066162109375,37.30992889404297,3.4135560989379883,106.14013671875
2019-01-29,36.6688232421875,95.70829010009766,84.67526245117188,50.633914947509766,105.36746215820312,77.24786376953125,127.80342864990234,37.49184799194336,3.2550103664398193,106.22634887695312
2019-01-30,39.174598693847656,98.90663146972656,84.87033081054688,51.18620300292969,106.42652893066406,78.05716705322266,130.26483154296875,37.85570526123047,3.398221015930176,105.4887924194336
2019-01-31,39.45668029785156,97.09361267089844,84.13064575195312,51.887176513671875,107.59072875976562,79.66752624511719,127.81291198730469,38.06926345825195,3.555529832839966,106.82022094726562
2019-02-01,39.47565460205078,95.55951690673828,84.43952178955078,53.7564811706543,108.49620056152344,80.49333953857422,132.67892456054688,38.520118713378906,3.5797693729400635,106.60948181152344
2019-02-04,40.596961975097656,98.31159210205078,84.74029541015625,52.97761154174805,107.42906188964844,80.95582580566406,133.95693969726562,38.955142974853516,3.689836025238037,107.08841705322266
2019-02-05,41.29154968261719,99.68762969970703,84.36637115478516,53.522830963134766,107.42906188964844,80.46858978271484,134.93206787109375,38.96304702758789,3.7088816165924072,107.91218566894531
2019-02-06,41.30577850341797,98.58120727539062,84.32573699951172,53.28916931152344,107.52606201171875,80.86498260498047,133.94747924804688,38.96304702758789,3.7843210697174072,106.71484375
2019-02-07,40.523460388183594,97.87462615966797,83.22025299072266,52.878475189208984,106.75802612304688,80.2208480834961,132.69786071777344,39.089603424072266,3.646304130554199,106.27423095703125
2019-02-08,40.57108688354492,98.24650573730469,82.39112854003906,52.96440887451172,107.04096221923828,80.69154357910156,132.89666748046875,39.152889251708984,3.6648550033569336,106.81063842773438
2019-02-11,40.337764739990234,97.85601806640625,82.0009536743164,53.0502815246582,106.71757507324219,81.15402221679688,133.2942657470703,39.23989486694336,3.622312068939209,104.827880859375
2019-02-12,40.68536376953125,99.38079833984375,83.3990707397461,53.98100280761719,108.46385192871094,81.97157287597656,134.42079162597656,39.27944564819336,3.7390575408935547,104.59797668457031
2019-02-13,40.516334533691406,99.30644226074219,83.79737854003906,54.58953857421875,108.69832611083984,81.95506286621094,135.84083557128906,39.382266998291016,3.7813518047332764,105.55583190917969
2019-02-14,40.66394805908203,99.39010620117188,83.25274658203125,54.60386276245117,108.58514404296875,81.31092071533203,135.7650146484375,36.06019592285156,3.8221640586853027,105.99645233154297
2019-02-15,40.57347106933594,100.61734771728516,85.79701232910156,55.63481140136719,110.2586898803711,81.32743072509766,137.4246063232422,35.783363342285156,3.8916666507720947,107.84512329101562
2019-02-19,40.694881439208984,100.57086944580078,85.4962387084961,56.007083892822266,109.70083618164062,82.57440948486328,136.9788818359375,35.459083557128906,3.874352216720581,108.72634887695312
2019-02-20,40.95677185058594,100.0479965209961,85.91080474853516,56.22186279296875,110.23442840576172,81.98809051513672,137.2538604736328,35.67263412475586,3.9215948581695557,108.8891830444336
2019-02-21,40.7258415222168,102.15818786621094,85.73196411132812,55.71356201171875,109.48253631591797,82.40099334716797,136.5615997314453,36.273765563964844,3.8528342247009277,109.47348022460938
2019-02-22,41.18056106567383,103.61479949951172,85.34993743896484,56.14310836791992,110.43655395507812,82.78915405273438,138.3349609375,35.81501007080078,3.937424898147583,110.39302825927734
2019-02-25,41.48053741455078,104.1937026977539,86.24405670166016,56.20037841796875,110.84343719482422,82.22759246826172,138.51516723632812,35.54607009887695,3.9250576496124268,108.80298614501953
2019-02-26,41.50434875488281,104.91265869140625,85.5856704711914,56.314937591552734,110.77019500732422,82.44231414794922,139.44454956054688,35.34832763671875,3.885730504989624,108.71676635742188
2019-02-27,41.632911682128906,104.73526763916016,85.47998046875,56.89486312866211,110.57489776611328,81.68253326416016,139.61526489257812,35.54607009887695,3.8439297676086426,108.02711486816406
2019-02-28,41.22342300415039,104.60454559326172,84.82970428466797,56.579830169677734,111.20154571533203,81.38525390625,140.46878051757812,35.862464904785156,3.8194174766540527,108.0845947265625
2019-03-01,41.65673828125,105.07140350341797,84.8865966796875,57.27428436279297,112.59319305419922,81.2944107055664,141.74905395507812,35.89411544799805,3.8736414909362793,109.20528411865234
2019-03-04,41.86625289916992,104.81930541992188,84.6915054321289,57.49622344970703,112.69893646240234,81.6495132446289,140.31703186035156,36.10765075683594,3.881812810897827,109.51178741455078
2019-03-05,41.79004669189453,104.29641723632812,84.62650299072266,57.410301208496094,112.93498229980469,81.8311996459961,140.3075408935547,36.0681037902832,3.8753750324249268,109.1957015991211
2019-03-06,41.54959487915039,104.34307861328125,84.30949401855469,56.758811950683594,113.19538879394531,81.69906616210938,140.17478942871094,35.949462890625,3.7646989822387695,110.00987243652344
2019-03-07,41.068668365478516,103.07324981689453,83.6998291015625,57.38882064819336,112.503662109375,81.38525390625,139.2454376220703,35.81501007080078,3.695620536804199,109.20528411865234
2019-03-08,41.16628646850586,103.18528747558594,83.73236083984375,56.56551742553711,112.3571548461914,81.26963806152344,139.73855590820312,35.466983795166016,3.729788064956665,109.01370239257812
2019-03-11,42.59237289428711,105.35153198242188,84.82157135009766,57.11677169799805,112.76410675048828,82.2358627319336,142.88705444335938,36.52687454223633,3.9897639751434326,109.9140853881836
2019-03-12,43.0709228515625,106.08917999267578,84.56961059570312,57.27428436279297,113.26866149902344,82.62398529052734,143.89231872558594,36.424041748046875,4.023933410644531,109.89495086669922
2019-03-13,43.26138687133789,106.91082763671875,84.85409545898438,57.78261184692383,113.45581817626953,83.55716705322266,144.59408569335938,36.55851745605469,4.174967288970947,109.28190612792969
2019-03-14,43.74229431152344,106.99485778808594,85.62630462646484,57.58929443359375,112.32462310791016,83.67279052734375,146.23472595214844,36.46277618408203,4.099201202392578,109.65547943115234
2019-03-15,44.311309814453125,108.22737884521484,86.60987091064453,57.38167953491211,111.98280334472656,84.59770965576172,147.42967224121094,36.143619537353516,4.20443058013916,110.11524200439453
2019-03-18,44.763668060302734,109.77733612060547,87.13009643554688,58.0474739074707,111.63285827636719,83.82969665527344,146.95547485351562,36.231380462646484,4.1831374168396,108.35279083251953
2019-03-19,44.40891647338867,109.85203552246094,86.81307220458984,57.89714813232422,112.66641235351562,84.15177154541016,146.60458374023438,36.35106658935547,4.350510597229004,105.3642807006836
2019-03-20,44.7969970703125,109.73066711425781,84.95974731445312,58.219303131103516,111.73052215576172,84.00313568115234,145.8080291748047,36.32712173461914,4.3180766105651855,105.35469055175781
2019-03-21,46.4468879699707,112.251708984375,83.61853790283203,58.55580520629883,112.38969421386719,84.63898468017578,147.75205993652344,36.3111686706543,4.5542826652526855,104.08074951171875
2019-03-22,45.48503494262695,109.29182434082031,81.09056091308594,57.6179313659668,111.42127227783203,83.95357513427734,145.1631317138672,36.64628219604492,4.394832134246826,103.66886901855469
2019-03-25,44.93507766723633,109.86137390136719,80.4158935546875,57.217010498046875,111.17711639404297,84.20130920410156,145.12515258789062,36.7260627746582,4.3027262687683105,103.24739837646484
2019-03-26,44.4708251953125,110.09481811523438,81.22062683105469,57.96157455444336,112.77222442626953,85.07667541503906,147.2779083251953,37.212772369384766,4.379231929779053,105.49837493896484
2019-03-27,44.870792388916016,109.03038024902344,80.94424438476562,57.517696380615234,112.87799835205078,84.97760772705078,146.2537078857422,37.18883514404297,4.370070934295654,105.6324691772461
2019-03-28,44.93031692504883,109.17977905273438,81.86279296875,57.804054260253906,113.02448272705078,85.51439666748047,146.68045043945312,37.164894104003906,4.388642311096191,106.04434967041016
2019-03-29,45.22315979003906,110.12281036376953,82.28547668457031,57.84702682495117,113.76505279541016,85.92729187011719,148.12193298339844,37.3882942199707,4.445836067199707,106.3508529663086
2019-04-01,45.5302734375,111.13123321533203,85.05732727050781,58.51283645629883,113.10588073730469,85.58871459960938,149.1366729736328,37.27659225463867,4.513182640075684,107.76849365234375
2019-04-02,46.1921501159668,111.28997802734375,85.46372985839844,58.26227569580078,112.07233428955078,85.67952728271484,149.6298065185547,37.15690994262695,4.531010627746582,107.2416763305664
2019-04-03,46.50878143310547,112.01829528808594,85.63444519042969,57.918609619140625,111.63285827636719,85.62999725341797,150.274658203125,36.84574508666992,4.670156478881836,107.778076171875
2019-04-04,46.5897216796875,111.4487075805664,86.46170806884766,58.741947174072266,110.33073425292969,85.41529083251953,149.4970245361328,37.08511734008789,4.661246299743652,109.9140853881836
2019-04-05,46.901611328125,111.94357299804688,86.25691986083984,59.05693054199219,110.8271484375,85.59696197509766,149.5065155029297,37.0771369934082,4.727847099304199,110.153564453125
2019-04-08,47.6396598815918,111.98092651367188,86.53540802001953,59.42206954956055,110.79462432861328,86.68704986572266,149.60134887695312,37.14095687866211,4.7486467361450195,110.11524200439453
2019-04-09,47.496803283691406,111.37398529052734,85.89653778076172,58.65604019165039,110.33073425292969,86.43103790283203,149.3547821044922,37.2366943359375,4.686004161834717,111.93517303466797
2019-04-10,47.76346206665039,112.22367095947266,86.28150939941406,58.39113235473633,110.33885192871094,86.42278289794922,150.3694610595703,37.212772369384766,4.756321907043457,112.2225341796875
2019-04-11,47.36587142944336,112.35440063476562,87.01048278808594,58.670326232910156,110.03776550292969,86.50537109375,149.7056121826172,37.26861572265625,4.742456436157227,111.68612670898438
2019-04-12,47.346824645996094,112.93333435058594,91.0894775390625,57.93292999267578,110.66439056396484,86.76139831542969,151.39370727539062,37.29255676269531,4.704573154449463,124.57887268066406
2019-04-15,47.432525634765625,113.02669525146484,90.04924774169922,57.73965072631836,111.10386657714844,87.314697265625,152.15235900878906,37.499996185302734,4.573100566864014,126.47544860839844
2019-04-16,47.437286376953125,112.7652359008789,90.99937438964844,58.133392333984375,112.32462310791016,87.88450622558594,151.95321655273438,37.46011734008789,4.660005569458008,124.42562103271484
2019-04-17,48.361045837402344,113.6989517211914,93.62044525146484,58.29804992675781,112.73152923583984,88.0308609008789,152.15235900878906,37.72339630126953,4.637228965759277,126.19763946533203
2019-04-18,48.53483963012695,115.19293212890625,92.93241882324219,58.083290100097656,111.91771697998047,88.19720458984375,151.88685607910156,37.88298034667969,4.612714767456055,126.86817169189453
2019-04-22,48.6943473815918,115.55705261230469,93.0470962524414,59.350494384765625,112.16999053955078,88.16393280029297,152.11444091796875,37.81914138793945,4.666444778442383,126.13060760498047
2019-04-23,49.39668655395508,117.12570190429688,93.16175842285156,59.694129943847656,113.85462188720703,85.79373168945312,153.30935668945312,38.46543502807617,4.720914840698242,127.73982238769531
2019-04-24,49.32049560546875,116.72420501708984,93.006103515625,58.53432083129883,113.28492736816406,86.23448181152344,153.14817810058594,38.28191375732422,4.733294486999512,129.406494140625
2019-04-25,48.87290573120117,120.58979034423828,93.05525970458984,58.86365509033203,113.6511459350586,85.89352416992188,152.70240783691406,38.17020797729492,4.62782096862793,131.456298828125
2019-04-26,48.63959884643555,121.28076934814453,93.75967407226562,57.625083923339844,114.25341033935547,88.0391845703125,154.51382446289062,38.50532150268555,4.409440040588379,134.0233612060547
2019-04-29,48.71340560913086,121.16873931884766,95.11113739013672,57.2528190612793,113.8057632446289,87.14100646972656,155.67076110839844,38.632965087890625,4.440142631530762,133.42947387695312
2019-04-30,47.775360107421875,121.94367980957031,95.05381774902344,57.474735260009766,114.9125747680664,88.55482482910156,155.93624877929688,39.143619537353516,4.4814910888671875,131.19766235351562
2019-05-01,50.12044143676758,119.40399932861328,94.32482147216797,56.32209014892578,115.52298736572266,87.26576232910156,154.38099670410156,38.768619537353516,4.468367576599121,130.632568359375
2019-05-02,49.79427719116211,117.84465789794922,94.52961730957031,55.33411407470703,114.9776840209961,87.78968811035156,152.79727172851562,38.609039306640625,4.535712718963623,128.4869384765625
2019-05-03,50.41328811645508,120.35636138916016,95.11113739013672,55.46298599243164,115.57177734375,88.22218322753906,153.66969299316406,38.87234878540039,4.531257629394531,128.66891479492188
2019-05-06,49.634761810302734,119.65608215332031,94.26748657226562,55.219566345214844,115.63692474365234,87.88948822021484,153.89730834960938,38.672874450683594,4.4530181884765625,129.3107147216797
2019-05-07,48.296756744384766,117.2004165649414,92.7276611328125,54.92604064941406,113.91157531738281,87.07447052001953,151.93429565429688,38.29787063598633,4.286137104034424,127.81645202636719
2019-05-08,48.3062858581543,117.19107055664062,92.2361831665039,55.01194381713867,113.76505279541016,87.3821792602539,152.45584106445312,38.178184509277344,4.306194305419922,129.30113220214844
2019-05-09,47.78727722167969,117.18170928955078,92.16246795654297,54.96183776855469,112.90240478515625,86.69189453125,151.55499267578125,37.81914138793945,4.21383810043335,127.96013641357422
2019-05-10,47.125240325927734,118.70368957519531,92.15428924560547,55.43976593017578,113.1628646850586,88.16393280029297,152.40846252441406,38.44947814941406,4.179916858673096,128.39112854003906
2019-05-13,44.38636016845703,115.17422485351562,89.64788055419922,54.824256896972656,111.65728759765625,88.2470932006836,149.2030487060547,38.337764739990234,3.923161268234253,125.80493927001953
2019-05-14,45.0890007019043,116.46278381347656,90.36051177978516,54.89666748046875,111.34803009033203,87.82296752929688,151.93429565429688,38.84840774536133,4.012048721313477,127.5865478515625
2019-05-15,45.629127502441406,118.10282897949219,90.01648712158203,55.30217361450195,111.42127227783203,88.73777770996094,154.38099670410156,39.23936462402344,3.951139450073242,129.00416564941406
2019-05-16,45.42839431762695,120.83001708984375,91.17142486572266,55.29494094848633,112.479248046875,89.91041564941406,156.59405517578125,39.55851745605469,3.9662418365478516,129.7896270751953
2019-05-17,45.170257568359375,120.02405548095703,90.72907257080078,54.969078063964844,112.80477142333984,89.36150360107422,155.85316467285156,39.25532150268555,3.875622272491455,129.3489990234375
2019-05-20,43.75779724121094,118.290283203125,91.20413208007812,54.96184539794922,112.6501693725586,89.26173400878906,155.26431274414062,38.97605895996094,3.7572717666625977,128.26663208007812
2019-05-21,44.5966682434082,118.92753601074219,91.5154037475586,55.21527862548828,112.40601348876953,88.46333312988281,155.63475036621094,38.7765998840332,3.8392252922058105,128.43905639648438
2019-05-22,43.683712005615234,119.64918518066406,90.7700424194336,54.715614318847656,112.92687225341797,88.75443267822266,155.9956817626953,39.61436462402344,3.7684133052825928,128.20916748046875
2019-05-23,42.93803787231445,118.2527847290039,88.98445892333984,53.433921813964844,113.76505279541016,88.78766632080078,153.4026641845703,39.77394485473633,3.647585868835449,127.13636779785156
2019-05-24,42.77313995361328,118.30900573730469,89.86087799072266,53.65839385986328,113.77330017089844,88.72948455810547,154.47598266601562,39.58245086669922,3.593858242034912,127.1938247680664
2019-05-28,42.59627151489258,118.2340316772461,88.88617706298828,52.57942581176758,112.31476593017578,86.87486267089844,155.49224853515625,39.175533294677734,3.548795223236084,127.03099060058594
2019-05-29,42.39312744140625,117.09070587158203,88.64044952392578,52.25357437133789,107.61140441894531,86.65031433105469,154.56143188476562,38.784576416015625,3.474764347076416,126.0252456665039
2019-05-30,42.61300277709961,117.8310546875,87.69032287597656,52.116004943847656,108.25056457519531,87.59841918945312,154.58995056152344,39.29521560668945,3.4482407569885254,126.6286849975586
2019-05-31,41.84104537963867,115.90985107421875,86.78933715820312,51.24702072143555,107.46392059326172,85.58580780029297,153.2317352294922,39.199466705322266,3.3577656745910645,126.47544860839844
2019-06-03,41.418033599853516,112.31110382080078,87.19886016845703,52.05080032348633,107.7015609741211,86.32598114013672,150.63880920410156,39.87765121459961,3.316122531890869,126.8873062133789
2019-06-04,42.93326187133789,115.4225082397461,89.88542938232422,53.28908157348633,109.5779800415039,87.0578384399414,154.1815185546875,39.89361572265625,3.544666051864624,129.1383056640625
2019-06-05,43.62635040283203,117.92475891113281,90.20488739013672,52.84736251831055,110.11058044433594,88.76274108886719,157.08795166015625,40.515953063964844,3.5020318031311035,130.2111053466797
2019-06-06,44.26685333251953,119.78974914550781,90.40145111083984,53.81045913696289,111.99517822265625,89.30331420898438,158.54112243652344,41.01063919067383,3.5640006065368652,131.42759704589844
2019-06-07,45.44509506225586,123.14486694335938,89.41036224365234,54.005977630615234,113.5274658203125,90.45929718017578,161.51402282714844,41.08244323730469,3.6066360473632812,132.2225799560547
2019-06-10,46.02587127685547,124.26949310302734,90.37687683105469,54.24494552612305,113.91261291503906,90.417724609375,162.24539184570312,40.99467468261719,3.6792638301849365,131.29348754882812
2019-06-11,46.558834075927734,123.80084991455078,90.6553955078125,54.194244384765625,114.53533172607422,90.96662902832031,161.76100158691406,40.95479202270508,3.7367727756500244,129.3873291015625
2019-06-12,46.4106559753418,123.22917938232422,89.50045013427734,53.60770034790039,116.09217834472656,91.21611785888672,162.97671508789062,41.20213317871094,3.6239871978759766,130.0003662109375
2019-06-13,46.40108871459961,124.0070571899414,89.72161865234375,54.078392028808594,115.29737854003906,92.23905181884766,160.84915161132812,41.11368179321289,3.675050735473633,135.7666473388672
2019-06-14,46.0640983581543,124.12886810302734,89.95096588134766,53.839420318603516,114.78932189941406,92.48023986816406,161.1436004638672,41.2584228515625,3.585317373275757,135.68043518066406
2019-06-17,46.338951110839844,124.50374603271484,89.45951843261719,54.37528610229492,114.25672912597656,92.30557250976562,161.04864501953125,40.904605865478516,3.5949859619140625,135.0290985107422
2019-06-18,47.42877960205078,126.66859436035156,90.6799545288086,54.84596252441406,114.90406036376953,91.14958190917969,160.78269958496094,40.71967697143555,3.7895703315734863,133.37200927734375
2019-06-19,47.29015350341797,127.16532897949219,90.0246810913086,54.54182815551758,115.08433532714844,91.83154296875,162.12185668945312,41.10564422607422,3.795520067214966,134.98123168945312
2019-06-20,47.67015838623047,128.34619140625,90.25404357910156,55.475982666015625,116.52643585205078,92.92932891845703,165.01878356933594,41.53985595703125,3.8198113441467285,136.0348663330078
2019-06-21,47.507652282714844,128.36492919921875,89.63972473144531,56.2580451965332,116.42815399169922,92.48023986816406,164.73387145996094,41.45140075683594,3.761808156967163,134.32029724121094
2019-06-24,47.4598503112793,129.12399291992188,89.00084686279297,55.72217559814453,117.22293853759766,93.42001342773438,165.12326049804688,41.7489128112793,3.784116268157959,133.3528594970703
2019-06-25,46.74047088623047,125.04731750488281,88.26368713378906,55.229766845703125,118.18985748291016,92.91271209716797,162.68228149414062,41.62025833129883,3.7548668384552,134.04249572753906
2019-06-26,47.75141906738281,125.51587677001953,88.85340118408203,55.468727111816406,116.23147583007812,91.25769805908203,162.4733123779297,41.10564422607422,3.94771671295166,134.4831085205078
2019-06-27,47.737083435058594,125.72208404541016,89.14826202392578,54.90389633178711,115.281005859375,91.29926300048828,162.6348114013672,41.07347869873047,4.046124458312988,133.42947387695312
2019-06-28,47.30210876464844,125.54402160644531,91.57276153564453,55.490447998046875,114.12561798095703,91.19117736816406,164.8383331298828,40.9448127746582,4.070913791656494,133.75514221191406
2019-07-01,48.16966247558594,127.15594482421875,93.11260223388672,55.43976593017578,114.19114685058594,91.88977813720703,165.20877075195312,41.491600036621094,4.119000434875488,135.68043518066406
2019-07-02,48.45167541503906,127.99944305419922,93.21089935302734,54.83149719238281,114.74017333984375,92.71308898925781,166.48150634765625,41.797157287597656,4.021337509155273,136.5233612060547
2019-07-03,48.85319137573242,128.82411193847656,93.06242370605469,55.35287857055664,116.46908569335938,94.87541198730469,167.99163818359375,41.893653869628906,4.034224987030029,136.9543914794922
2019-07-05,48.8101692199707,128.44927978515625,93.61508178710938,55.128379821777344,115.18264770507812,94.10197448730469,167.79222106933594,41.90169906616211,3.9717628955841064,137.29171752929688
2019-07-08,47.803993225097656,128.3555450439453,93.10368347167969,55.381832122802734,115.5103988647461,94.85047149658203,167.34579467773438,41.8132438659668,3.896901845932007,135.9134979248047
2019-07-09,48.095577239990234,127.88692474365234,93.49959564208984,55.34562683105469,115.87093353271484,93.90238189697266,168.80848693847656,41.48355484008789,3.8993804454803467,136.4821319580078
2019-07-10,48.57117462158203,129.18963623046875,93.22738647460938,56.127689361572266,115.7070541381836,94.6009521484375,170.3091583251953,41.66851043701172,3.9675471782684326,138.34226989746094
2019-07-11,48.21745681762695,129.7050323486328,94.11825561523438,56.17115020751953,114.80572509765625,95.1249008178711,171.6674041748047,41.84541320800781,4.121729373931885,138.36154174804688
2019-07-12,48.58790969848633,130.1736297607422,95.10811614990234,56.2145881652832,110.04505157470703,95.6322250366211,171.27798461914062,41.909732818603516,4.154694557189941,139.6337432861328
2019-07-15,49.04438018798828,130.1736297607422,93.95328521728516,55.816314697265625,110.38096618652344,96.03972625732422,171.50595092773438,41.91777420043945,4.146266937255859,139.8072052001953
2019-07-16,48.87471008300781,128.46795654296875,94.95960998535156,54.983551025390625,108.57007598876953,96.38070678710938,170.3091583251953,41.92583084106445,4.141557693481445,139.07472229003906
2019-07-17,48.599857330322266,127.70884704589844,94.02751922607422,54.65770721435547,108.04570007324219,96.42229461669922,170.15721130371094,41.95798873901367,4.20674991607666,137.4073944091797
2019-07-18,49.15193176269531,127.84945678710938,94.58843994140625,54.194244384765625,108.21775817871094,96.62821960449219,171.4679718017578,41.83736038208008,4.218400001525879,136.50143432617188
2019-07-19,48.418216705322266,128.036865234375,93.65632629394531,54.3028678894043,106.7756118774414,96.26827239990234,170.24269104003906,41.3227424621582,4.17526912689209,134.78585815429688
2019-07-22,49.524776458740234,129.733154296875,94.25847625732422,54.360801696777344,105.40725708007812,96.5110092163086,171.50595092773438,41.1860466003418,4.246657848358154,135.7400360107422
2019-07-23,49.91194534301758,130.5391082763672,95.98245239257812,54.57804870605469,105.57112121582031,95.29732513427734,171.8193817138672,43.686798095703125,4.3542375564575195,136.14483642578125
2019-07-24,49.87131881713867,131.87928771972656,96.37015533447266,54.570804595947266,106.34134674072266,94.25100708007812,174.12741088867188,43.24455261230469,4.428600788116455,136.1737060546875
2019-07-25,49.47697830200195,131.38253784179688,95.44629669189453,54.259422302246094,107.43934631347656,94.3932876586914,172.47474670410156,42.67363739013672,4.297723293304443,138.0242156982422
2019-07-26,49.6490478515625,132.46035766601562,95.86698913574219,54.17253494262695,107.11978149414062,96.0339126586914,174.46934509277344,43.55813217163086,4.339613914489746,139.4120635986328
2019-07-29,50.112701416015625,132.16976928710938,95.56179809570312,54.55631637573242,108.99622344970703,97.0969467163086,174.01344299316406,43.41340637207031,4.3334174156188965,141.08905029296875
2019-07-30,49.89760208129883,131.5325164794922,95.34732818603516,54.56355667114258,108.22595977783203,100.788330078125,172.4177703857422,43.1963005065918,4.349033355712891,139.68191528320312
2019-07-31,50.91572570800781,127.70884704589844,95.68551635742188,53.846675872802734,106.70189666748047,98.80449676513672,169.06494140625,42.319828033447266,4.182209491729736,137.83143615722656
2019-08-01,49.81395721435547,129.3864288330078,93.16140747070312,52.47080993652344,106.75920867919922,97.7080078125,170.17620849609375,41.83736038208008,4.088016986846924,136.7134552001953
2019-08-02,48.759979248046875,128.29933166503906,93.15311431884766,51.956668853759766,107.39837646484375,97.46524810791016,168.5140838623047,42.07859420776367,3.9955568313598633,136.57852172851562
2019-08-05,46.20750427246094,123.90394592285156,90.381591796875,50.892208099365234,106.65272521972656,94.65278625488281,160.38377380371094,41.531803131103516,3.7377631664276123,133.29202270507812
2019-08-06,47.08223342895508,126.2281265258789,91.09095764160156,51.384605407714844,107.15255737304688,95.65723419189453,163.82205200195312,42.03034973144531,3.776432752609253,136.7327117919922
2019-08-07,47.56977844238281,126.78107452392578,89.11125946044922,51.051509857177734,106.6937026977539,96.69518280029297,166.51951599121094,42.762088775634766,3.814605712890625,129.97657775878906
2019-08-08,48.61896896362305,130.1642608642578,90.62078857421875,52.412872314453125,107.898193359375,98.30228424072266,170.86956787109375,43.17218017578125,3.922929048538208,132.89683532714844
2019-08-09,48.21834182739258,129.05845642089844,90.52177429199219,51.297706604003906,108.19319152832031,97.7498550415039,170.06227111816406,42.955055236816406,3.8217947483062744,133.50404357910156
2019-08-12,48.09597396850586,127.25898742675781,88.82256317138672,51.04843521118164,108.10304260253906,97.12205505371094,167.48829650878906,42.77817153930664,3.7541239261627197,130.8343505859375
2019-08-13,50.13278579711914,129.89248657226562,90.19184112548828,51.67894744873047,109.3239517211914,98.14325714111328,169.64431762695312,43.0193977355957,3.868147850036621,132.04872131347656
2019-08-14,48.640567779541016,125.98085021972656,86.4469223022461,49.59683609008789,106.73467254638672,96.92118072509766,164.80032348632812,42.60930252075195,3.719916343688965,128.03933715820312
2019-08-15,48.398258209228516,125.6987533569336,86.77684783935547,49.30356979370117,106.96406555175781,98.26042938232422,167.66334533691406,43.3169059753418,3.687692403793335,128.57904052734375
2019-08-16,49.54020690917969,128.00250244140625,88.85552978515625,50.07337188720703,107.63599395751953,99.75875854492188,169.5276641845703,43.751136779785156,3.955152988433838,130.30426025390625
2019-08-19,50.463836669921875,130.14639282226562,89.65568542480469,50.91646957397461,108.36527252197266,100.64600372314453,170.96392822265625,43.97627639770508,4.233273506164551,130.3909912109375
2019-08-20,50.46623611450195,129.0650177001953,88.51736450195312,50.608558654785156,107.01325988769531,99.52436828613281,170.4883270263672,43.3249626159668,4.161140441894531,130.23678588867188
2019-08-21,51.01322555541992,130.50364685058594,88.76480865478516,51.114418029785156,107.7752685546875,99.77548217773438,172.10533142089844,43.50185012817383,4.244428634643555,130.84396362304688
2019-08-22,50.97003173828125,129.553955078125,89.68040466308594,51.00446701049805,107.56227111816406,99.95965576171875,171.29685974121094,43.81545639038086,4.250625133514404,131.1523895263672
2019-08-23,48.61417770385742,125.42609405517578,87.45326232910156,49.479522705078125,104.6615982055664,98.20185089111328,166.6741485595703,43.21238708496094,4.026540279388428,126.90209197998047
2019-08-26,49.53780746459961,127.3630599975586,88.15440368652344,49.74345779418945,105.50363159179688,99.87591552734375,168.9188995361328,43.85565948486328,4.10115385055542,129.73562622070312
2019-08-27,48.97882843017578,127.63580322265625,87.22228240966797,49.259586334228516,107.02262878417969,100.90547943115234,169.6703338623047,44.00040054321289,4.010677814483643,129.61997985839844
2019-08-28,49.307491302490234,127.46650695800781,88.09666442871094,49.61882400512695,106.23011016845703,101.61695861816406,169.94619750976562,44.314002990722656,4.000256538391113,131.60537719726562
2019-08-29,50.14236068725586,129.87368774414062,90.09285736083984,50.16868591308594,105.86686706542969,101.4328384399414,172.3240966796875,44.26575469970703,4.143672466278076,132.8486785888672
2019-08-30,50.077579498291016,129.62924194335938,90.62078857421875,50.20533752441406,105.9659423828125,100.63763427734375,171.99122619628906,44.25771713256836,4.156327247619629,132.28964233398438
2019-09-03,49.34828567504883,127.91787719726562,89.54845428466797,50.26398849487305,106.2796401977539,101.58351135253906,170.45033264160156,44.46677780151367,4.073453426361084,131.37405395507812
2019-09-04,50.185569763183594,129.41294860839844,90.6290283203125,50.79918670654297,106.37870025634766,103.13201904296875,172.8948211669922,44.844696044921875,4.187343597412109,132.89683532714844
2019-09-05,51.16675567626953,131.68846130371094,92.69122314453125,51.51765823364258,106.14755249023438,102.75535583496094,175.7102508544922,44.32204055786133,4.459781646728516,133.81243896484375
2019-09-06,51.16195297241211,130.795166015625,92.8891830444336,52.00153732299805,105.84213256835938,102.84745025634766,176.67100524902344,44.410491943359375,4.432736396789551,134.49673461914062
2019-09-09,51.38026428222656,129.30947875976562,95.19058990478516,52.412086486816406,104.80192565917969,102.26151275634766,172.68556213378906,43.8395881652832,4.478639125823975,133.8027801513672
2019-09-10,51.98722457885742,127.95549774169922,96.40315246582031,52.83730697631836,106.94833374023438,100.34468078613281,167.73947143554688,43.74308776855469,4.545137882232666,130.87289428710938
2019-09-11,53.64017868041992,127.99307250976562,96.6671142578125,52.73466110229492,108.28569793701172,101.5081558227539,166.4363555908203,44.04060745239258,4.573670387268066,131.25840759277344
2019-09-12,53.52021408081055,129.30947875976562,97.26103210449219,52.771331787109375,107.6747817993164,102.76371765136719,169.28982543945312,44.314002990722656,4.572183609008789,132.52098083496094
2019-09-13,52.479034423828125,129.12142944335938,99.17474365234375,53.25518035888672,107.96373748779297,102.21966552734375,168.61451721191406,43.94950866699219,4.514369010925293,133.02215576171875
2019-09-16,52.754920959472656,128.1905517578125,98.2921371459961,54.054325103759766,106.9400634765625,100.23583984375,167.51116943359375,43.706512451171875,4.471444606781006,130.88253784179688
2019-09-17,52.94684600830078,129.18727111816406,97.80543518066406,53.64374923706055,107.0473861694336,101.41609191894531,167.83456420898438,43.93330764770508,4.492784023284912,131.37405395507812
2019-09-18,53.443450927734375,130.24977111816406,98.78704833984375,53.387149810791016,107.65827941894531,101.62535858154297,166.73118591308594,43.925209045410156,4.465737819671631,131.8463134765625
2019-09-19,53.00922775268555,132.64755249023438,98.47357940673828,53.02790832519531,107.41063690185547,102.0354995727539,167.36854553222656,44.16011047363281,4.390308380126953,128.4730682373047
2019-09-20,52.23432922363281,131.1148681640625,98.07766723632812,52.844635009765625,108.68193054199219,102.32009887695312,165.56124877929688,43.666015625,4.284854888916016,127.48033905029297
2019-09-23,52.471839904785156,130.83279418945312,98.0611801147461,52.88127517700195,108.75625610351562,103.14039611816406,166.3697967529297,43.85231399536133,4.338202476501465,127.66348266601562
2019-09-24,52.22233581542969,129.17788696289062,96.78258514404297,52.15549087524414,108.59941101074219,103.46684265136719,165.9607696533203,43.98190689086914,4.280885219573975,127.19121551513672
2019-09-25,53.0260124206543,131.0397186279297,97.33526611328125,52.309444427490234,108.1371078491211,102.97299194335938,166.7217254638672,43.876609802246094,4.422316074371338,128.27064514160156
2019-09-26,52.75252151489258,131.20892333984375,96.53514099121094,52.030853271484375,106.3704605102539,104.05278015136719,167.07362365722656,44.05480194091797,4.400233268737793,126.51656341552734
2019-09-27,52.49583435058594,129.5069580078125,97.10430908203125,52.404762268066406,106.1640396118164,104.27041625976562,165.50421142578125,43.9900016784668,4.261781215667725,125.25401306152344
2019-09-30,53.73133850097656,130.72933959960938,97.07957458496094,51.766910552978516,106.8079833984375,104.11137390136719,163.61129760742188,44.09530258178711,4.319095611572266,125.6009750366211
2019-10-01,53.88007736206055,128.88638305664062,95.31431579589844,50.549903869628906,107.31155395507812,103.6677474975586,165.78005981445312,44.265411376953125,4.317359447479248,124.85884094238281
2019-10-02,52.52941131591797,126.61083984375,93.4170913696289,49.230262756347656,108.97089385986328,101.34913635253906,161.5377960205078,42.99373245239258,4.293540000915527,124.46369934082031
2019-10-03,52.97563171386719,128.1435546875,93.28406524658203,49.838768005371094,108.30220794677734,101.90158081054688,164.42938232421875,43.60931396484375,4.498738765716553,123.50953674316406
2019-10-04,54.46063232421875,129.87368774414062,95.30458068847656,50.564579010009766,110.3412857055664,103.79330444335938,167.3874969482422,44.17629623413086,4.515115261077881,125.55277252197266
2019-10-07,54.4726448059082,128.933349609375,95.09671783447266,49.86808776855469,109.92852020263672,102.82231903076172,166.3602294921875,43.633609771728516,4.573670387268066,126.15995788574219
2019-10-08,53.83449172973633,127.56990814208984,92.97642517089844,48.90034484863281,108.83882904052734,101.22355651855469,164.0013427734375,43.39873123168945,4.397502899169922,123.81795501708984
2019-10-09,54.46543502807617,129.986572265625,93.6499252319336,49.44287109375,106.67589569091797,102.10246276855469,166.34124755859375,43.60121536254883,4.48384952545166,124.64682006835938
2019-10-10,55.19953918457031,130.795166015625,94.96366119384766,50.03671646118164,106.54379272460938,102.0689926147461,166.34124755859375,43.46352005004883,4.541414260864258,124.65644836425781
2019-10-11,56.66775894165039,131.3404998779297,96.56844329833984,50.571922302246094,108.41778564453125,101.35748291015625,168.41476440429688,43.17192459106445,4.6148600578308105,125.31183624267578
2019-10-14,56.5861930847168,131.2183380126953,96.8261947631836,50.718544006347656,107.91419219970703,100.48695373535156,168.7001190185547,43.17192459106445,4.62825870513916,125.00341033935547
2019-10-15,56.45424270629883,133.11773681640625,99.74469757080078,50.89448547363281,109.66433715820312,98.10140991210938,170.0222930908203,43.3420295715332,4.872413635253906,125.06123352050781
2019-10-16,56.22633743286133,132.02700805664062,99.5118637084961,50.022056579589844,111.58782958984375,98.37760925292969,169.18524169921875,43.325828552246094,4.818819046020508,126.12139892578125
2019-10-17,56.44464874267578,131.34994506835938,100.0689926147461,49.956058502197266,112.41339874267578,98.24789428710938,169.2518310546875,43.56882095336914,4.820803165435791,127.57672119140625
2019-10-18,56.71574401855469,129.20606994628906,100.24358367919922,49.5675048828125,105.42108154296875,98.95551300048828,167.13070678710938,44.37070083618164,4.726516246795654,126.15032958984375
2019-10-21,57.69935607910156,130.16513061523438,102.72972869873047,50.395938873291016,105.68526458740234,100.31175231933594,167.81552124023438,43.925209045410156,4.863481521606445,125.54312896728516
2019-10-22,57.567405700683594,128.22813415527344,103.76077270507812,50.65255355834961,106.65937805175781,102.92314910888672,162.51751708984375,43.61741638183594,4.853555202484131,127.60562896728516
2019-10-23,58.33989334106445,129.0462646484375,104.03515625,51.13642120361328,107.23726654052734,103.61394500732422,162.9550323486328,44.25730514526367,4.8406548500061035,126.38162231445312
2019-10-24,58.43585205078125,131.58505249023438,103.9603042602539,50.65255355834961,105.25596618652344,105.12181091308594,167.55877685546875,44.23300552368164,4.884570121765137,125.54312896728516
2019-10-25,59.15556716918945,132.3278350830078,104.79180145263672,50.76984786987305,105.95768737792969,103.82450866699219,169.1662139892578,43.53641891479492,5.075130939483643,126.15995788574219
2019-10-28,59.74812698364258,135.58126831054688,105.1909408569336,50.3226318359375,106.64286041259766,104.01827239990234,171.0590362548828,43.39061737060547,5.1309590339660645,125.8033676147461
2019-10-29,58.36627960205078,134.3024444580078,105.1243896484375,50.1760139465332,106.59333801269531,104.11933898925781,168.9569854736328,43.261024475097656,5.03493595123291,124.79137420654297
2019-10-30,58.35908508300781,135.9762420654297,104.5423583984375,49.64813995361328,109.66433715820312,105.24816131591797,170.49783325195312,43.69031524658203,5.036919116973877,124.90704345703125
2019-10-31,59.67855453491211,134.81021118164062,103.86884307861328,49.538177490234375,109.00392150878906,104.88591766357422,170.12689208984375,44.08721160888672,4.987789630889893,125.21544647216797
2019-11-01,61.372283935546875,135.13934326171875,106.26351928710938,51.026451110839844,108.31047058105469,104.34679412841797,172.09584045410156,43.65791702270508,5.02674674987793,127.94297790527344
2019-11-04,61.77531814575195,135.91976928710938,107.11164855957031,52.54404830932617,107.50968933105469,100.3033447265625,170.2125244140625,43.04233169555664,5.223012924194336,128.1068115234375
2019-11-05,61.686561584472656,135.83517456054688,107.3444595336914,53.58511734008789,107.66651916503906,100.16011810302734,167.75848388671875,42.45915222167969,5.200930118560791,126.69004821777344
2019-11-06,61.71294021606445,135.4590606689453,107.51072692871094,52.412086486816406,108.11233520507812,101.3563003540039,168.1389617919922,42.766937255859375,5.151800632476807,126.51656341552734
2019-11-07,62.4251823425293,135.64710998535156,108.09280395507812,53.526458740234375,108.50033569335938,100.76663970947266,169.7178955078125,42.35384750366211,5.169417858123779,128.1453857421875
2019-11-08,62.59602737426758,137.24562072753906,108.40876007080078,52.50993347167969,109.7964096069336,100.83402252197266,170.23158264160156,42.28904342651367,5.155521392822266,132.96429443359375
2019-11-11,63.091712951660156,137.38665771484375,108.02625274658203,52.190895080566406,108.95437622070312,100.52235412597656,170.7737274169922,41.989356994628906,5.1654486656188965,131.7884979248047
2019-11-12,63.033966064453125,138.289306640625,107.39433288574219,51.47116470336914,108.4343032836914,100.47180938720703,170.96392822265625,41.88405227661133,5.200930118560791,133.56187438964844
2019-11-13,63.6379280090332,138.51502990722656,106.82892608642578,51.04823303222656,108.3682632446289,101.6343002319336,170.65003967285156,42.45103454589844,5.175125598907471,143.33468627929688
2019-11-14,63.197608947753906,139.22024536132812,106.92870330810547,50.825645446777344,108.11233520507812,101.50794982910156,171.2598419189453,42.62924575805664,5.205395698547363,141.821533203125
2019-11-15,63.94834518432617,141.01622009277344,107.70199584960938,51.337615966796875,111.3979721069336,101.5416488647461,171.27886962890625,42.6616325378418,5.0664472579956055,139.4313201904297
2019-11-18,64.27075958251953,141.36412048339844,108.60831451416016,50.84046936035156,111.3071517944336,102.67887115478516,171.17405700683594,42.9532356262207,5.267178535461426,142.3034210205078
2019-11-19,64.07588195800781,141.4111328125,108.57504272460938,50.32109832763672,111.29891967773438,102.28295135498047,174.1371307373047,42.99373245239258,5.160731792449951,143.0070037841797
2019-11-20,63.32994079589844,141.16578674316406,107.78514099121094,50.4769172668457,112.22354125976562,103.01581573486328,173.07960510253906,43.10712432861328,5.239883899688721,141.60948181152344
2019-11-21,63.046016693115234,141.03367614746094,108.0345687866211,51.693763732910156,112.63627624511719,101.37316131591797,171.39317321777344,42.89652633666992,5.215072154998779,141.58058166503906
2019-11-22,62.99066162109375,141.13748168945312,108.74964141845703,51.47116470336914,113.98188781738281,101.33103942871094,170.9930419921875,42.9532356262207,5.232688903808594,142.92022705078125
2019-11-25,64.09512329101562,142.6848602294922,109.33169555664062,51.12985610961914,114.03176879882812,101.51637268066406,172.42222595214844,43.10712432861328,5.4887542724609375,144.26954650878906
2019-11-26,63.59462356567383,143.4396209716797,109.48136901855469,51.00371170043945,114.02345275878906,102.99055480957031,173.9275665283203,43.65791702270508,5.384293556213379,146.14894104003906
2019-11-27,64.44884490966797,143.71331787109375,109.80560302734375,50.97403335571289,114.505615234375,102.5693588256836,175.66165161132812,43.69841766357422,5.419056415557861,145.99473571777344
2019-11-29,64.30687713623047,142.82635498046875,109.55619812011719,50.55111312866211,114.28947448730469,102.82208251953125,175.7949981689453,43.576011657714844,5.381810665130615,146.09112548828125
2019-12-02,63.56333923339844,141.09979248046875,109.31507873535156,50.76628112792969,114.18138122558594,103.37804412841797,173.20343017578125,43.86162185668945,5.195827484130859,145.16586303710938
2019-12-03,62.43000793457031,140.8733367919922,107.90987396240234,50.365604400634766,114.0151596069336,103.57179260253906,173.30825805664062,43.90242004394531,5.156345367431641,143.19973754882812
2019-12-04,62.98102951049805,141.38287353515625,110.03843688964844,50.93695068359375,115.86052703857422,104.90277862548828,172.0697021484375,44.302268981933594,5.20004940032959,142.9105987548828
2019-12-05,63.905025482177734,141.4582977294922,110.63713836669922,50.75886154174805,116.01020050048828,104.97859191894531,173.29873657226562,44.22066879272461,5.183164119720459,142.10101318359375
2019-12-06,65.1394271850586,143.1754608154297,112.28345489501953,51.57504653930664,116.69181823730469,104.61636352539062,173.56553649902344,44.408363342285156,5.268333911895752,142.3130645751953
2019-12-09,64.22746276855469,142.80752563476562,111.7596206665039,51.686344146728516,116.79154205322266,105.189208984375,174.28004455566406,44.12275695800781,5.268333911895752,140.9155731201172
2019-12-10,64.60284423828125,142.59046936035156,111.83445739746094,51.24114990234375,116.36763000488281,104.68375396728516,173.65127563476562,43.87793731689453,5.313277721405029,140.80955505371094
2019-12-11,65.15387725830078,143.1282958984375,111.56838989257812,51.16695785522461,117.19055938720703,105.01229095458984,173.41305541992188,44.02482986450195,5.396708011627197,142.24560546875
2019-12-12,65.31991577148438,144.58126831054688,114.76130676269531,52.190895080566406,117.48979187011719,104.93647003173828,174.01332092285156,44.179874420166016,5.563819408416748,142.40943908691406
2019-12-13,66.20781707763672,145.79835510253906,113.75518035888672,51.36729431152344,117.52303314208984,105.69463348388672,176.39523315429688,44.408363342285156,5.561831951141357,141.92465209960938
2019-12-16,67.34112548828125,146.74188232421875,114.19586181640625,51.938629150390625,117.86386108398438,105.77043914794922,177.44329833984375,44.408363342285156,5.59063720703125,143.94134521484375
2019-12-17,67.47349548339844,145.9493408203125,114.89429473876953,51.70118713378906,119.33518981933594,105.5598373413086,176.75732421875,44.408363342285156,5.668604850769043,143.23353576660156
2019-12-18,67.31229400634766,145.6474151611328,114.77790069580078,51.8421516418457,119.02759552001953,104.46472930908203,176.16651916503906,43.9921875,5.698897838592529,141.8083038330078
2019-12-19,67.379638671875,146.91172790527344,114.20420837402344,51.48600769042969,120.82315063476562,105.2313003540039,177.72909545898438,44.326751708984375,5.846642017364502,141.70166015625
2019-12-20,67.24008178710938,148.51564025878906,114.11273193359375,51.89411544799805,121.41333770751953,105.60197448730469,179.1201629638672,44.85718536376953,5.943729400634766,142.4094696044922
2019-12-23,68.33733367919922,148.51564025878906,114.07946014404297,52.15378189086914,121.72919464111328,105.21446228027344,178.24359130859375,44.80821990966797,5.930072784423828,140.2764129638672
2019-12-24,68.40230560302734,148.48731994628906,114.39541625976562,51.953453063964844,121.30526733398438,105.48403930664062,178.71043395996094,44.64501953125,5.925107955932617,140.8678436279297
2019-12-26,69.7594223022461,149.7044219970703,115.60936737060547,52.03507614135742,121.22215270996094,105.48403930664062,180.22537231445312,44.897979736328125,5.939260005950928,141.26535034179688
2019-12-27,69.73294067382812,149.9780731201172,115.69252014160156,51.856998443603516,121.15562438964844,106.2168960571289,180.44451904296875,45.16726303100586,5.881653308868408,141.3138427734375
2019-12-30,70.1468276977539,148.68548583984375,115.26847839355469,51.55278778076172,120.78160858154297,104.85221862792969,178.9581756591797,45.101985931396484,5.768671989440918,139.3940887451172
2019-12-31,70.65937042236328,148.78927612304688,115.90872192382812,51.7753791809082,121.25540161132812,105.21446228027344,179.0248565673828,45.16726303100586,5.842668533325195,140.22792053222656
2020-01-02,72.27153778076172,151.5442352294922,117.31391906738281,52.60639572143555,121.33853912353516,103.95932006835938,182.09283447265625,44.873504638671875,5.957136631011963,143.6892547607422
2020-01-03,71.56893157958984,149.65725708007812,115.76581573486328,52.183467864990234,119.93372344970703,103.2601318359375,180.64456176757812,44.628692626953125,5.861787796020508,142.04100036621094
2020-01-06,72.13919067382812,150.04408264160156,115.67373657226562,52.58412551879883,119.78406524658203,103.40331268310547,180.25393676757812,44.61236572265625,5.8863701820373535,141.21685791015625
2020-01-07,71.79991149902344,148.676025390625,113.70724487304688,52.15378189086914,120.51558685302734,102.76309967041016,179.7775421142578,44.26962661743164,5.957634449005127,141.26535034179688
2020-01-08,72.95491027832031,151.04421997070312,114.5942611694336,51.36729431152344,120.49894714355469,103.20114135742188,182.85496520996094,44.351234436035156,5.968808174133301,140.9744873046875
2020-01-09,74.50454711914062,152.93118286132812,115.0126724243164,51.76054382324219,120.85639953613281,104.3299560546875,184.1221466064453,45.15911102294922,6.034361839294434,140.42185974121094
2020-01-10,74.67298889160156,152.22357177734375,113.86624145507812,51.30051040649414,120.58206939697266,104.43102264404297,184.6175994873047,45.31415939331055,6.066640853881836,140.2182159423828
2020-01-13,76.26831817626953,154.05398559570312,114.81185150146484,51.790225982666016,121.11408996582031,105.19759368896484,186.10394287109375,45.803775787353516,6.256844520568848,139.500732421875
2020-01-14,75.2384262084961,152.96897888183594,116.1507568359375,51.34501647949219,121.79573059082031,105.03756713867188,186.78993225097656,45.69768142700195,6.140140533447266,140.7805938720703
2020-01-15,74.916015625,153.95962524414062,114.41015625,51.2634162902832,122.20304107666016,106.10740661621094,190.3628387451172,46.26891326904297,6.097679615020752,139.9273681640625
2020-01-16,75.85441589355469,156.78067016601562,114.85369873046875,51.063079833984375,123.19222259521484,106.2000732421875,191.45848083496094,46.36682891845703,6.181111812591553,140.70301818847656
2020-01-17,76.6942138671875,157.6581268310547,115.64863586425781,50.87017059326172,123.99853515625,106.48646545410156,195.03138732910156,46.46475601196289,6.189801216125488,139.9370574951172
2020-01-21,76.17447662353516,157.092041015625,114.51056671142578,50.143028259277344,124.08169555664062,106.2168960571289,197.49900817871094,46.65243911743164,6.156528472900391,139.1905059814453
2020-01-22,76.44638061523438,156.33721923828125,114.37669372558594,49.8536491394043,123.2337875366211,106.40220642089844,198.08021545410156,47.01150894165039,6.210412502288818,139.6267852783203
2020-01-23,76.81452178955078,157.29962158203125,114.259521484375,49.542015075683594,123.46653747558594,105.91582489013672,196.76539611816406,47.19102096557617,6.278696537017822,137.8719024658203
2020-01-24,76.59313201904297,155.7145538330078,111.4227066040039,49.20813751220703,123.29197692871094,106.04293060302734,195.31719970703125,47.06862258911133,6.219598770141602,135.81642150878906
2020-01-27,74.3409194946289,153.11048889160156,110.48548126220703,48.03580093383789,123.64940643310547,106.50898742675781,192.16351318359375,46.90541458129883,5.964338779449463,131.76361083984375
2020-01-28,76.44397735595703,156.11077880859375,112.49383544921875,47.969024658203125,124.27285766601562,106.79711151123047,193.26870727539062,46.521881103515625,6.157272815704346,134.158447265625
2020-01-29,78.04413604736328,158.54498291015625,112.32646942138672,47.568355560302734,125.13739776611328,105.97514343261719,195.183837890625,46.521881103515625,6.0969343185424805,131.91876220703125
2020-01-30,77.93101501464844,163.0171661376953,113.71561431884766,48.072898864746094,124.98776245117188,106.72931671142578,198.3755340576172,48.03153610229492,6.103639125823975,133.615478515625
2020-01-31,74.47565460205078,160.61123657226562,110.7616195678711,46.09180450439453,123.74915313720703,105.60227966308594,189.57192993164062,47.65616989135742,5.870726108551025,134.10028076171875
2020-02-03,74.27114868164062,164.52679443359375,111.60680389404297,45.060462951660156,124.8298110961914,106.01752471923828,191.3250732421875,47.80304718017578,5.967566967010498,137.01864624023438
2020-02-04,76.72309112548828,169.94244384765625,113.2135009765625,44.49655532836914,126.01849365234375,106.48358917236328,193.94515991210938,48.015220642089844,6.136416435241699,140.32485961914062
2020-02-05,77.34870910644531,169.73484802246094,115.13817596435547,46.54441833496094,128.0052032470703,107.45808410644531,193.23062133789062,48.02336883544922,6.22654914855957,137.067138671875
2020-02-06,78.25347137451172,173.2541046142578,115.15492248535156,45.91374588012695,127.62287139892578,107.73773193359375,193.44972229003906,48.13761901855469,6.3132100105285645,138.35667419433594
2020-02-07,77.18980407714844,173.49942016601562,114.78675079345703,45.60952377319336,126.25959777832031,106.83948516845703,193.16397094726562,48.300819396972656,6.247159957885742,136.72779846191406
2020-02-10,77.55642700195312,178.0376434326172,115.26372528076172,45.12783432006836,126.23465728759766,106.91574096679688,196.26040649414062,48.7578010559082,6.529734134674072,138.25
2020-02-11,77.0885009765625,174.01834106445312,115.48130798339844,45.55683517456055,126.34270477294922,105.21247863769531,194.30723571777344,48.62724304199219,6.651900291442871,136.7180938720703
2020-02-12,78.91917419433594,174.27305603027344,115.48130798339844,46.11378479003906,125.59456634521484,104.61083221435547,197.6419219970703,48.480342864990234,6.767365455627441,137.5325469970703
2020-02-13,78.35716247558594,173.32958984375,115.38088989257812,45.85789108276367,124.76329803466797,105.8904037475586,197.88999938964844,48.6435546875,6.72366189956665,136.6114501953125
2020-02-14,78.37646484375,174.87692260742188,115.02940368652344,45.647151947021484,124.79653930664062,106.89032745361328,200.64747619628906,48.92100143432617,7.195694446563721,135.29281616210938
2020-02-18,76.94134521484375,176.65072631835938,113.50640106201172,45.06764221191406,123.97364044189453,105.81414794921875,201.5157470703125,48.578269958496094,7.3640456199646,134.90504455566406
2020-02-19,78.0556640625,177.18048095703125,115.05448913574219,45.413848876953125,123.8073501586914,106.2971420288086,203.5290069580078,48.77412414550781,7.814228057861328,136.999267578125
2020-02-20,77.25491333007812,174.47476196289062,115.05448913574219,45.05257797241211,123.33354187011719,107.26319122314453,201.7543182373047,48.73332214355469,7.665244102478027,136.0975799560547
2020-02-21,75.5062484741211,168.9591522216797,113.64866638183594,44.50316619873047,124.63028717041016,107.3648452758789,199.23538208007812,49.067893981933594,7.301969528198242,134.7401885986328
2020-02-24,71.91968536376953,161.6743621826172,110.59426879882812,42.41836929321289,122.06204223632812,104.48372650146484,189.6747589111328,47.860172271728516,6.785738468170166,128.9615936279297
2020-02-25,69.48358154296875,159.00643920898438,105.65701293945312,40.79267883300781,121.00801849365234,102.89910125732422,179.76121520996094,47.1828727722168,6.506889343261719,124.2883071899414
2020-02-26,70.58585357666016,160.9932098388672,105.9749984741211,39.89704513549805,120.19654846191406,101.8228988647461,178.62579345703125,47.003334045410156,6.645942211151123,119.60530853271484
2020-02-27,65.9718017578125,149.64974975585938,101.56494903564453,37.49614334106445,116.38184356689453,96.17926788330078,171.75595092773438,44.82453536987305,6.2759928703308105,114.4472427368164
2020-02-28,65.9332046508789,153.273193359375,97.16327667236328,38.71540451049805,112.5002212524414,95.95047760009766,173.4257049560547,43.64945602416992,6.710042476654053,114.0691146850586
2020-03-02,72.07164764404297,163.471923828125,101.69049072265625,40.551841735839844,117.134765625,101.31448364257812,183.5110321044922,45.63239669799805,6.86806058883667,116.32818603515625
2020-03-03,69.78267669677734,155.63841247558594,97.87458801269531,38.61003875732422,113.42879486083984,100.1365966796875,177.213623046875,45.746646881103516,6.606187343597412,112.90563201904297
2020-03-04,73.01952362060547,161.35269165039062,100.29298400878906,39.45298767089844,120.02922821044922,105.50060272216797,185.381103515625,48.08049392700195,7.068812847137451,115.55254364013672
2020-03-05,70.65097045898438,157.30348205566406,95.37247467041016,37.71441650390625,118.79949951171875,103.06856536865234,178.3872528076172,46.30154800415039,6.790044784545898,110.51081085205078
2020-03-06,69.71273803710938,152.85693359375,90.44359588623047,35.89303970336914,118.81622314453125,103.09400177001953,175.90647888183594,45.09382247924805,6.609915733337402,111.76153564453125
2020-03-09,64.19898223876953,142.49746704101562,78.19254302978516,31.505189895629883,114.139892578125,98.34858703613281,163.28311157226562,42.31932830810547,6.0980963706970215,101.17391204833984
2020-03-10,68.82273864746094,152.24203491210938,84.26788330078125,32.671775817871094,118.48998260498047,102.15338134765625,174.2271728515625,43.788177490234375,6.486682415008545,108.06752014160156
2020-03-11,66.43247985839844,145.34518432617188,80.30133819580078,31.59551239013672,110.25822448730469,94.56075286865234,165.0196533203125,42.60492706298828,6.123688220977783,102.29861450195312
2020-03-12,59.8719596862793,131.5608367919922,73.68209075927734,27.982873916625977,104.91265869140625,86.29864501953125,152.73980712890625,38.48397445678711,5.374346733093262,89.01558685302734
2020-03-13,67.04510498046875,150.26475524902344,86.95407104492188,28.69034194946289,112.34124755859375,96.6622543334961,167.7676239013672,39.89986801147461,5.983806610107422,99.39961242675781
2020-03-16,58.419960021972656,128.11712646484375,73.9415054321289,25.95829963684082,106.35152435302734,91.94229125976562,145.03982543945312,37.25742721557617,4.879669189453125,92.11820983886719
2020-03-17,60.988685607910156,138.66590881347656,78.4603271484375,27.70440101623535,114.2653579711914,100.19590759277344,150.65020751953125,38.837947845458984,5.398197174072266,90.68324279785156
2020-03-18,59.49568557739258,132.8285675048828,70.20088958740234,24.927186965942383,112.9017562866211,99.52648162841797,141.6717071533203,36.919918060302734,5.039177894592285,86.09721374511719
2020-03-19,59.039833068847656,135.01402282714844,71.38082122802734,25.913135528564453,106.28458404541016,93.91670989990234,145.2688446044922,34.43390655517578,5.291361331939697,92.0406265258789
2020-03-20,55.291656494140625,129.94308471679688,69.87452697753906,24.641185760498047,100.29484558105469,86.79859924316406,140.09738159179688,31.528057098388672,5.111976623535156,83.36305236816406
2020-03-23,54.11703109741211,128.64697265625,66.13395690917969,23.670291900634766,92.97500610351562,82.79042053222656,129.515869140625,30.918888092041016,5.28440523147583,83.14973449707031
2020-03-24,59.546348571777344,140.3404541015625,74.00007629394531,26.673294067382812,99.70089721679688,87.51040649414062,147.4442596435547,32.47471618652344,6.1910200119018555,95.133544921875
2020-03-25,59.21832275390625,138.9969940185547,76.76158905029297,28.06566047668457,99.88494110107422,85.51904296875,154.36184692382812,34.25279998779297,6.102569580078125,97.66410064697266
2020-03-26,62.33456039428711,147.69142150878906,82.10887145996094,29.217187881469727,105.883056640625,90.99320220947266,161.13629150390625,36.45894241333008,6.391274452209473,102.1531753540039
2020-03-27,59.75376892089844,141.6270294189453,76.2594985961914,27.809768676757812,103.03040313720703,93.35743713378906,154.1519317626953,35.240623474121094,6.279221534729004,93.46588897705078
2020-03-30,61.459022521972656,151.58920288085938,78.24276733398438,28.223722457885742,111.27047729492188,97.45036315917969,157.9781036376953,37.04340744018555,6.598735332489014,96.76240539550781
2020-03-31,61.33359909057617,149.2051239013672,75.3389892578125,28.57745361328125,109.69775390625,93.21338653564453,153.7321014404297,36.426021575927734,6.549294471740723,93.65979766845703
2020-04-01,58.10639572143555,143.9071044921875,70.59420013427734,28.246286392211914,107.75695037841797,92.6456069946289,146.08937072753906,34.67262268066406,6.039213180541992,92.03093719482422
2020-04-02,59.076011657714844,146.88723754882812,73.2302017211914,30.40635108947754,111.3875961303711,96.9419174194336,150.17312622070312,36.17906951904297,6.347299098968506,94.01853942871094
2020-04-03,58.22701644897461,145.5343780517578,71.06571197509766,29.510717391967773,112.24089050292969,97.51814270019531,144.8871612548828,36.080284118652344,6.060083389282227,91.02259063720703
2020-04-06,63.306602478027344,156.357421875,75.63992309570312,30.459033966064453,116.9172134399414,99.83153533935547,161.6706085205078,38.41813278198242,6.668550491333008,96.54910278320312
2020-04-07,62.573341369628906,154.67343139648438,76.63763427734375,31.03856658935547,115.00992584228516,95.56063842773438,160.8595733642578,38.286415100097656,6.435748100280762,98.15857696533203
2020-04-08,64.17488098144531,156.22499084472656,79.73221588134766,33.002933502197266,119.84518432617188,97.53509521484375,166.91839599609375,39.36478805541992,6.632525444030762,97.9937515258789
2020-04-09,64.63797760009766,156.23446655273438,86.88530731201172,32.46102523803711,118.14697265625,97.1622314453125,165.7257537841797,40.33615493774414,6.533143520355225,101.31934356689453
2020-04-13,65.90666198730469,156.58448791503906,83.02129364013672,32.182559967041016,116.92562866210938,98.25537872314453,161.2412872314453,38.63214874267578,6.704577445983887,100.34978485107422
2020-04-14,69.23516845703125,164.3328094482422,80.74683380126953,31.934192657470703,122.16244506835938,102.50082397460938,166.61306762695312,40.270294189453125,7.054900169372559,102.80277252197266
2020-04-15,68.60322570800781,162.61097717285156,76.76446533203125,30.46656608581543,123.52603149414062,102.72114562988281,158.35015869140625,39.191925048828125,6.977630615234375,100.22376251220703
2020-04-16,69.14834594726562,167.49270629882812,73.83895874023438,29.465560913085938,125.20752716064453,102.95841979980469,154.9724884033203,38.772098541259766,7.321989059448242,98.91483306884766
2020-04-17,68.2100830078125,168.96859741210938,80.47628784179688,32.52877426147461,127.1734619140625,105.66161346435547,161.76600646972656,39.56236267089844,7.262856960296631,103.384521484375
2020-04-20,66.79426574707031,165.61947631835938,77.5423355102539,30.993406295776367,126.8805923461914,102.19576263427734,156.68995666503906,38.30287170410156,7.13192081451416,99.14753723144531
2020-04-21,64.72962188720703,158.7699432373047,75.29325866699219,30.827823638916016,125.21587371826172,101.41615295410156,153.16912841796875,37.35621643066406,6.696129322052002,97.47987365722656
2020-04-22,66.59408569335938,164.16250610351562,75.5384521484375,31.708406448364258,127.98494720458984,101.17889404296875,158.9512939453125,37.60317611694336,7.109559535980225,97.91619110107422
2020-04-23,66.33598327636719,162.17579650878906,75.58074951171875,32.70186996459961,130.093017578125,101.85364532470703,158.75091552734375,37.10102462768555,7.056390762329102,97.92587280273438
2020-04-24,68.25109100341797,165.13699340820312,76.69680786132812,32.9126091003418,129.5492706298828,101.32477569580078,159.64779663085938,37.39737319946289,7.195029258728027,98.11009979248047
2020-04-27,68.29934692382812,164.66395568847656,80.00279998779297,33.07065963745117,129.07241821289062,100.19022369384766,163.88421630859375,38.5086784362793,7.381122589111328,102.83187103271484
2020-04-28,67.1922378540039,160.65257263183594,80.5693130493164,33.84588623046875,126.64640808105469,99.71250915527344,163.3975830078125,38.47575759887695,7.239004611968994,102.97730255126953
2020-04-29,69.3991928100586,167.86166381835938,82.74225616455078,35.719932556152344,125.68437957763672,99.87459564208984,173.4542999267578,38.788551330566406,7.415409088134766,108.83348083496094
2020-04-30,70.86322021484375,169.5457000732422,80.96668243408203,34.97482681274414,125.51701354980469,100.54850006103516,170.5251007080078,37.77604293823242,7.261864185333252,104.85826110839844
2020-05-01,69.7223892211914,165.15594482421875,78.84442901611328,32.46855926513672,124.05306243896484,99.65279388427734,167.51954650878906,37.53731155395508,7.025830268859863,102.28890991210938
2020-05-04,70.70886993408203,169.19564819335938,77.9059066772461,33.77815246582031,124.03639221191406,98.75711059570312,168.0729522705078,37.15865707397461,7.237266540527344,100.0395278930664
2020-05-05,71.7701187133789,171.01210021972656,77.78754425048828,33.740516662597656,125.06529235839844,98.96180725097656,170.25790405273438,37.37268829345703,7.2981390953063965,97.98404693603516
2020-05-06,72.5105972290039,172.6961212158203,76.32478332519531,33.108299255371094,123.87738037109375,96.47947692871094,170.58236694335938,36.837608337402344,7.3987627029418945,97.8095474243164
2020-05-07,73.26073455810547,173.6989288330078,77.11956787109375,33.29645538330078,123.46746826171875,95.6861343383789,174.3416748046875,36.71413040161133,7.574667453765869,102.35678100585938
2020-05-08,75.00443267822266,174.7206573486328,78.37940979003906,34.75655746459961,124.3960952758789,98.91062927246094,176.60301208496094,37.95713806152344,7.7642412185668945,105.83751678466797
2020-05-11,76.18465423583984,176.6696014404297,76.0711441040039,34.42540740966797,124.73902130126953,98.36468505859375,175.14317321777344,37.48793029785156,8.015681266784668,104.48982238769531
2020-05-12,75.31401824951172,172.66769409179688,73.58531951904297,33.8499870300293,123.09103393554688,97.71636962890625,171.2406768798828,36.89522171020508,7.754302024841309,101.37752532958984
2020-05-13,74.40465545654297,170.0565643310547,71.04875946044922,32.16977310180664,123.08268737792969,97.17893981933594,169.25277709960938,36.17082214355469,7.7319416999816895,99.78744506835938
2020-05-14,74.86173248291016,170.79454040527344,73.9996337890625,32.453636169433594,123.50932312011719,97.08512115478516,172.89410400390625,35.97325897216797,7.980894088745117,102.68644714355469
2020-05-15,74.41915130615234,173.2826690673828,72.62989044189453,32.22346115112305,125.85165405273438,97.7675552368164,175.3695068359375,35.611053466796875,8.438301086425781,105.73086547851562
2020-05-18,76.17256927490234,174.93832397460938,76.47697448730469,34.786006927490234,125.91854858398438,99.13243103027344,182.91033935546875,37.018714904785156,8.696198463439941,113.29346466064453
2020-05-19,75.732421875,173.7273406982422,74.97197723388672,33.71187210083008,124.66372680664062,95.91642761230469,180.97972106933594,36.66474533081055,8.75110912322998,110.88895416259766
2020-05-20,77.20526123046875,176.13706970214844,77.22103881835938,34.80901336669922,123.54276275634766,96.63301849365234,185.2805938720703,37.77604293823242,8.914588928222656,116.27002716064453
2020-05-21,76.6296615600586,174.0214385986328,76.24022674560547,34.18758010864258,122.7313461303711,95.21696472167969,182.1839599609375,37.183349609375,8.721043586730957,114.2436294555664
2020-05-22,77.12306213378906,174.09730529785156,75.64837646484375,34.2182502746582,121.6109390258789,96.05294036865234,182.41334533691406,37.06810760498047,8.970495223999023,114.42784118652344
2020-05-26,76.60064697265625,172.25685119628906,81.01742553710938,35.22331619262695,121.7710189819336,95.56671905517578,184.66893005371094,37.94068145751953,8.663899421691895,117.26866149902344
2020-05-27,76.93437957763672,172.4844970703125,85.71004486083984,35.47651290893555,122.04901885986328,97.15337371826172,184.28662109375,38.46751403808594,8.472588539123535,117.83102416992188
2020-05-28,76.96822357177734,172.09555053710938,84.43327331542969,34.55583953857422,123.80107879638672,99.00447082519531,185.66285705566406,38.76386642456055,8.43457317352295,113.19650268554688
2020-05-29,76.89329528808594,173.85064697265625,82.27723693847656,34.885746002197266,125.30048370361328,98.88504791259766,186.59951782226562,38.426361083984375,8.820673942565918,113.72976684570312
2020-06-01,77.83889770507812,173.4521942138672,83.36792755126953,35.50718688964844,123.98644256591797,100.01960754394531,185.7489013671875,38.68154525756836,8.751851081848145,115.15501403808594
2020-06-02,78.19929504394531,175.42550659179688,83.64697265625,36.29743576049805,124.87932586669922,100.71056365966797,187.6699676513672,38.60745620727539,8.770734786987305,115.13562774658203
2020-06-03,78.62977600097656,175.85240173339844,88.16203308105469,37.77818298339844,125.21625518798828,101.11150360107422,188.15737915039062,39.430641174316406,8.715331077575684,118.46123504638672
2020-06-04,77.95256042480469,173.53759765625,89.99678802490234,37.6707649230957,123.59896850585938,98.99596405029297,185.07028198242188,39.447105407714844,8.716324806213379,119.92526245117188
2020-06-05,80.17274475097656,177.59805297851562,94.04683685302734,40.72433090209961,124.0790786743164,100.94091796875,190.77609252929688,40.410240173339844,8.868946075439453,121.0208740234375
2020-06-08,80.64675903320312,178.6985626220703,95.92387390136719,41.9979362487793,123.63265991210938,101.55509185791016,190.7665557861328,41.03586196899414,8.75460433959961,123.406005859375
2020-06-09,83.19342803955078,180.06471252441406,93.46342468261719,41.0619010925293,122.95034790039062,100.94942474365234,190.26954650878906,40.33615493774414,8.99422550201416,120.11917877197266
2020-06-10,85.33379364013672,186.7435760498047,89.67549133300781,38.85997772216797,124.50025939941406,101.7086181640625,191.60765075683594,40.02334213256836,9.313138961791992,118.46123504638672
2020-06-11,81.23686981201172,176.71578979492188,82.19268035888672,35.43046569824219,118.66275024414062,99.17507934570312,180.52098083496094,37.48793029785156,8.745904922485352,109.21159362792969
2020-06-12,81.93824768066406,178.1103973388672,84.44175720214844,36.19001770019531,119.74093627929688,98.6291275024414,183.7514190673828,37.87833786010742,8.88137435913086,111.974853515625
2020-06-15,82.95158386230469,179.24880981445312,85.60855865478516,36.16700744628906,118.98281860351562,99.5418930053711,183.27346801757812,38.459808349609375,9.12124252319336,113.51646423339844
2020-06-16,85.14997863769531,183.64134216308594,86.2934341430664,36.98027420043945,121.68677520751953,100.770263671875,184.3439483642578,38.8502082824707,9.016595840454102,114.8350601196289
2020-06-17,85.03147888183594,184.27694702148438,84.11199188232422,35.77572250366211,121.31615447998047,100.59967803955078,184.9938201904297,38.692386627197266,9.183134078979492,114.0691146850586
2020-06-18,85.06536102294922,186.2502899169922,83.65542602539062,35.99822235107422,120.80231475830078,101.75128173828125,185.32839965820312,39.032962799072266,9.165238380432129,114.76720428466797
2020-06-19,84.57923126220703,185.1403045654297,82.6999740600586,35.27702713012695,121.1561050415039,101.44417572021484,183.6940460205078,38.227210998535156,9.208243370056152,110.86954498291016
2020-06-22,86.79212188720703,190.28233337402344,81.80372619628906,35.61460494995117,120.78544616699219,100.44612884521484,186.33192443847656,37.994632720947266,9.472223281860352,112.39176940917969
2020-06-23,88.64469146728516,191.55355834960938,82.80146026611328,35.82943344116211,120.3390121459961,100.4290542602539,189.2086639404297,37.91156005859375,9.395912170410156,113.04137420654297
2020-06-24,87.0799331665039,187.69229125976562,80.03659057617188,34.14152526855469,117.77826690673828,99.3115463256836,182.9390106201172,37.089210510253906,9.182638168334961,108.65894317626953
2020-06-25,88.23599243164062,190.0640869140625,82.82682800292969,34.65557861328125,117.65188598632812,100.5655288696289,185.39523315429688,37.32180404663086,9.435683250427246,107.97055053710938
2020-06-26,85.52486419677734,186.25973510742188,78.28639221191406,33.46638107299805,116.08513641357422,98.29644775390625,180.8937530517578,36.19209671020508,9.10260009765625,105.77933502197266
2020-06-29,87.49591064453125,188.26153564453125,78.63304901123047,34.00343704223633,117.12122344970703,100.36935424804688,182.91033935546875,36.84831619262695,9.147340774536133,108.12569427490234
2020-06-30,88.2262954711914,193.0714874267578,79.52928161621094,34.31032180786133,118.46056365966797,101.99867248535156,184.62109375,37.11412811279297,9.443391799926758,108.1159896850586
2020-07-01,88.05940246582031,194.20042419433594,78.85289001464844,33.535430908203125,118.24999237060547,102.3484115600586,185.2041015625,37.230411529541016,9.475452423095703,109.5703353881836
2020-07-02,88.05940246582031,195.6804656982422,79.10902404785156,33.819305419921875,118.74696350097656,103.11617279052734,187.0104522705078,37.2802619934082,9.557232856750488,108.7656021118164
2020-07-06,90.4150161743164,199.89268493652344,81.1068115234375,34.0571403503418,120.44009399414062,103.75594329833984,189.0079803466797,37.57100296020508,9.782937049865723,110.94710540771484
2020-07-07,90.13448333740234,197.56837463378906,78.81874084472656,33.17483139038086,120.3305892944336,104.25923156738281,185.6055450439453,37.554386138916016,9.81524658203125,110.17146301269531
2020-07-08,92.23371124267578,201.91342163085938,79.6554183959961,33.098106384277344,120.68436431884766,104.83077239990234,186.4370880126953,37.43808364868164,10.157526969909668,113.1092529296875
2020-07-09,92.6303482055664,203.3270263671875,77.93083953857422,31.732440948486328,120.02738189697266,104.48102569580078,183.70361328125,36.47452163696289,10.44884967803955,113.25467681884766
2020-07-10,92.79240417480469,202.71035766601562,82.19108581542969,32.72216033935547,119.92627716064453,105.68382263183594,184.02857971191406,37.50453567504883,10.419271469116211,115.7076644897461
2020-07-13,92.36432647705078,196.44888305664062,83.3692626953125,32.7298469543457,122.31854248046875,105.82030487060547,180.65480041503906,37.587608337402344,9.994714736938477,112.6826400756836
2020-07-14,93.89280700683594,197.6632080078125,83.84735107421875,33.81161880493164,124.60132598876953,106.70747375488281,184.77406311035156,38.102622985839844,10.317606925964355,115.0483627319336
2020-07-15,94.53854370117188,197.36911010742188,85.14507293701172,34.241268157958984,124.88771057128906,106.20417785644531,187.85153198242188,38.542869567871094,10.16871452331543,117.2201919555664
2020-07-16,93.37523651123047,193.46046447753906,85.38412475585938,33.97274398803711,125.72166442871094,106.42596435546875,184.93653869628906,38.335205078125,10.07674503326416,115.79493713378906
2020-07-17,93.18661499023438,192.4738006591797,83.80467987060547,33.38965606689453,125.80596160888672,107.1681137084961,186.45614624023438,38.891746520996094,10.143112182617188,115.0386734008789
2020-07-20,95.15042877197266,200.74649047851562,83.0704574584961,32.607086181640625,126.01651763916016,106.83541870117188,189.68661499023438,38.31028747558594,10.450592994689941,114.20484924316406
2020-07-21,93.83717346191406,198.04269409179688,84.87187194824219,34.256622314453125,126.13443756103516,106.69041442871094,187.7846221923828,39.2073974609375,10.26938533782959,115.00958251953125
2020-07-22,94.10078430175781,200.88882446289062,84.25717163085938,33.458702087402344,126.36185455322266,107.60317993164062,190.05931091308594,40.27064895629883,10.379002571105957,115.4071044921875
2020-07-23,89.81765747070312,192.1511993408203,84.5047607421875,33.527748107910156,126.0249252319336,108.29936218261719,188.69256591796875,40.104522705078125,10.071770668029785,114.5248031616211
2020-07-24,89.59516906738281,190.97483825683594,83.90711212158203,33.320594787597656,124.76978302001953,108.12767791748047,186.5134735107422,40.27896499633789,10.136147499084473,114.03032684326172
2020-07-27,91.71858215332031,193.39402770996094,82.72895050048828,33.81161880493164,123.9780044555664,108.43671417236328,188.19558715820312,40.27064895629883,10.361851692199707,112.76988220214844
2020-07-28,90.21186828613281,191.65789794921875,83.0875015258789,33.41267395019531,123.68318176269531,109.77584075927734,188.0331268310547,40.021461486816406,10.157028198242188,112.64384460449219
2020-07-29,91.94110870361328,193.59326171875,85.10238647460938,33.780941009521484,123.43887329101562,110.14497375488281,189.79168701171875,39.8885498046875,10.405599594116211,112.09120178222656
2020-07-30,93.05359649658203,193.4414520263672,82.83138275146484,32.12373733520508,123.69160461425781,112.81470489501953,185.47174072265625,39.61443328857422,10.55324935913086,112.13968658447266
2020-07-31,102.79524230957031,194.49453735351562,82.50696563720703,32.28485107421875,122.78182220458984,112.55717468261719,181.97372436523438,39.24063491821289,10.553996086120605,113.38072204589844
2020-08-03,105.38545989990234,205.4331512451172,82.04592895507812,32.415283203125,124.12120056152344,112.70310974121094,182.25088500976562,38.459808349609375,10.947234153747559,112.80867004394531
2020-08-04,106.0892105102539,202.3498077392578,81.57636260986328,33.351295471191406,124.01170349121094,114.84916687011719,183.78005981445312,38.78377151489258,11.16348648071289,113.7200698852539
2020-08-05,106.4737548828125,202.01780700683594,82.99360656738281,33.64284133911133,125.00569152832031,114.54872131347656,187.42149353027344,39.22401428222656,11.222150802612305,123.72595977783203
2020-08-06,110.18853759765625,205.2528839111328,83.01923370361328,33.481712341308594,124.28971099853516,113.9220962524414,189.97328186035156,39.43999481201172,11.27061939239502,126.8382568359375
2020-08-07,107.6833267211914,201.5813446044922,84.84624481201172,33.328277587890625,125.17415618896484,114.64318084716797,187.6699676513672,39.70580291748047,11.135397911071777,125.97533416748047
2020-08-10,109.24847412109375,197.56837463378906,85.92198944091797,34.149200439453125,124.69401550292969,115.11528778076172,188.08091735839844,39.63935089111328,11.101097106933594,124.87003326416016
2020-08-11,105.99945068359375,192.9481658935547,88.63694763183594,34.502132415771484,123.80107879638672,114.36845397949219,189.01754760742188,39.81379699707031,10.787897109985352,126.51829528808594
2020-08-12,109.52227020263672,198.46011352539062,87.8856201171875,34.49430465698242,126.06700897216797,116.28274536132812,189.9446258544922,40.2291259765625,11.374768257141113,127.77873229980469
2020-08-13,111.46054077148438,197.99525451660156,87.39900207519531,33.649349212646484,124.66875457763672,116.55744171142578,189.1214141845703,40.18760299682617,11.377506256103516,126.97400665283203
2020-08-14,111.3612060546875,198.18502807617188,87.43312072753906,33.798011779785156,124.87093353271484,115.97370910644531,188.2216796875,40.24574661254883,11.497811317443848,126.55709075927734
2020-08-17,111.0704574584961,199.4942169189453,85.12799835205078,33.359886169433594,125.5026626586914,116.31708526611328,190.89224243164062,40.04638671875,12.266386985778809,125.43238830566406
2020-08-18,111.9959945678711,200.64215087890625,83.94126892089844,33.195579528808594,126.42926025390625,117.18408966064453,190.49021911621094,40.22081756591797,12.190573692321777,124.99607849121094
2020-08-19,112.13651275634766,199.4248809814453,84.13766479492188,32.827880859375,126.68196105957031,116.5488510131836,192.38546752929688,39.34861373901367,12.069025039672852,123.8810806274414
2020-08-20,114.62480163574219,204.06576538085938,83.13021850585938,32.327171325683594,127.54957580566406,117.4759750366211,195.41018676757812,39.33199691772461,12.07150936126709,124.22042846679688
2020-08-21,120.53166198730469,202.58218383789062,83.0875015258789,32.084632873535156,128.67835998535156,117.98242950439453,195.3910369873047,39.27385330200195,12.610902786254883,123.5611343383789
2020-08-24,121.9732666015625,203.21934509277344,85.42682647705078,33.031288146972656,129.0175323486328,118.90094757080078,197.5734100341797,39.847023010253906,12.647443771362305,126.71221160888672
2020-08-25,120.9726333618164,205.86312866210938,85.80245208740234,31.982934951782227,128.9412384033203,119.37308502197266,199.1910400390625,39.79717254638672,12.677023887634277,125.839599609375
2020-08-26,122.61773681640625,210.31378173828125,84.59867858886719,31.30226707458496,129.14471435546875,118.79794311523438,201.25860595703125,40.00484085083008,12.699891090393066,128.15684509277344
2020-08-27,121.15191650390625,215.47781372070312,87.38191223144531,31.091033935546875,129.72132873535156,118.64344787597656,201.9956512451172,40.062992095947266,12.555970191955566,129.65966796875
2020-08-28,120.95568084716797,217.693603515625,87.740478515625,31.834278106689453,130.281005859375,119.1241683959961,206.4752655029297,41.392059326171875,13.072498321533203,131.4145965576172
2020-08-31,125.05755615234375,214.4792022705078,85.53779602050781,31.24749755859375,130.08596801757812,118.7464599609375,202.91453552246094,41.142860412597656,13.297950744628906,127.8563003540039
2020-09-01,130.03887939453125,216.13394165039062,85.49510955810547,30.84850311279297,128.48333740234375,118.61768341064453,204.21630859375,40.80228042602539,13.746002197265625,129.48516845703125
2020-09-02,127.3447265625,220.29933166503906,86.7842788696289,30.660736083984375,130.44210815429688,120.61781311035156,207.21229553222656,42.52175521850586,14.268654823303223,131.26914978027344
2020-09-03,117.14936065673828,206.6524658203125,86.51107788085938,30.5981502532959,126.81282043457031,118.68634033203125,200.0142822265625,41.93199157714844,12.944876670837402,129.18460083007812
2020-09-04,117.2269058227539,203.75196838378906,88.38079071044922,30.574678421020508,125.99877166748047,118.42881774902344,195.89830017089844,42.39716720581055,12.554010391235352,127.97264862060547
2020-09-08,109.33812713623047,192.7298583984375,85.30728149414062,29.870559692382812,124.87100982666016,116.6948013305664,191.55264282226562,41.37544631958008,11.848359107971191,130.11537170410156
2020-09-09,113.69924926757812,200.93695068359375,86.11835479736328,29.69060516357422,126.94004821777344,118.59191131591797,195.32403564453125,41.69108963012695,12.64600944519043,129.3009490966797
2020-09-10,109.98744201660156,195.30702209472656,85.2304458618164,28.947364807128906,124.57421875,117.34719848632812,192.9119110107422,41.53326416015625,12.244945526123047,129.1652069091797
2020-09-11,108.54342651367188,194.03268432617188,86.28909301757812,28.869129180908203,125.31192779541016,118.58333587646484,192.0886993408203,42.41376876831055,12.098494529724121,127.73992919921875
2020-09-14,111.79973602294922,195.34506225585938,87.4843521118164,28.681360244750977,125.7953109741211,119.00397491455078,196.2046356201172,42.46401596069336,12.802404403686523,127.25518035888672
2020-09-15,111.97417449951172,198.54995727539062,84.76089477539062,28.376245498657227,126.2531509399414,119.00397491455078,196.5970458984375,42.748722076416016,12.92050838470459,127.24547576904297
2020-09-16,108.6694107055664,195.00271606445312,85.11946105957031,29.58107566833496,125.83767700195312,118.20563507080078,196.34820556640625,42.531009674072266,12.446593284606934,128.06959533691406
2020-09-17,106.93468475341797,192.96759033203125,84.14617919921875,29.5732479095459,124.79470825195312,118.05110168457031,196.48220825195312,42.33003234863281,12.395872116088867,126.25650024414062
2020-09-18,103.54267883300781,190.57106018066406,83.96688079833984,29.09602165222168,126.49908447265625,117.92231750488281,193.93609619140625,42.24629211425781,12.1231107711792,124.71491241455078
2020-09-21,106.68270111083984,192.61569213867188,81.3714599609375,28.501419067382812,123.0394058227539,117.35579681396484,188.9970245361328,41.107444763183594,12.449331283569336,121.59292602539062
2020-09-22,108.35930633544922,197.25665283203125,80.48357391357422,27.797285079956055,122.28473663330078,118.42881774902344,191.973876953125,41.58475875854492,12.569173812866211,123.338134765625
2020-09-23,103.81405639648438,190.76124572753906,79.17730712890625,26.905397415161133,122.47977447509766,117.01240539550781,187.00604248046875,40.37055206298828,12.057964324951172,119.52775573730469
2020-09-24,104.8801040649414,193.23388671875,79.10902404785156,26.85063934326172,122.67476654052734,117.53604125976562,187.14956665039062,40.78086471557617,12.280999183654785,118.76179504394531
2020-09-25,108.8147964477539,197.63697814941406,79.80055236816406,27.10099220275879,123.51422882080078,118.136962890625,188.8055877685547,40.797611236572266,12.8038911819458,120.225830078125
2020-09-28,111.41207122802734,199.17759704589844,82.09716033935547,27.62518310546875,124.74382781982422,118.47174835205078,191.74417114257812,41.26655197143555,12.964272499084473,122.15526580810547
2020-09-29,110.56892395019531,197.10443115234375,81.40563201904297,26.81934356689453,124.701416015625,117.82791137695312,190.9018096923828,40.965087890625,13.153985977172852,121.5832290649414
2020-09-30,112.2358627319336,200.0240020751953,82.19108581542969,26.858461380004883,126.24471282958984,119.31301879882812,191.40911865234375,41.3419075012207,13.457080841064453,120.30339813232422
2020-10-01,113.18563079833984,202.04966735839844,82.7886962890625,25.919631958007812,124.92188262939453,119.52763366699219,194.64439392089844,41.18281173706055,13.540623664855957,119.55683135986328
2020-10-02,109.53196716308594,196.0868682861328,83.57416534423828,25.802270889282227,124.006103515625,118.5661392211914,192.8353271484375,41.33354949951172,12.99137020111084,118.81997680664062
2020-10-05,112.90455627441406,200.07154846191406,85.34060668945312,26.396862030029297,125.69351196289062,119.65638732910156,194.82627868652344,41.35028076171875,13.568474769592285,119.61500549316406
2020-10-06,109.66764831542969,195.82058715820312,84.4616928100586,26.12303924560547,124.02302551269531,119.8452377319336,191.86854553222656,40.98183822631836,13.661964416503906,117.24927520751953
2020-10-07,111.52838134765625,199.5485382080078,85.9351577758789,26.2091007232666,125.39673614501953,120.78091430664062,193.80206298828125,41.50102615356445,13.888229370117188,119.16902923583984
2020-10-08,111.42178344726562,200.2617950439453,87.70161437988281,27.586061477661133,126.2531509399414,121.59642028808594,194.29025268554688,42.25466537475586,13.76365852355957,119.3435287475586
2020-10-09,113.36005401611328,205.2354736328125,87.20183563232422,27.179227828979492,128.01693725585938,122.68663787841797,197.7935333251953,42.547767639160156,13.688072204589844,121.17601013183594
2020-10-12,120.56075286865234,210.55157470703125,88.27032470703125,27.093168258666992,128.75466918945312,124.03437805175781,197.5638427734375,42.78221893310547,14.14880657196045,121.16630554199219
2020-10-13,117.36257934570312,211.94004821777344,86.83991241455078,26.77240562438965,125.80377960205078,123.79399871826172,195.57290649414062,42.05369567871094,14.170938491821289,125.03487396240234
2020-10-14,117.44981384277344,210.0380401611328,86.35739135742188,26.71763801574707,125.58329772949219,123.64806365966797,193.54359436035156,41.969947814941406,14.018769264221191,122.73699951171875
2020-10-15,116.984619140625,208.89686584472656,87.64990997314453,26.952341079711914,124.8116226196289,123.4677734375,191.007080078125,41.86109924316406,13.894200325012207,123.48357391357422
2020-10-16,115.3467788696289,208.89686584472656,87.46894836425781,26.678516387939453,125.58329772949219,123.94854736328125,191.68670654296875,41.89458465576172,13.736557960510254,122.95030212402344
2020-10-19,112.40060424804688,203.72340393066406,85.99549865722656,26.14651107788086,122.37799835205078,121.81964874267578,188.53756713867188,41.55126190185547,13.42451000213623,120.44884490966797
2020-10-20,113.88336944580078,204.13232421875,86.48662567138672,26.365570068359375,122.57305145263672,122.30895233154297,189.23631286621094,42.078819274902344,13.57145881652832,121.14692687988281
2020-10-21,113.26314544677734,204.27500915527344,85.62496185302734,25.943099975585938,122.04725646972656,122.96995544433594,189.93502807617188,41.86109924316406,13.451364517211914,122.7757797241211
2020-10-22,112.1777114868164,204.36058044433594,88.6494369506836,27.273113250732422,123.02244567871094,122.09893035888672,189.51388549804688,42.43889617919922,13.28849983215332,123.67747497558594
2020-10-23,111.48961639404297,205.63491821289062,89.45079803466797,26.7254581451416,123.15809631347656,122.90174865722656,189.53305053710938,42.304901123046875,13.51650619506836,124.44343566894531
2020-10-26,111.49930572509766,199.78623962402344,87.23628997802734,26.09174346923828,122.0811996459961,121.9694595336914,184.8045196533203,41.70199203491211,13.069945335388184,120.28401184082031
2020-10-27,113.00147247314453,202.80091857910156,85.59048461914062,25.67709732055664,121.3858642578125,122.88444519042969,181.9234161376953,41.78573226928711,13.324057579040527,119.55683135986328
2020-10-28,107.76811981201172,192.74887084960938,83.18640899658203,24.699146270751953,117.32412719726562,118.82746887207031,173.1268310546875,40.16119384765625,12.558484077453613,114.8641586303711
2020-10-29,111.760986328125,194.68890380859375,83.7292709350586,25.794448852539062,116.33202362060547,118.7497787475586,176.95553588867188,40.211448669433594,12.953330039978027,117.84070587158203
2020-10-30,105.50031280517578,192.54916381835938,84.47892761230469,25.520618438720703,116.26419067382812,118.34407806396484,173.93087768554688,40.24493408203125,12.46599006652832,117.55953216552734
2020-11-02,105.41311645507812,192.416015625,86.38324737548828,26.592456817626953,117.60397338867188,119.55252075195312,176.83114624023438,40.7138671875,12.51248550415039,116.47362518310547
2020-11-03,107.03156280517578,196.31512451171875,89.10614013671875,26.138690948486328,117.44287872314453,121.900390625,180.27694702148438,41.32516860961914,12.948854446411133,120.24523162841797
2020-11-04,111.40238189697266,205.78707885742188,86.38324737548828,25.997867584228516,118.20600128173828,121.39976501464844,185.66598510742188,41.17443084716797,13.719402313232422,121.26325988769531
2020-11-05,115.35649108886719,212.34896850585938,89.9161148071289,25.95092010498047,118.51123809814453,122.90174865722656,189.1788787841797,41.40053176879883,14.08316421508789,123.09574127197266
2020-11-06,115.22542572021484,212.75790405273438,88.7183837890625,25.64579963684082,120.62271118164062,123.63542175292969,189.97332763671875,41.408912658691406,14.482986450195312,123.58051300048828
2020-11-09,112.9245834350586,207.6890411376953,100.73017120361328,28.89259910583496,123.87041473388672,119.1123046875,203.57496643066406,44.02155685424805,13.556787490844727,138.25
2020-11-10,112.58480834960938,200.67071533203125,100.40271759033203,29.533592224121094,125.73593139648438,121.07173919677734,204.1780242919922,45.2022819519043,12.70070743560791,137.78463745117188
2020-11-11,116.00204467773438,205.93927001953125,98.90338897705078,29.229124069213867,125.32890319824219,122.63414001464844,203.59413146972656,44.86732482910156,13.345191955566406,133.6251983642578
2020-11-12,115.73021697998047,204.88363647460938,97.68846130371094,28.22757911682129,125.75288391113281,122.70316314697266,199.6445770263672,44.390010833740234,13.383728981018066,131.39520263671875
2020-11-13,115.77876281738281,205.90118408203125,98.30023956298828,28.908620834350586,127.10960388183594,124.54178619384766,201.772705078125,44.75846481323242,13.224849700927734,134.1487579345703
2020-11-16,116.78840637207031,206.58590698242188,101.0748519897461,30.575191497802734,127.91521453857422,122.94486999511719,203.90089416503906,45.09340286254883,13.441912651062012,140.26669311523438
2020-11-17,115.90499114990234,203.95166015625,100.04943084716797,30.983821868896484,126.6432876586914,122.47015380859375,201.9932403564453,44.95105743408203,13.349420547485352,140.10186767578125
2020-11-18,114.58468627929688,201.26283264160156,99.30838775634766,29.81401824951172,124.96426391601562,120.58837890625,199.23236083984375,44.055049896240234,13.355883598327637,139.52012634277344
2020-11-19,115.17688751220703,202.5404815673828,99.57551574707031,29.966259002685547,124.76924133300781,120.4416275024414,198.983154296875,44.490501403808594,13.367321968078613,137.40647888183594
2020-11-20,113.9148178100586,200.6049346923828,98.72247314453125,29.597686767578125,124.10780334472656,120.2430648803711,195.44577026367188,44.10530090332031,13.016735076904297,136.77630615234375
2020-11-23,110.52670288085938,200.33790588378906,101.56600189208984,31.53668212890625,122.8441162109375,119.7769546508789,199.5487060546875,44.11368179321289,13.06870174407959,141.5368194580078
2020-11-24,111.80816650390625,203.9135284423828,106.26215362548828,33.635921478271484,122.8441162109375,119.38850402832031,201.00582885742188,44.56586456298828,12.887439727783203,146.87911987304688
2020-11-25,112.64307403564453,203.92303466796875,105.15058898925781,32.6984748840332,122.68190002441406,119.70790100097656,202.165771484375,44.323028564453125,13.162939071655273,144.5521697998047
2020-11-27,113.18670654296875,205.21981811523438,104.45262908935547,32.20171356201172,122.95513916015625,119.64746856689453,202.27120971679688,44.13041687011719,13.18929386138916,142.65184020996094
2020-11-30,115.57490539550781,204.11375427246094,101.57463073730469,30.551162719726562,123.53573608398438,119.87187957763672,201.64810180664062,43.548095703125,13.328782081604004,143.50503540039062
2020-12-01,119.13778686523438,206.1542205810547,103.17733001708984,30.84761619567871,125.90092468261719,120.30350494384766,202.4629669189453,43.91942596435547,13.317344665527344,144.8915252685547
2020-12-02,119.48726654052734,205.353271484375,105.1592025756836,32.00139617919922,126.4900894165039,119.43167114257812,201.4851531982422,43.978515625,13.471006393432617,148.9346160888672
2020-12-03,119.35137176513672,204.27586364746094,104.46985626220703,32.21773147583008,127.22441101074219,118.55121612548828,199.44325256347656,44.54395294189453,13.327248573303223,148.57586669921875
2020-12-04,118.68151092529297,204.39022827148438,105.41771697998047,33.39554977416992,128.30882263183594,118.6634521484375,203.88174438476562,45.44697952270508,13.488663673400879,149.44847106933594
2020-12-07,120.13771057128906,204.323486328125,105.02132415771484,32.77057647705078,127.19881439208984,118.84471130371094,203.85296630859375,44.721195220947266,13.53691577911377,149.00247192382812
2020-12-08,120.74930572509766,205.9635009765625,105.12474060058594,33.844242095947266,129.40170288085938,119.16410827636719,203.968017578125,44.88153839111328,13.281484603881836,149.04124450683594
2020-12-09,118.22521209716797,201.94931030273438,104.30615234375,34.292938232421875,130.72523498535156,117.74845886230469,200.9099578857422,45.00813293457031,12.864386558532715,149.72962951660156
2020-12-10,119.6426010131836,200.72886657714844,103.63401794433594,35.262428283691406,129.99940490722656,116.97156524658203,199.0214385986328,44.77182388305664,12.90567398071289,149.98171997070312
2020-12-11,118.83683776855469,203.3413848876953,103.0222396850586,35.094173431396484,130.5971221923828,117.83475494384766,197.7081298828125,45.02500534057617,12.946464538574219,170.37164306640625
2020-12-14,118.22521209716797,204.2377166748047,101.93650817871094,33.82821273803711,127.28418731689453,117.26505279541016,198.67637634277344,44.95750045776367,13.240446090698242,164.1470489501953
2020-12-15,124.14715576171875,204.1709747314453,103.67710876464844,34.4852294921875,128.56495666503906,117.95561218261719,199.74041748046875,45.43855667114258,13.291929244995117,168.6458282470703
2020-12-16,124.07919311523438,209.08145141601562,103.97868347167969,35.014041900634766,127.7965087890625,118.4908218383789,199.65415954589844,44.780269622802734,13.174537658691406,167.85076904296875
2020-12-17,124.9432144165039,209.21493530273438,103.11701202392578,34.83777618408203,131.16921997070312,119.33672332763672,202.4437713623047,44.95750045776367,13.272781372070312,168.26768493652344
2020-12-18,122.96278381347656,208.42349243164062,102.6086196899414,34.23684310913086,131.9291534423828,120.01864624023438,202.56837463378906,45.35416793823242,13.203886032104492,167.62779235839844
2020-12-21,124.4869613647461,212.2374725341797,106.46033477783203,33.61188888549805,130.65692138671875,118.70657348632812,200.36354064941406,44.569278717041016,13.263822555541992,165.4947509765625
2020-12-22,128.0303955078125,213.52468872070312,104.84037017822266,33.04301071166992,130.4007568359375,117.86931610107422,197.32467651367188,44.527076721191406,13.210098266601562,165.2620391845703
2020-12-23,127.13727569580078,210.74050903320312,107.77008819580078,33.467655181884766,129.73475646972656,117.68801879882812,196.80702209472656,44.79714584350586,12.942481994628906,168.26768493652344
2020-12-24,128.11776733398438,212.3900604248047,107.29615783691406,33.33145523071289,130.18728637695312,118.87922668457031,200.06640625,45.10097122192383,12.92706298828125,168.4422149658203
2020-12-28,132.7000274658203,214.4972686767578,108.00273895263672,33.4436149597168,130.8020782470703,119.70790100097656,203.83383178710938,45.708621978759766,12.833792686462402,173.41607666015625
2020-12-29,130.93312072753906,213.72496032714844,107.7184066772461,33.067039489746094,131.6132049560547,119.48347473144531,205.50181579589844,45.683292388916016,12.876819610595703,171.903564453125
2020-12-30,129.8167266845703,211.36978149414062,108.01996612548828,33.33145523071289,133.24407958984375,118.92239379882812,209.32675170898438,45.94491958618164,13.078280448913574,175.65576171875
2020-12-31,128.81678771972656,212.07537841796875,109.49345397949219,33.02698516845703,134.3797149658203,120.10496520996094,209.68142700195312,46.28251266479492,12.98799991607666,175.6654510498047
2021-01-04,125.63253784179688,207.56541442871094,108.45942687988281,33.251338958740234,133.6283416748047,118.96556091308594,208.7515869140625,44.527076721191406,13.046197891235352,172.27198791503906
2021-01-05,127.18577575683594,207.7655792236328,109.04959106445312,34.85380172729492,135.19940185546875,119.72515869140625,205.635986328125,44.03759002685547,13.335953712463379,173.0088653564453
2021-01-06,122.904541015625,202.3783721923828,114.17008972167969,35.74317169189453,136.47166442871094,120.98542785644531,203.82418823242188,42.636619567871094,12.549759864807129,173.66815185546875
2021-01-07,127.09843444824219,208.13748168945312,117.91936492919922,36.02361297607422,136.9327392578125,119.85465240478516,204.96499633789062,42.164005279541016,13.275514602661133,173.1446075439453
2021-01-08,128.1954803466797,209.40560913085938,118.04956817626953,36.42422866821289,136.65093994140625,119.8028335571289,206.53712463378906,43.1092414855957,13.208610534667969,173.25125122070312
2021-01-11,125.21504974365234,207.3746795654297,119.81135559082031,37.52992630004883,136.07887268066406,118.99144744873047,204.08299255371094,42.36656188964844,13.551589965820312,173.63905334472656
2021-01-12,125.0403060913086,204.93373107910156,121.69464874267578,38.36322021484375,135.02008056640625,118.30088806152344,200.2197265625,42.29060363769531,13.415539741516113,170.6334228515625
2021-01-13,127.06929016113281,206.27813720703125,121.80748748779297,38.7958869934082,134.81520080566406,118.4821548461914,200.68951416015625,42.332794189453125,13.462301254272461,170.7594757080078
2021-01-14,125.14710235595703,203.112548828125,122.51915740966797,40.31022262573242,137.1717987060547,117.22189331054688,193.5093231201172,41.547908782958984,13.132501602172852,168.15135192871094
2021-01-15,123.42874145507812,202.75978088378906,120.32342529296875,38.37123107910156,136.87298583984375,116.34143829345703,193.25045776367188,41.10063171386719,12.793498992919922,166.221923828125
2021-01-19,124.0986328125,206.37351989746094,119.80264282226562,39.132408142089844,138.9905548095703,115.32286071777344,193.317626953125,40.940269470214844,12.958399772644043,167.0169677734375
2021-01-20,128.17599487304688,213.9060821533203,118.00614929199219,39.68525695800781,138.64898681640625,113.88133239746094,197.48764038085938,41.083740234375,13.297152519226074,168.35494995117188
2021-01-21,132.87472534179688,214.50680541992188,117.01677703857422,38.5474967956543,138.09393310546875,113.76929473876953,196.6536407470703,41.311607360839844,13.7963285446167,166.0667724609375
2021-01-22,135.0105438232422,215.4412078857422,116.11415100097656,38.002662658691406,139.64804077148438,112.8922348022461,193.6627197265625,40.92339324951172,13.642125129699707,167.5211181640625
2021-01-25,138.74815368652344,218.85470581054688,114.66478729248047,37.5780143737793,141.72286987304688,114.83744049072266,192.6657257080078,41.16813278198242,13.583175659179688,166.65823364257812
2021-01-26,138.9811553955078,221.52450561523438,114.19613647460938,36.75273513793945,145.5652313232422,115.57559204101562,193.65313720703125,41.59855270385742,13.366294860839844,164.3991241455078
2021-01-27,137.9132537841797,222.06796264648438,110.96759033203125,36.336082458496094,143.34521484375,111.48541259765625,186.90440368652344,40.95713806152344,12.851452827453613,158.06787109375
2021-01-28,133.08831787109375,227.81753540039062,112.92037200927734,36.904972076416016,144.43812561035156,113.20484924316406,190.01991271972656,41.480403900146484,12.984018325805664,166.64854431152344
2021-01-29,128.10804748535156,221.17169189453125,111.67059326171875,35.92745590209961,139.2893829345703,111.33779907226562,185.2555389404297,40.636444091796875,12.923081398010254,163.05142211914062
2021-02-01,130.2244415283203,228.5040283203125,112.49508666992188,35.99155807495117,138.9307861328125,111.99776458740234,190.1541290283203,40.91494369506836,13.169062614440918,165.76622009277344
2021-02-02,131.04962158203125,228.3705291748047,115.95794677734375,36.5604362487793,137.68411254882812,111.8414535522461,194.2283172607422,41.3200569152832,13.487173080444336,171.5739288330078
2021-02-03,130.0302734375,231.6982421875,117.28580474853516,37.99464797973633,137.04368591308594,111.98040008544922,193.030029296875,41.15970230102539,13.461058616638184,171.06002807617188
2021-02-04,133.37957763671875,230.75425720214844,119.98493194580078,38.723777770996094,138.3159942626953,112.04987335205078,200.5936279296875,41.36225128173828,13.594118118286133,174.74435424804688
2021-02-05,132.96632385253906,230.93540954589844,119.75061798095703,40.02177810668945,140.4164581298828,112.51881408691406,200.1334991455078,41.902374267578125,13.521246910095215,175.64608764648438
2021-02-08,133.11215209960938,231.19285583496094,121.62522888183594,41.744441986083984,140.81776428222656,112.17144775390625,198.3312530517578,42.1302490234375,14.364645957946777,184.2169952392578
2021-02-09,132.23716735839844,232.43240356445312,121.13919830322266,41.25553512573242,141.97047424316406,111.73724365234375,197.97654724121094,41.944583892822266,14.190047264099121,182.4814910888672
2021-02-10,131.6343536376953,231.526611328125,121.20862579345703,41.65481185913086,142.43157958984375,111.34647369384766,197.89988708496094,41.86018371582031,14.68847370147705,183.8582763671875
2021-02-11,131.381591796875,233.11892700195312,120.87016296386719,40.61179733276367,141.79115295410156,111.44200134277344,202.25880432128906,42.450950622558594,15.172475814819336,185.0993194580078
2021-02-12,131.61489868164062,233.595703125,122.58856201171875,41.16590118408203,142.23516845703125,110.825439453125,201.5867462158203,42.78009033203125,14.884462356567383,181.95791625976562
2021-02-16,129.49534606933594,232.3656768798828,125.53937530517578,42.40446472167969,140.94586181640625,111.0859603881836,199.60887145996094,42.425636291503906,15.251569747924805,180.6781005859375
2021-02-17,127.2105941772461,233.3787078857422,125.92994689941406,43.064491271972656,141.44961547851562,111.55489349365234,199.23443603515625,42.3074836730957,14.829497337341309,180.76535034179688
2021-02-18,126.11192321777344,232.9868927001953,126.35519409179688,42.38816452026367,141.5179443359375,112.48406982421875,201.00106811523438,42.84760284423828,14.75289535522461,177.4300537109375
2021-02-19,126.26744079589844,230.29183959960938,128.46412658691406,42.67335891723633,139.1613006591797,110.39122772216797,196.5653076171875,42.29060363769531,14.849891662597656,178.06027221679688
2021-02-22,122.50484466552734,224.11810302734375,129.67051696777344,44.246002197265625,139.0753936767578,109.92230224609375,200.01211547851562,42.729454040527344,14.282071113586426,185.92343139648438
2021-02-23,122.36869812011719,222.93301391601562,130.71197509765625,44.85714340209961,137.8467559814453,110.73860931396484,203.65093994140625,42.65350341796875,14.069418907165527,191.09121704101562
2021-02-24,121.87287139892578,224.15638732910156,133.0118865966797,46.201637268066406,139.69395446777344,110.86017608642578,210.67904663085938,42.79696273803711,14.424589157104492,191.49842834472656
2021-02-25,117.63379669189453,218.84271240234375,131.20664978027344,45.435672760009766,139.8400421142578,109.92230224609375,205.22557067871094,42.34123229980469,13.239200592041016,185.16717529296875
2021-02-26,117.89630126953125,222.08245849609375,127.7264404296875,44.30304718017578,136.14559936523438,107.27367401123047,203.9197998046875,41.345367431640625,13.644113540649414,183.28622436523438
2021-03-01,124.24519348144531,226.4404296875,130.6165008544922,45.957183837890625,136.88449096679688,107.93365478515625,207.99073791503906,42.113372802734375,13.770709991455078,189.04542541503906
2021-03-02,121.64926147460938,223.50643920898438,130.1912384033203,45.68827819824219,136.62672424316406,107.59498596191406,207.16502380371094,42.282169342041016,13.337443351745605,188.03707885742188
2021-03-03,118.67412567138672,217.47604370117188,132.70809936523438,46.05495834350586,134.2210235595703,106.95235443115234,206.28167724609375,42.18088150024414,12.739032745361328,186.408203125
2021-03-04,116.79765319824219,216.68283081054688,130.66856384277344,47.83946990966797,131.5145721435547,106.07527160644531,203.06529235839844,42.147117614746094,12.306760787963867,182.30697631835938
2021-03-05,118.05186462402344,221.33702087402344,130.9723663330078,49.64841842651367,134.11793518066406,109.40126037597656,206.81930541992188,42.8644905090332,12.397541046142578,184.2073211669922
2021-03-08,113.13220977783203,217.31361389160156,132.70809936523438,49.59952926635742,135.23483276367188,110.55620574951172,211.48553466796875,43.58184814453125,11.533751487731934,195.76451110839844
2021-03-09,117.73102569580078,223.42047119140625,131.77076721191406,48.83357238769531,135.49258422851562,109.57492065429688,211.57199096679688,42.92356872558594,12.460293769836426,188.58975219726562
2021-03-10,116.65180969238281,222.1207275390625,134.63479614257812,50.3328971862793,136.73843383789062,110.5822982788086,214.2698974609375,43.41305923461914,12.408541679382324,189.12298583984375
2021-03-11,118.57687377929688,226.62197875976562,133.9318389892578,49.95806121826172,136.7298126220703,110.2088851928711,217.1310577392578,42.94044876098633,12.931276321411133,190.76153564453125
2021-03-12,117.67269134521484,225.30313110351562,135.52005004882812,50.495849609375,137.1250762939453,111.27699279785156,215.4124755859375,42.8553466796875,12.794435501098633,191.15908813476562
2021-03-15,120.55057525634766,224.40480041503906,134.84310913085938,49.208412170410156,137.8295440673828,111.6417236328125,214.36590576171875,43.42550277709961,13.128077507019043,190.771240234375
2021-03-16,122.08673858642578,227.17626953125,133.2288360595703,48.16541290283203,138.64578247070312,111.97172546386719,215.73887634277344,43.58718490600586,13.227599143981934,188.3279571533203
2021-03-17,121.29922485351562,226.53594970703125,134.60011291503906,48.37726593017578,138.1302947998047,111.52014923095703,214.12588500976562,43.604209899902344,13.277362823486328,189.2975311279297
2021-03-18,117.18656921386719,220.4960479736328,136.8218536376953,46.29126739501953,137.87255859375,111.76329040527344,211.86001586914062,43.03404998779297,12.66157341003418,186.42759704589844
2021-03-19,116.66153717041016,220.1424560546875,134.6434783935547,46.030521392822266,137.50306701660156,111.16411590576172,198.64874267578125,43.238285064697266,12.784234046936035,185.32229614257812
2021-03-22,119.96721649169922,225.53248596191406,131.02442932128906,45.55790328979492,137.89828491210938,113.04853057861328,199.70484924316406,43.39997100830078,13.123101234436035,186.98997497558594
2021-03-23,119.14081573486328,227.05201721191406,129.7139129638672,44.995662689208984,137.7694549560547,115.15008544921875,199.8489227294922,43.73185348510742,13.008156776428223,182.9856414794922
2021-03-24,116.75875091552734,225.02601623535156,130.7206573486328,45.908287048339844,139.1097412109375,115.11531829833984,199.77212524414062,43.84248352050781,12.582454681396484,179.09771728515625
2021-03-25,117.2448959350586,222.04425048828125,132.3956298828125,45.77791213989258,139.16127014160156,115.91425323486328,199.67608642578125,44.267967224121094,12.4752197265625,181.22105407714844
2021-03-26,117.84769439697266,226.0007781982422,134.60011291503906,47.024620056152344,141.70443725585938,117.6250228881836,205.0143280029297,45.1359748840332,12.777764320373535,180.26116943359375
2021-03-29,118.02271270751953,224.8157501220703,132.5084991455078,46.77202224731445,142.6581573486328,119.4660415649414,205.95523071289062,45.825260162353516,12.88624382019043,179.22378540039062
2021-03-30,116.57404327392578,221.57598876953125,134.0706787109375,46.19348907470703,141.773193359375,117.6250228881836,203.44935607910156,45.229591369628906,12.81010913848877,179.883056640625
2021-03-31,118.76163482666016,225.32223510742188,132.117919921875,45.49271774291992,141.20614624023438,117.60765075683594,203.2861328125,44.855140686035156,13.284323692321777,178.90380859375
2021-04-01,119.5880355834961,231.61065673828125,133.4024200439453,46.76387023925781,139.90020751953125,116.60897064208984,208.21151733398438,44.68495178222656,13.745609283447266,183.21835327148438
2021-04-05,122.40760803222656,238.0328826904297,134.1095733642578,46.03866958618164,140.4156951904297,118.4934310913086,210.30458068847656,44.940250396728516,13.920516967773438,182.7626495361328
2021-04-06,122.70899200439453,236.87649536132812,133.1667022705078,45.908287048339844,140.38131713867188,118.53680419921875,209.93016052246094,45.26361846923828,13.79511833190918,183.95523071289062
2021-04-07,124.35211944580078,238.82611083984375,135.253173828125,46.112003326416016,140.57034301757812,118.7452621459961,210.5254364013672,45.34020233154297,14.075766563415527,181.85125732421875
2021-04-08,126.743896484375,242.0276641845703,135.41900634765625,45.6312370300293,140.02049255371094,119.19682312011719,211.8983612060547,45.20405197143555,14.24843692779541,181.6186065673828
2021-04-09,129.31065368652344,244.51246643066406,136.43173217773438,45.52531051635742,138.5426788330078,118.4239501953125,213.64578247070312,45.25510025024414,14.331037521362305,182.17123413085938
2021-04-12,127.5994873046875,244.56980895996094,136.1436309814453,45.223819732666016,138.8777313232422,118.90158081054688,212.63768005371094,45.39977264404297,15.136164665222168,180.8138427734375
2021-04-13,130.7009735107422,247.0354766845703,134.5198211669922,45.39494323730469,137.02194213867188,117.32975769042969,212.2056121826172,45.17851257324219,15.604410171508789,179.8442840576172
2021-04-14,128.36753845214844,244.2639617919922,132.005615234375,46.70684051513672,137.39996337890625,117.7552719116211,213.12734985351562,45.17000961303711,15.203839302062988,181.7543182373047
2021-04-15,130.76907348632812,248.00071716308594,132.8436737060547,46.42978286743164,137.8037872314453,119.17942810058594,217.25587463378906,45.38276672363281,16.05997085571289,180.27085876464844
2021-04-16,130.43846130371094,249.18576049804688,133.83013916015625,46.16903305053711,139.39329528808594,119.18814086914062,217.3806610107422,45.68060302734375,15.836297988891602,181.56039428710938
2021-04-19,131.09959411621094,247.27439880371094,133.26272583007812,46.02236557006836,139.77992248535156,118.6323471069336,216.78543090820312,45.95291519165039,15.288183212280273,181.7252197265625
2021-04-20,129.41763305664062,246.81565856933594,130.31201171875,45.052703857421875,143.0362091064453,119.62235260009766,214.37551879882812,46.09757995605469,15.098597526550293,177.2264404296875
2021-04-21,129.79678344726562,249.03285217285156,131.4207000732422,45.6312370300293,143.13067626953125,118.84075927734375,218.3791961669922,46.472007751464844,15.286941528320312,177.53672790527344
2021-04-22,128.2800750732422,245.77395629882812,128.65328979492188,45.036399841308594,141.91925048828125,117.66094970703125,218.49440002441406,46.32733917236328,14.779133796691895,177.19735717773438
2021-04-23,130.5940399169922,249.5775909423828,131.11517333984375,45.280860900878906,142.21142578125,117.05791473388672,220.82752990722656,46.35287857055664,15.192144393920898,177.449462890625
2021-04-26,130.98294067382812,249.95985412597656,131.43817138671875,45.37049865722656,141.00852966308594,114.71568298339844,221.15396118164062,45.66357421875,15.403876304626465,178.66140747070312
2021-04-27,130.662109375,250.3612518310547,132.04052734375,45.965335845947266,140.2008819580078,114.64576721191406,220.74111938476562,45.59550094604492,15.308088302612305,179.0201416015625
2021-04-28,129.87454223632812,243.2795867919922,132.89602661132812,47.35055923461914,139.169921875,114.83805847167969,224.139892578125,45.6040153503418,15.203591346740723,177.80819702148438
2021-04-29,129.77732849121094,241.32041931152344,135.48011779785156,48.026885986328125,141.07725524902344,115.80815124511719,227.41392517089844,46.174163818359375,15.251361846923828,179.68914794921875
2021-04-30,127.81339263916016,241.00511169433594,134.2754364013672,46.64164733886719,139.81427001953125,116.60343170166016,224.2455596923828,45.93589401245117,14.937621116638184,180.35812377929688
2021-05-03,128.86338806152344,240.69924926757812,133.88253784179688,47.92909622192383,141.94505310058594,117.98428344726562,223.33343505859375,46.36138916015625,14.765697479248047,179.8636474609375
2021-05-04,124.30347442626953,236.80960083007812,135.73330688476562,48.23058319091797,144.14454650878906,117.58226776123047,222.77655029296875,46.07205581665039,14.28252124786377,178.64202880859375
2021-05-05,124.54657745361328,235.54808044433594,137.51422119140625,49.68101119995117,143.54312133789062,116.63842010498047,220.0690155029297,45.95291519165039,14.389261245727539,175.98541259765625
2021-05-06,126.14108276367188,238.66363525390625,140.28158569335938,50.15361785888672,144.11875915527344,118.10665130615234,222.09487915039062,46.412437438964844,14.453449249267578,176.2568817138672
2021-05-07,126.8130874633789,241.2726593017578,140.76177978515625,50.870689392089844,144.77174377441406,118.11539459228516,222.8629608154297,46.38691329956055,14.741316795349121,179.2140655517578
2021-05-10,123.54072570800781,236.22662353515625,140.74429321289062,50.9929084777832,146.29251098632812,120.3177490234375,216.95822143554688,46.7273063659668,14.197432518005371,178.6905059814453
2021-05-11,122.6252670288086,235.31871032714844,138.4046630859375,49.371376037597656,145.0982208251953,119.7234878540039,216.48776245117188,46.22522735595703,14.237736701965332,176.14053344726562
2021-05-12,119.56716918945312,228.4091339111328,137.45310974121094,49.635921478271484,144.5139617919922,118.45622253417969,211.8311767578125,45.98694610595703,13.69261360168457,172.4368438720703
2021-05-13,121.70977020263672,232.26052856445312,140.98875427246094,49.02415084838867,146.0261688232422,120.36145782470703,215.1291961669922,46.38691329956055,13.599806785583496,172.91189575195312
2021-05-14,124.12508392333984,237.1536102294922,143.17994689941406,50.23942565917969,146.24952697753906,120.61491394042969,218.20603942871094,46.574127197265625,14.174789428710938,168.41310119628906
2021-05-17,122.9758529663086,234.31524658203125,143.756103515625,51.413360595703125,146.39561462402344,120.37020874023438,217.7252655029297,46.49754333496094,14.097661972045898,164.90330505371094
2021-05-18,121.59291076660156,232.30831909179688,141.7307891845703,49.958343505859375,146.44712829589844,119.13794708251953,216.88877868652344,46.24224853515625,13.948631286621094,164.51548767089844
2021-05-19,121.43710327148438,232.883056640625,140.64828491210938,48.759605407714844,146.12924194335938,119.38263702392578,215.9464569091797,46.09757995605469,13.998390197753906,164.11795043945312
2021-05-20,123.9887466430664,236.1016082763672,140.40383911132812,48.64386749267578,146.97987365722656,120.60617065429688,217.7252655029297,46.506046295166016,14.542520523071289,166.14434814453125
2021-05-21,122.15778350830078,234.84674072265625,142.0013885498047,48.71000289916992,146.8853302001953,120.60617065429688,218.04258728027344,46.48051834106445,14.919957160949707,167.15267944335938
2021-05-24,123.78419494628906,240.22048950195312,142.76963806152344,49.28044128417969,147.447265625,120.57120513916016,220.4944610595703,46.63368606567383,15.537235260009766,169.0045623779297
2021-05-25,123.58943176269531,241.12095642089844,141.29429626464844,48.164371490478516,147.0409393310547,120.98198699951172,220.20599365234375,46.625179290771484,15.572813987731934,170.8079376220703
2021-05-26,123.54072570800781,240.90065002441406,141.27682495117188,48.726531982421875,146.16778564453125,120.71104431152344,218.3310546875,46.82942581176758,15.6248140335083,171.0988006591797
2021-05-27,122.01170349121094,238.81240844726562,143.476806640625,48.41238784790039,145.94296264648438,117.96681213378906,218.129150390625,47.22087860107422,15.413830757141113,173.59059143066406
2021-05-28,121.35917663574219,239.16683959960938,143.38075256347656,48.25531005859375,146.3233642578125,117.85321807861328,218.55218505859375,47.05068588256836,16.166704177856445,173.21243286132812
2021-06-01,121.03778839111328,236.9828338623047,144.9608612060547,49.9831428527832,143.10726928710938,116.13152313232422,217.9080047607422,47.04216766357422,16.186607360839844,173.39669799804688
2021-06-02,121.79742431640625,236.88705444335938,144.9695587158203,50.379966735839844,143.68649291992188,116.63842010498047,220.82135009765625,47.22938919067383,16.697898864746094,171.61268615722656
2021-06-03,120.31709289550781,235.36402893066406,145.0656280517578,50.5783805847168,143.54820251464844,118.7271728515625,219.3310089111328,47.3485221862793,16.88848304748535,170.87583923339844
2021-06-04,122.60578155517578,240.23011779785156,145.3013153076172,50.801597595214844,143.48768615722656,118.8145523071289,221.28289794921875,47.85911560058594,17.494068145751953,171.78720092773438
2021-06-07,122.61551666259766,243.12295532226562,144.6204071044922,50.47090148925781,142.5107421875,119.22532653808594,222.41746520996094,47.68891906738281,17.534622192382812,171.6029815673828
2021-06-08,123.43360137939453,241.93515014648438,144.04421997070312,51.36375427246094,141.25714111328125,117.84444427490234,223.11936950683594,47.357032775878906,17.37339973449707,170.96307373046875
2021-06-09,123.81342315673828,242.91221618652344,142.24588012695312,51.793643951416016,143.15914916992188,117.80078125,223.36940002441406,47.21235656738281,17.279085159301758,170.68190002441406
2021-06-10,122.82002258300781,246.4084930419922,140.02842712402344,51.87631607055664,144.4473114013672,118.67473602294922,224.94622802734375,47.57827377319336,17.34552574157715,171.19577026367188
2021-06-11,124.02769470214844,247.0312042236328,139.93240356445312,51.396820068359375,142.614501953125,117.8619384765625,225.91738891601562,47.79103088378906,17.743953704833984,171.98114013671875
2021-06-14,127.07601928710938,248.9468994140625,137.55783081054688,51.314151763916016,142.9689483642578,117.9056625366211,225.07125854492188,47.62812423706055,17.93656349182129,172.75674438476562
2021-06-15,126.25798034667969,247.48133850097656,135.47140502929688,53.182525634765625,142.20819091796875,117.67842102050781,224.0135498046875,47.508087158203125,17.70737075805664,170.50738525390625
2021-06-16,126.754638671875,246.5426483154297,136.4229736328125,52.99237823486328,142.1562957763672,116.04411315917969,220.76368713378906,46.873619079589844,17.729022979736328,169.3439178466797
2021-06-17,128.35189819335938,249.9143829345703,132.48573303222656,51.24802017211914,142.8392791748047,117.10159301757812,223.21551513671875,47.11369705200195,18.572154998779297,169.33421325683594
2021-06-18,127.05655670166016,248.50631713867188,129.13343811035156,49.93354034423828,140.03819274902344,115.38864135742188,221.54244995117188,46.10197067260742,18.55374526977539,167.17208862304688
2021-06-21,128.84857177734375,251.571533203125,131.32469177246094,51.74403381347656,141.646240234375,116.29753875732422,225.30206298828125,46.607826232910156,18.34320640563965,168.6748809814453
2021-06-22,130.48471069335938,254.33029174804688,131.13265991210938,52.7360954284668,141.4559783935547,116.34124755859375,226.85006713867188,46.77931213378906,18.80061149597168,168.21920776367188
2021-06-23,130.21205139160156,254.10044860839844,131.9270477294922,53.12466049194336,140.60012817382812,116.17523193359375,225.64816284179688,46.40205383300781,18.970338821411133,169.99349975585938
2021-06-24,129.92959594726562,255.460693359375,133.14053344726562,53.33960723876953,141.23983764648438,116.25386810302734,227.14813232421875,46.633548736572266,19.117902755737305,172.51434326171875
2021-06-25,129.6374053955078,253.8609161376953,134.48489379882812,53.45534133911133,141.9661102294922,117.91436767578125,228.1865692138672,46.57353591918945,18.944202423095703,172.9215850830078
2021-06-28,131.26388549804688,257.4051208496094,134.7294158935547,52.09126281738281,141.8018341064453,118.26399230957031,225.08082580566406,46.5220832824707,19.89385223388672,171.19577026367188
2021-06-29,132.7734375,259.9723205566406,134.5634765625,51.76884460449219,141.81045532226562,117.45993041992188,226.86929321289062,46.17912673950195,19.93541145324707,168.63612365722656
2021-06-30,133.38697814941406,259.49334716796875,135.78567504882812,52.149139404296875,142.42430114746094,117.923095703125,224.82122802734375,46.39348602294922,19.911273956298828,170.42013549804688
2021-07-01,133.6888885498047,260.1638488769531,137.13009643554688,52.29793930053711,143.47901916503906,118.19406127929688,226.10006713867188,46.264862060546875,20.11981773376465,171.86476135253906
2021-07-02,136.3087615966797,265.9591979980469,136.99839782714844,52.223541259765625,146.08993530273438,118.77084350585938,229.44613647460938,46.45350646972656,20.393558502197266,171.71932983398438
2021-07-06,138.3149871826172,265.96868896484375,134.69793701171875,50.735450744628906,145.216796875,118.84075927734375,230.3787841796875,46.19628143310547,20.60409927368164,168.40341186523438
2021-07-07,140.79844665527344,268.1430969238281,134.8560028076172,49.941795349121094,146.4617156982422,119.7322006225586,230.76339721679688,46.57353591918945,20.27883529663086,167.55992126464844
2021-07-08,139.503173828125,265.73883056640625,132.5292205810547,49.71859359741211,146.17640686035156,119.71473693847656,227.50387573242188,46.41062927246094,19.811975479125977,167.54052734375
2021-07-09,141.32437133789062,266.2369079589844,136.77011108398438,50.61970901489258,146.75563049316406,119.7584228515625,229.29229736328125,46.693565368652344,19.95880699157715,171.6514434814453
2021-07-12,140.7302703857422,265.64306640625,138.7280731201172,50.57011413574219,146.522216796875,119.85454559326172,228.71539306640625,46.71071243286133,20.4189453125,178.76808166503906
2021-07-13,141.84051513671875,269.14892578125,136.66473388671875,50.330360412597656,146.34066772460938,119.70600891113281,233.0229949951172,47.173709869384766,20.157644271850586,178.06027221679688
2021-07-14,145.25897216796875,270.6144104003906,136.1993865966797,49.21430206298828,147.3348846435547,120.58868408203125,236.52288818359375,48.23686981201172,19.751007080078125,177.83726501464844
2021-07-15,144.60641479492188,269.1968688964844,136.49790954589844,48.73480224609375,145.5625457763672,121.61997985839844,238.98435974121094,48.391204833984375,18.879751205444336,178.5450439453125
2021-07-16,142.5709686279297,268.92852783203125,133.38092041015625,47.38726806640625,145.32916259765625,122.79981994628906,238.5709228515625,48.35691452026367,18.078168869018555,173.8523712158203
2021-07-19,138.73374938964844,265.3460388183594,129.0435028076172,45.758636474609375,144.2744140625,122.73863983154297,231.15762329101562,47.782466888427734,18.694101333618164,167.68594360351562
2021-07-20,142.3372039794922,267.55877685546875,131.4492645263672,46.26292419433594,145.6317596435547,122.08316802978516,233.35946655273438,47.86819839477539,18.527114868164062,171.37030029296875
2021-07-21,141.6067657470703,269.5511474609375,134.21502685546875,47.75101089477539,146.53085327148438,121.6549072265625,234.28256225585938,48.485504150390625,19.321474075317383,171.50601196289062
2021-07-22,142.9702911376953,274.0916442871094,132.5204315185547,47.21364974975586,146.9544677734375,121.18879699707031,234.74407958984375,48.41692352294922,19.504636764526367,169.79959106445312
2021-07-23,144.68435668945312,277.4730224609375,132.26580810546875,47.155792236328125,148.51927185058594,122.93891906738281,239.436279296875,48.87991714477539,19.468801498413086,170.77886962890625
2021-07-26,145.1031494140625,276.8790588378906,133.15264892578125,48.346248626708984,148.5884552001953,123.369873046875,240.61892700195312,48.92278289794922,19.20600128173828,173.2997283935547
2021-07-27,142.9410400390625,274.4748229980469,132.97702026367188,47.80888366699219,149.27146911621094,123.87116241455078,241.2727508544922,49.094276428222656,19.120389938354492,174.03660583496094
2021-07-28,141.19776916503906,274.1682434082031,133.196533203125,48.13130569458008,148.85646057128906,122.03309631347656,237.4363250732422,48.64842987060547,19.414047241210938,173.6487579345703
2021-07-29,141.84051513671875,274.43646240234375,134.33799743652344,48.7182731628418,148.85646057128906,122.66632843017578,238.3785858154297,48.91421127319336,19.57232666015625,172.9215850830078
2021-07-30,142.0548095703125,272.91339111328125,133.2667694091797,47.59394073486328,148.87376403808594,125.08475494384766,236.90748596191406,48.897064208984375,19.410070419311523,170.6625213623047
2021-08-02,141.72366333007812,272.82720947265625,132.73117065429688,47.602210998535156,148.93426513671875,124.7769775390625,230.55189514160156,48.76845932006836,19.659921646118164,170.20681762695312
2021-08-03,143.51564025878906,275.03033447265625,134.2413787841797,48.114768981933594,150.76710510253906,126.5974349975586,227.9653778076172,48.8027458190918,19.724620819091797,167.72474670410156
2021-08-04,143.1163787841797,274.446044921875,132.79261779785156,46.99043655395508,149.8766326904297,125.26066589355469,227.56153869628906,48.09968948364258,20.181535720825195,167.3272247314453
2021-08-05,143.22348022460938,277.32928466796875,134.46966552734375,47.288055419921875,150.16195678710938,125.3222427368164,230.96534729003906,48.442649841308594,20.542877197265625,171.33152770996094
2021-08-06,142.5406951904297,277.2718811035156,138.28909301757812,47.83368682861328,149.66049194335938,124.36363983154297,232.10951232910156,48.56268310546875,20.273115158081055,171.73875427246094
2021-08-09,142.49197387695312,276.1894226074219,138.13983154296875,47.288055419921875,150.17919921875,125.04080963134766,230.76339721679688,48.571266174316406,20.202436447143555,171.34120178222656
2021-08-10,142.01400756835938,274.37896728515625,139.83441162109375,48.09823989868164,150.23110961914062,125.11998748779297,228.90773010253906,48.69986343383789,19.84507179260254,171.68055725097656
2021-08-11,142.2676544189453,274.8675842285156,141.50267028808594,48.2387809753418,150.25701904296875,125.42774963378906,226.01351928710938,48.63984680175781,19.60915756225586,172.66949462890625
2021-08-12,145.2230224609375,277.6070861816406,142.0558319091797,48.129676818847656,151.46739196777344,125.718017578125,223.17318725585938,48.734169006347656,19.814218521118164,173.83297729492188
2021-08-13,145.42784118652344,280.5191650390625,140.4665985107422,47.64292526245117,152.37513732910156,126.32485961914062,224.00123596191406,49.06855392456055,20.095924377441406,175.56851196289062
2021-08-16,147.39808654785156,282.1953430175781,139.5446319580078,46.94636535644531,153.74977111816406,127.20428466796875,226.61048889160156,49.28289031982422,19.859010696411133,173.63905334472656
2021-08-17,146.4910125732422,280.7394104003906,137.8588409423828,46.627464294433594,155.15899658203125,127.41534423828125,225.8113555908203,49.11141586303711,19.36925506591797,170.47830200195312
2021-08-18,142.75531005859375,279.0215148925781,136.60328674316406,45.645565032958984,153.18780517578125,126.02582550048828,223.01918029785156,48.442649841308594,18.953161239624023,169.42147827148438
2021-08-19,143.08692932128906,284.81829833984375,135.4618377685547,44.25244903564453,154.38088989257812,127.5121078491211,222.96139526367188,48.751312255859375,19.70770835876465,167.97682189941406
2021-08-20,144.54025268554688,292.10260009765625,135.84817504882812,44.26084518432617,155.13304138183594,127.60001373291016,222.75918579101562,48.56268310546875,20.721059799194336,169.78988647460938
2021-08-23,146.02281188964844,292.38092041015625,137.58668518066406,46.08195495605469,154.46337890625,126.94924926757812,225.4358367919922,48.391204833984375,21.85785484313965,172.2526092529297
2021-08-24,145.93502807617188,290.43267822265625,138.43836975097656,46.45961380004883,152.5326690673828,125.92028045654297,225.53213500976562,48.022525787353516,21.693605422973633,173.03793334960938
2021-08-25,144.70606994628906,289.8471984863281,141.2919464111328,46.54353332519531,151.52386474609375,125.47174072265625,223.9434814453125,48.073974609375,22.1116886138916,172.8828125
2021-08-26,143.90626525878906,287.0448913574219,142.0207061767578,45.914119720458984,150.71505737304688,125.25187683105469,221.9503936767578,47.61955261230469,21.96735382080078,171.18609619140625
2021-08-27,144.94015502929688,287.64947509765625,143.16212463378906,46.803707122802734,150.3932647705078,125.15514373779297,224.0397491455078,47.713863372802734,22.532760620117188,174.65711975097656
2021-08-30,149.34881591796875,291.3636474609375,140.87051391601562,46.29176712036133,151.02816772460938,125.70040893554688,222.63401794433594,48.16828536987305,22.58452796936035,174.50198364257812
2021-08-31,148.09060668945312,289.7224426269531,140.4402618408203,45.75466537475586,150.56723022460938,125.22551727294922,220.58322143554688,48.27975082397461,22.28683090209961,175.78179931640625
2021-09-01,148.7538604736328,289.6744689941406,140.23831176757812,45.125240325927734,151.09774780273438,126.50071716308594,221.5652313232422,48.605552673339844,22.34259605407715,177.89544677734375
2021-09-02,149.86573791503906,289.0218200683594,140.8880615234375,46.22462844848633,152.1326446533203,126.5974349975586,215.84608459472656,48.67414855957031,22.29778480529785,176.32473754882812
2021-09-03,150.49978637695312,289.0122985839844,140.036376953125,46.048397064208984,152.22828674316406,126.6854019165039,216.7415313720703,48.63984680175781,22.742828369140625,175.49093627929688
2021-09-07,152.83091735839844,288.0909729003906,139.79054260253906,45.779842376708984,149.86277770996094,126.21051788330078,217.85842895507812,47.73101043701172,22.5626163482666,178.72927856445312
2021-09-08,151.2898712158203,288.1197204589844,139.16714477539062,45.360225677490234,149.49752807617188,127.16912841796875,220.57357788085938,48.374046325683594,22.24103546142578,179.51461791992188
2021-09-09,150.27545166015625,285.2789611816406,139.77297973632812,45.393798828125,146.16665649414062,126.63262939453125,219.03309631347656,47.8939208984375,22.07974624633789,180.25149536132812
2021-09-10,145.30104064941406,283.80096435546875,138.16619873046875,45.30149459838867,145.2100372314453,126.7557601928711,216.54893493652344,47.679569244384766,22.379430770874023,178.51597595214844
2021-09-13,145.86676025390625,285.0293273925781,140.36122131347656,46.46799850463867,144.19247436523438,128.11891174316406,216.27938842773438,48.073974609375,22.054861068725586,179.34979248046875
2021-09-14,144.4719696044922,287.7166748046875,137.9115447998047,45.80501937866211,143.32281494140625,127.89900970458984,214.7388916015625,48.10852813720703,22.14446258544922,176.84832763671875
2021-09-15,145.3595733642578,292.54400634765625,138.86859130859375,47.34919738769531,143.8620147705078,127.62641143798828,215.48983764648438,48.27266311645508,22.243026733398438,178.79714965820312
2021-09-16,145.1254425048828,292.9280090332031,138.80715942382812,46.84566116333008,143.6880645751953,126.73815155029297,215.99053955078125,47.8148078918457,22.14446258544922,177.75970458984375
2021-09-17,142.4626922607422,287.7934265136719,138.44711303710938,46.29176712036133,143.2793426513672,126.94043731689453,213.50640869140625,47.02870178222656,21.80396270751953,177.88575744628906
2021-09-20,139.4195556640625,282.44769287109375,134.3028564453125,45.058109283447266,142.46180725097656,125.66526794433594,211.86965942382812,46.70043182373047,21.02041244506836,173.17369079589844
2021-09-21,139.89747619628906,282.9275817871094,134.32040405273438,45.016143798828125,143.0879669189453,125.85871887207031,211.98516845703125,46.69179153442383,21.152830123901367,165.9601287841797
2021-09-22,142.2579345703125,286.5553283691406,136.8930206298828,46.333740234375,142.56614685058594,126.28966522216797,214.4692840576172,46.760902404785156,21.844785690307617,168.36465454101562
2021-09-23,143.2137451171875,287.4959411621094,141.52020263671875,47.90309143066406,143.375,126.80850219726562,219.8225860595703,46.683143615722656,22.383411407470703,170.885498046875
2021-09-24,143.30152893066406,287.29437255859375,143.15335083007812,48.331092834472656,142.94017028808594,126.24565124511719,222.98065185546875,46.55356979370117,21.98417091369629,170.6431121826172
2021-09-27,141.78970336914062,282.3230285644531,146.61273193359375,49.76616668701172,141.90525817871094,124.58350372314453,221.06463623046875,46.311683654785156,21.565013885498047,172.83432006835938
2021-09-28,138.4149169921875,272.1019287109375,145.8225555419922,50.28649139404297,141.59217834472656,123.64246368408203,217.1748046875,45.473751068115234,20.608224868774414,169.20816040039062
2021-09-29,139.312255859375,272.56256103515625,145.70843505859375,50.2529182434082,142.6444854736328,124.90010833740234,218.2531280517578,45.75017547607422,20.42702865600586,167.42416381835938
2021-09-30,138.01499938964844,270.5662536621094,143.7240753173828,49.363338470458984,140.45285034179688,122.94770812988281,214.4692840576172,45.32688522338867,20.62515640258789,164.02101135253906
2021-10-01,139.13668823242188,277.4571533203125,146.74449157714844,51.134117126464844,139.55711364746094,122.75423431396484,221.89266967773438,45.80201721191406,20.651037216186523,170.65281677246094
2021-10-04,135.71311950683594,271.70831298828125,146.58642578125,51.79710006713867,138.47003173828125,122.05949401855469,216.37567138671875,45.776100158691406,19.645469665527344,168.18043518066406
2021-10-05,137.63462829589844,277.1308288574219,148.9801788330078,51.71316909790039,138.78309631347656,122.53439331054688,215.9423828125,45.853843688964844,20.361316680908203,169.29542541503906
2021-10-06,138.502685546875,281.3056640625,149.29824829101562,50.76485061645508,139.07008361816406,124.1701431274414,218.0894775390625,46.39807891845703,20.609222412109375,170.13894653320312
2021-10-07,139.76087951660156,282.9755554199219,150.2433624267578,50.90752029418945,140.31370544433594,125.16392517089844,221.97927856445312,46.544925689697266,20.982576370239258,172.3010711669922
2021-10-08,139.3805389404297,282.9755554199219,150.35821533203125,52.183143615722656,139.9571075439453,124.64505767822266,221.709716796875,46.752262115478516,20.739648818969727,171.360595703125
2021-10-11,139.29275512695312,282.3805236816406,147.19593811035156,51.66283416748047,139.3657684326172,125.16392517089844,216.7415313720703,46.84728240966797,20.604249954223633,168.2386016845703
2021-10-12,138.02476501464844,281.0849304199219,146.06527709960938,51.39427185058594,137.139404296875,124.9792709350586,215.72093200683594,46.84728240966797,20.580350875854492,167.86045837402344
2021-10-13,137.43955993652344,284.3768005371094,142.2140350341797,51.25160217285156,138.45263671875,125.26946258544922,214.19007873535156,46.85592269897461,20.8471736907959,167.6956329345703
2021-10-14,140.21934509277344,290.55743408203125,144.3957977294922,52.03208923339844,139.2440185546875,126.6854019165039,216.8089141845703,47.17555618286133,21.6506404876709,169.10150146484375
2021-10-15,141.27273559570312,291.9587097167969,147.16943359375,52.527217864990234,140.27896118164062,127.01079559326172,222.4029541015625,47.06324768066406,21.766130447387695,171.089111328125
2021-10-18,142.94065856933594,294.9146423339844,147.116455078125,52.50204849243164,139.25271606445312,125.18156433105469,222.0755615234375,46.59676742553711,22.124549865722656,165.93104553222656
2021-10-19,145.09619140625,295.8167724609375,148.9007110595703,53.29092025756836,142.5139923095703,123.70404815673828,224.83888244628906,46.77817916870117,22.192251205444336,165.9698028564453
2021-10-20,145.5838623046875,295.0298156738281,150.90585327148438,53.58464813232422,142.4357147216797,124.18775177001953,222.81698608398438,47.192832946777344,22.006072998046875,165.35899353027344
2021-10-21,145.7984619140625,298.2449035644531,149.72222900390625,52.61114501953125,142.10523986816406,123.29402160644531,221.68084716796875,46.95094680786133,22.592487335205078,166.1249542236328
2021-10-22,145.0279541015625,296.7092590332031,151.73614501953125,52.97201919555664,142.383544921875,124.62135314941406,222.63401794433594,47.037330627441406,22.6263370513916,164.2633819580078
2021-10-25,144.97914123535156,295.72076416015625,150.9941864013672,54.00425720214844,142.69662475585938,124.6390609741211,225.18551635742188,46.84728240966797,23.06441307067871,166.77456665039062
2021-10-26,145.64244079589844,297.6209411621094,151.40049743652344,55.25471115112305,144.14898681640625,126.40888214111328,223.2021026611328,47.05461502075195,24.60860824584961,166.8036346435547
2021-10-27,145.18402099609375,310.15509033203125,148.24708557128906,53.819637298583984,142.4009552001953,125.50628662109375,207.7583770751953,47.961669921875,24.343772888183594,164.38943481445312
2021-10-28,148.81236267089844,311.28753662109375,150.48184204101562,53.9706916809082,141.6269073486328,126.25840759277344,202.03919982910156,48.41088104248047,24.83162498474121,164.51548767089844
2021-10-29,146.11061096191406,318.2647705078125,150.06674194335938,54.104976654052734,141.6530303955078,126.53274536132812,203.89747619628906,48.69595718383789,25.454877853393555,163.924072265625
2021-11-01,145.29129028320312,316.1053771972656,149.9871826171875,55.0784797668457,141.7747802734375,126.22300720214844,204.561767578125,48.52317810058594,25.7137393951416,165.00994873046875
2021-11-02,146.32521057128906,319.7139587402344,150.57904052734375,54.39870834350586,144.00985717773438,127.4795913696289,201.36526489257812,48.462711334228516,26.28522300720215,164.66090393066406
2021-11-03,147.75900268554688,320.54888916015625,150.63201904296875,53.65179443359375,143.54891967773438,128.35568237304688,200.36387634277344,48.62683868408203,26.48136329650879,164.90330505371094
2021-11-04,147.24200439453125,322.89068603515625,148.65338134765625,54.054622650146484,143.1488800048828,128.59457397460938,201.0186004638672,48.89463424682617,29.67031478881836,165.0972137451172
2021-11-05,147.76953125,322.5259704589844,148.44139099121094,54.56654357910156,142.13134765625,129.23171997070312,208.6153106689453,49.10196304321289,29.62152862548828,170.28436279296875
2021-11-08,146.948974609375,323.41851806640625,149.3335723876953,55.15400695800781,141.64434814453125,128.26715087890625,212.29330444335938,48.66139221191406,30.668914794921875,171.48663330078125
2021-11-09,147.31040954589844,322.42034912109375,148.20291137695312,55.69111633300781,141.33123779296875,128.65652465820312,205.45721435546875,48.79961395263672,30.522560119628906,169.7801971435547
2021-11-10,144.4874725341797,317.4778137207031,148.06153869628906,54.59396743774414,142.86187744140625,129.92193603515625,207.91189575195312,48.99831008911133,29.32981300354004,169.1403045654297
2021-11-11,144.43861389160156,319.0421142578125,148.05271911621094,54.696022033691406,141.80960083007812,129.55026245117188,202.9542694091797,49.015586853027344,30.256731033325195,157.17587280273438
2021-11-12,146.50941467285156,323.1594543457031,147.39027404785156,54.279273986816406,143.50540161132812,129.6918487548828,204.5650634765625,48.90327453613281,30.256731033325195,154.77137756347656
2021-11-15,146.51919555664062,322.5355529785156,147.12522888183594,54.74705123901367,142.20960998535156,130.43516540527344,204.76760864257812,48.91192626953125,29.89333152770996,153.60789489746094
2021-11-16,147.49603271484375,325.8370056152344,146.06527709960938,55.29989242553711,141.47039794921875,130.24935913085938,207.54539489746094,48.56637191772461,30.07054901123047,153.99571228027344
2021-11-17,149.92816162109375,326.0581359863281,145.27914428710938,54.696022033691406,142.0009307861328,130.16970825195312,197.78443908691406,48.29856872558594,29.132680892944336,152.54136657714844
2021-11-18,154.20657348632812,328.1253356933594,144.02479553222656,54.10066604614258,141.235595703125,130.18743896484375,196.1158447265625,47.866641998291016,31.53609275817871,150.84463500976562
2021-11-19,156.8243865966797,329.8944396972656,142.14334106445312,51.60017395019531,141.66175842285156,129.92193603515625,193.7334442138672,47.6247673034668,32.84035110473633,149.31272888183594
2021-11-22,157.28347778320312,326.74078369140625,145.17312622070312,52.31460189819336,139.7971954345703,130.78916931152344,188.6408233642578,47.91847229003906,31.815866470336914,149.4678497314453
2021-11-23,157.66439819335938,324.6735534667969,148.64454650878906,53.69242477416992,140.663818359375,132.24038696289062,191.4476318359375,48.27266311645508,31.60678482055664,146.43313598632812
2021-11-24,158.18211364746094,324.8948059082031,147.47860717773438,53.990108489990234,140.2698974609375,131.5501708984375,196.03866577148438,47.883914947509766,32.530704498291016,146.73367309570312
2021-11-26,153.17115783691406,316.98175048828125,143.0354461669922,52.09347915649414,139.35951232910156,130.4971160888672,190.63734436035156,46.41535568237305,31.364850997924805,143.6020050048828
2021-11-29,156.52159118652344,323.6640625,142.41717529296875,52.38264465332031,139.84095764160156,131.8687286376953,189.3256072998047,47.14963150024414,33.229637145996094,143.31114196777344
2021-11-30,161.4641571044922,317.8566589355469,140.29722595214844,50.89426040649414,136.4970245361328,127.93976593017578,186.89500427246094,45.660972595214844,32.53269958496094,140.4897003173828
2021-12-01,160.9464874267578,317.36627197265625,139.4669189453125,50.85173034667969,138.3791046142578,129.55026245117188,183.41311645507812,45.5303955078125,31.300981521606445,137.82339477539062
2021-12-02,159.95989990234375,316.79913330078125,142.39952087402344,52.118995666503906,137.512451171875,130.31130981445312,191.25465393066406,46.20072937011719,31.989030838012695,142.71969604492188
2021-12-03,158.0844268798828,310.568603515625,139.8202362060547,51.78729248046875,139.51707458496094,132.62974548339844,189.35452270507812,46.60989761352539,30.56214141845703,141.76953125
2021-12-06,161.48373413085938,313.62615966796875,141.47203063964844,52.374141693115234,142.63339233398438,134.63848876953125,195.48890686035156,47.80255889892578,29.908939361572266,145.79322814941406
2021-12-07,167.20770263671875,322.0198974609375,143.600830078125,52.960994720458984,143.00103759765625,134.28451538085938,200.0124969482422,48.06372833251953,32.288753509521484,146.2198486328125
2021-12-08,171.0172119140625,322.0679931640625,141.95785522460938,53.11408233642578,143.85890197753906,134.88629150390625,201.5750274658203,47.88090896606445,31.69031524658203,148.67282104492188
2021-12-09,170.50926208496094,320.27001953125,141.73703002929688,53.250160217285156,145.22447204589844,135.673828125,203.889892578125,47.75902557373047,30.360008239746094,148.28500366210938
2021-12-10,175.2857666015625,329.3464050292969,141.17169189453125,53.590362548828125,144.86563110351562,137.56752014160156,205.8285675048828,48.99523162841797,30.06925392150879,148.06199645996094
2021-12-13,171.66188049316406,326.327392578125,139.49339294433594,52.41666793823242,147.45669555664062,139.52317810058594,203.53298950195312,50.28365707397461,28.040937423706055,145.8513641357422
2021-12-14,170.28460693359375,315.6933288574219,140.56222534179688,52.340118408203125,149.06736755371094,140.03640747070312,202.52993774414062,50.3184814453125,28.2161865234375,144.5618896484375
2021-12-15,175.1392822265625,321.7602844238281,139.5110626220703,52.11048889160156,149.8114776611328,140.57623291015625,204.7772216796875,50.54482650756836,30.329145431518555,145.82229614257812
2021-12-16,168.2626495361328,312.3858947753906,141.69284057617188,52.19553756713867,151.44837951660156,142.5672607421875,206.7641143798828,51.05845642089844,28.265974044799805,144.22251892089844
2021-12-17,167.1686248779297,311.3282165527344,138.46873474121094,51.05586242675781,147.2641143798828,139.33738708496094,204.3625030517578,50.25754165649414,27.682470321655273,144.23220825195312
2021-12-20,165.8109130859375,307.5880432128906,135.97779846191406,50.315921783447266,146.8439483642578,139.6912841796875,201.3339080810547,50.092132568359375,27.60082244873047,142.0119171142578
2021-12-21,168.9757080078125,314.6838073730469,137.8769073486328,51.45559310913086,146.3712615966797,139.60284423828125,207.73829650878906,50.29237365722656,28.951040267944336,146.4525146484375
2021-12-22,171.564208984375,320.36614990234375,138.41575622558594,51.872344970703125,147.0015106201172,140.98329162597656,210.22679138183594,50.649295806884766,29.274654388427734,147.25726318359375
2021-12-23,172.18936157226562,321.798828125,138.91041564941406,51.89786148071289,147.2816162109375,141.67347717285156,208.93429565429688,50.684112548828125,29.51363182067871,148.9539794921875
2021-12-27,176.1453857421875,329.2598876953125,139.7053985595703,52.63779067993164,148.524658203125,143.3282928466797,209.90847778320312,51.05845642089844,30.813072204589844,148.1492462158203
2021-12-28,175.12953186035156,328.1061096191406,140.12939453125,52.46769714355469,149.1199188232422,144.09814453125,210.3135986328125,51.25868225097656,30.192724227905273,150.47618103027344
2021-12-29,175.2174530029297,328.7791442871094,140.05873107910156,52.0084342956543,150.1703643798828,145.29278564453125,210.42930603027344,51.31963348388672,29.873096466064453,150.15626525878906
2021-12-30,174.06478881835938,326.2503967285156,139.98805236816406,51.70223617553711,150.8356475830078,144.0361785888672,210.1399688720703,51.171634674072266,29.459871292114258,151.18399047851562
2021-12-31,173.4494171142578,323.3661193847656,139.8732452392578,52.04244613647461,149.75018310546875,144.7529754638672,209.0211639404297,51.54597854614258,29.285606384277344,150.17562866210938
2022-01-03,177.78640747070312,321.8564453125,142.83230590820312,54.041133880615234,150.16160583496094,144.15122985839844,213.57363891601562,51.62432861328125,29.992582321166992,151.9886932373047
2022-01-04,175.5299835205078,316.3375549316406,148.24708557128906,56.073856353759766,149.75892639160156,144.6556396484375,214.567138671875,52.486175537109375,29.165128707885742,150.9900665283203
2022-01-05,170.8609161376953,304.1940002441406,145.5368194580078,56.77125930786133,150.7568817138672,145.3104705810547,212.19436645507812,52.92146682739258,27.486312866210938,150.4665069580078
2022-01-06,168.00863647460938,301.79034423828125,147.08299255371094,58.10654830932617,150.24037170410156,144.08929443359375,211.9532470703125,52.64288330078125,28.057865142822266,152.12445068359375
2022-01-07,168.17474365234375,301.94415283203125,148.54031372070312,58.582828521728516,152.27127075195312,144.00967407226562,209.26226806640625,52.52101135253906,27.130836486816406,153.02615356445312
2022-01-10,168.1942596435547,302.1653137207031,148.6824951171875,58.2341423034668,151.51841735839844,142.04513549804688,204.4492950439453,52.608062744140625,27.28318977355957,151.83360290527344
2022-01-11,171.0172119140625,302.84796142578125,148.8335723876953,60.68357849121094,149.9077606201172,140.3992156982422,206.7738037109375,52.625465393066406,27.69840431213379,153.08433532714844
2022-01-12,171.45675659179688,306.01116943359375,149.67774963378906,60.504981994628906,148.6296844482422,140.7089385986328,208.05661010742188,52.703826904296875,27.87963104248047,152.9970703125
2022-01-13,168.1942596435547,293.0600280761719,149.49114990234375,60.07121276855469,147.72802734375,140.0718231201172,207.3717803955078,53.01722717285156,26.461702346801758,150.7089080810547
2022-01-14,169.0538787841797,298.2520751953125,140.3029022216797,61.1258544921875,146.92269897460938,141.41688537597656,207.05352783203125,53.44379806518555,26.827136993408203,147.31544494628906
2022-01-18,165.8597412109375,290.9928894042969,134.42027282714844,62.15496826171875,146.27493286132812,138.6913604736328,208.05661010742188,53.01722717285156,25.792566299438477,147.63539123535156
2022-01-19,162.37261962890625,291.64666748046875,132.3408660888672,62.18045425415039,145.81973266601562,143.35484313964844,207.06314086914062,53.104286193847656,24.960126876831055,145.54112243652344
2022-01-20,160.6924591064453,289.9832458496094,131.21241760253906,62.31653594970703,144.655517578125,144.1288604736328,206.74490356445312,52.886634826660156,24.047033309936523,143.12692260742188
2022-01-21,158.6411895751953,284.6278381347656,128.91976928710938,61.381004333496094,144.32286071777344,144.6804962158203,198.6235809326172,52.625465393066406,23.27434730529785,133.19859313964844
2022-01-24,157.8695526123047,284.9547424316406,128.80426025390625,61.908321380615234,142.65965270996094,143.506103515625,194.68838500976562,52.19889831542969,23.272354125976562,133.27615356445312
2022-01-25,156.07225036621094,277.37823486328125,130.20826721191406,63.72838592529297,146.7388916015625,141.9402313232422,194.83299255371094,52.07701873779297,22.22882080078125,132.35507202148438
2022-01-26,155.98431396484375,285.2816162109375,131.44338989257812,63.0820198059082,147.39541625976562,140.70352172851562,198.56568908691406,51.88549041748047,22.674917221069336,129.53366088867188
2022-01-27,155.52523803710938,288.29107666015625,129.1241455078125,63.889991760253906,149.33001708984375,141.57546997070312,198.83580017089844,51.929019927978516,21.850446701049805,131.29824829101562
2022-01-28,166.37742614746094,296.3868103027344,130.27932739257812,64.02606964111328,150.38047790527344,142.79432678222656,219.91053771972656,52.96500015258789,22.742624282836914,134.41055297851562
2022-01-31,170.72418212890625,299.0019836425781,132.0476531982422,64.60442352294922,150.81809997558594,142.7498321533203,218.14547729492188,53.11299133300781,24.381603240966797,138.6184539794922
2022-02-01,170.55812072753906,296.8675231933594,134.3136444091797,68.74637603759766,149.58384704589844,142.11817932128906,224.11587524414062,52.72123718261719,24.532960891723633,140.09219360351562
2022-02-02,171.75958251953125,301.3865051269531,133.23843383789062,68.56777954101562,151.23831176757812,144.6626739501953,227.0673370361328,53.260986328125,25.13438606262207,138.27911376953125
2022-02-03,168.8878173828125,289.6468200683594,132.13653564453125,67.76830291748047,151.22955322265625,146.03280639648438,223.32496643066406,53.63532257080078,23.84589958190918,135.7679443359375
2022-02-04,168.6041717529297,294.1560974121094,135.56658935546875,69.23966979980469,150.24037170410156,143.71070861816406,220.28672790527344,53.069454193115234,24.215320587158203,137.69735717773438
2022-02-07,167.89019775390625,289.3584289550781,136.019775390625,70.07316589355469,149.74143981933594,142.6341552734375,219.10037231445312,53.62662124633789,24.622575759887695,138.1724395751953
2022-02-08,170.9905548095703,292.82928466796875,138.5789794921875,68.26158905029297,150.1352996826172,142.31390380859375,219.85269165039062,53.9748420715332,25.000953674316406,138.1433563232422
2022-02-09,172.40875244140625,299.22314453125,139.15655517578125,67.934814453125,150.11782836914062,141.9936065673828,222.6787567138672,53.139102935791016,26.591148376464844,142.748779296875
2022-02-10,168.34011840820312,290.7332763671875,138.5789794921875,67.2812728881836,148.30581665039062,139.83169555664062,217.94003295898438,53.435081481933594,25.71390151977539,147.52874755859375
2022-02-11,164.93653869628906,283.6759338378906,136.77508544921875,68.97532653808594,146.80892944335938,139.0487518310547,217.0706024169922,52.486175537109375,23.84689712524414,144.9206085205078
2022-02-14,165.17124938964844,283.6375427246094,135.50436401367188,67.9176254272461,144.96189880371094,139.44912719726562,217.6985321044922,52.82569122314453,24.163541793823242,146.25860595703125
2022-02-15,168.99537658691406,288.8968505859375,137.48597717285156,67.0662841796875,146.45875549316406,139.52029418945312,220.0944366455078,53.02592849731445,26.38204574584961,150.0108184814453
2022-02-16,168.76068115234375,288.5596008300781,137.7347869873047,67.37586212158203,146.3712615966797,140.5790252685547,221.060546875,53.01722717285156,26.39797592163086,151.59121704101562
2022-02-17,165.17124938964844,280.1099853515625,134.56243896484375,67.2726821899414,145.47836303710938,142.18930053710938,216.9932861328125,54.07931137084961,24.40251922607422,148.294677734375
2022-02-18,163.62596130371094,277.4122314453125,135.19332885742188,66.52452087402344,143.9189910888672,142.26051330566406,215.13839721679688,54.44495391845703,23.541202545166016,146.75308227539062
2022-02-22,160.71141052246094,277.20989990234375,134.95343017578125,65.7505874633789,141.9632110595703,140.50784301757812,213.81484985351562,54.21860122680664,23.290279388427734,143.58262634277344
2022-02-23,156.55471801757812,270.0320739746094,132.1276397705078,66.01715850830078,142.03366088867188,138.7551727294922,208.62692260742188,53.61791229248047,22.291555404663086,141.43017578125
2022-02-24,159.16610717773438,283.8289489746094,128.4488067626953,65.18303680419922,139.32020568847656,135.0184783935547,209.93118286132812,52.677703857421875,23.64675521850586,144.8527374267578
2022-02-25,161.22975158691406,286.44964599609375,131.4878692626953,66.93730163574219,146.24484252929688,140.7836151123047,211.83436584472656,54.71482467651367,24.05400848388672,144.9788055419922
2022-02-28,161.4938201904297,287.8755187988281,126.00511932373047,67.4360580444336,144.98501586914062,138.69287109375,208.7911834716797,54.183780670166016,24.281036376953125,143.94134521484375
2022-03-01,159.61598205566406,284.1758728027344,121.25105285644531,68.08098602294922,144.48284912109375,136.39749145507812,201.88363647460938,53.948734283447266,23.376907348632812,141.26535034179688
2022-03-02,162.90220642089844,289.2244567871094,123.76581573486328,69.2505111694336,146.28005981445312,136.82455444335938,201.4102325439453,54.34918212890625,24.120847702026367,142.85543823242188
2022-03-03,162.57948303222656,285.1103820800781,122.8860855102539,69.68907928466797,148.42965698242188,137.33164978027344,200.20269775390625,54.38400650024414,23.616924285888672,141.1393280029297
2022-03-04,159.5866241455078,279.2717590332031,119.42938232421875,72.31187438964844,149.31068420410156,138.02565002441406,193.49801635742188,54.47105407714844,22.842103958129883,136.4369354248047
2022-03-07,155.80162048339844,268.7217712402344,114.81751251220703,74.91749572753906,151.71580505371094,135.9793243408203,184.2332000732422,53.173927307128906,21.264589309692383,129.4366912841797
2022-03-08,153.9824676513672,265.7735900878906,114.00887298583984,75.48505401611328,148.64112854003906,130.5967254638672,185.20899963378906,51.06716537475586,21.425931930541992,127.73992919921875
2022-03-09,159.37144470214844,277.9614562988281,118.57632446289062,71.19396209716797,149.2049560546875,132.3583221435547,192.98594665527344,51.328330993652344,22.919790267944336,129.58212280273438
2022-03-10,155.0387725830078,275.15771484375,117.17233276367188,73.40399932861328,149.46926879882812,128.95082092285156,191.2566680908203,50.388126373291016,22.565242767333984,129.5724334716797
2022-03-11,151.33200073242188,269.8393859863281,114.53314971923828,73.025634765625,149.19613647460938,127.4205551147461,190.03939819335938,50.42294692993164,22.009531021118164,127.73992919921875
2022-03-14,147.312255859375,266.34197998046875,115.67056274414062,70.41143035888672,151.25765991210938,129.04872131347656,193.5366668701172,51.35280990600586,21.2426815032959,125.10273742675781
2022-03-15,151.68408203125,276.6607360839844,117.7232666015625,66.40412902832031,155.1781005859375,133.69285583496094,199.14964294433594,52.30021286010742,22.87895393371582,130.11537170410156
2022-03-16,156.0852508544922,283.63629150390625,122.98383331298828,66.1547622680664,153.75086975097656,133.23910522460938,204.68531799316406,52.159854888916016,24.395719528198242,133.9354705810547
2022-03-17,157.09266662597656,284.4359130859375,124.5389175415039,67.9176254272461,155.75955200195312,133.65724182128906,206.2117156982422,52.71250915527344,24.66461753845215,135.22496032714844
2022-03-18,160.37887573242188,289.45562744140625,124.49449157714844,67.65104675292969,154.03277587890625,133.58609008789062,211.67979431152344,52.72128677368164,26.34470558166504,136.0297088623047
2022-03-21,161.74813842773438,288.2320556640625,124.0946044921875,70.68659973144531,154.90496826171875,134.09320068359375,209.68002319335938,53.14235305786133,26.624561309814453,134.4008331298828
2022-03-22,165.11256408691406,292.9530029296875,126.73381042480469,70.37703704833984,154.1737518310547,135.12525939941406,211.0614776611328,53.33533477783203,26.41541862487793,135.84548950195312
2022-03-23,166.47206115722656,288.5500183105469,124.21012878417969,71.48633575439453,153.59230041503906,134.18218994140625,207.39999389648438,52.98445129394531,25.52906608581543,133.45066833496094
2022-03-24,170.2472686767578,292.99163818359375,125.01872253417969,71.7013168334961,154.38522338867188,134.4134979248047,209.94085693359375,53.493247985839844,28.034757614135742,134.73049926757812
2022-03-25,170.8830108642578,292.5869445800781,126.11174011230469,73.26641082763672,155.8652801513672,135.9704132080078,211.02285766601562,53.975711822509766,27.578641891479492,134.90504455566406
2022-03-28,171.74366760253906,299.3505554199219,125.17870330810547,71.21117401123047,156.66693115234375,136.9046173095703,213.2834930419922,54.31782913208008,28.103483200073242,134.49781799316406
2022-03-29,175.0299072265625,303.8884582519531,125.45416259765625,70.83280181884766,156.58767700195312,138.310302734375,220.38424682617188,54.52836990356445,28.5386905670166,138.04641723632812
2022-03-30,173.8660125732422,302.39495849609375,124.88548278808594,72.0453109741211,158.21749877929688,137.35833740234375,216.3556365966797,54.572227478027344,27.576648712158203,136.6696319580078
2022-03-31,170.77540588378906,297.0477600097656,121.1355209350586,71.02196502685547,156.1383819580078,135.9437713623047,214.2496337890625,54.38801193237305,27.174297332763672,132.98529052734375
2022-04-01,170.48199462890625,298.1171875,120.2380142211914,71.47773742675781,156.984130859375,137.9811248779297,218.68397521972656,55.15120315551758,26.602649688720703,132.8301544189453
2022-04-04,174.5213165283203,303.4644775390625,120.77119445800781,71.51214599609375,155.4688262939453,137.0825653076172,220.0171661376953,54.86171340942383,27.247995376586914,134.36207580566406
2022-04-05,171.21556091308594,299.5239562988281,119.3657455444336,71.14237213134766,156.47312927246094,137.56295776367188,218.423095703125,54.80030822753906,25.82485008239746,131.4921417236328
2022-04-06,168.05650329589844,288.5596008300781,117.70960998535156,71.93350982666016,160.54330444335938,139.5291748046875,211.58316040039062,55.35295867919922,24.307085037231445,128.5349884033203
2022-04-07,168.3596649169922,290.36126708984375,117.35155487060547,73.13742065429688,160.12925720214844,141.33526611328125,208.8201904296875,55.65121078491211,24.108901977539062,127.8563003540039
2022-04-08,166.35464477539062,286.1220397949219,119.5000228881836,74.67668914794922,160.4464111328125,142.4384307861328,209.62200927734375,55.99333572387695,23.02435874938965,127.8563003540039
2022-04-11,162.11000061035156,274.83978271484375,119.06137084960938,72.10549926757812,158.43775939941406,141.89573669433594,207.46768188476562,55.97578811645508,21.827274322509766,126.67343139648438
2022-04-12,163.97804260253906,271.7566223144531,117.75436401367188,73.6103744506836,158.49063110351562,141.4686737060547,204.2312469482422,56.63370895385742,21.41596794128418,126.85763549804688
2022-04-13,166.65786743164062,277.1135559082031,113.958740234375,74.65089416503906,159.16017150878906,141.8690948486328,206.0378875732422,56.7828483581543,22.112104415893555,128.32168579101562
2022-04-14,161.66004943847656,269.6081237792969,112.90241241455078,75.52803039550781,158.49063110351562,141.07725524902344,205.57412719726562,57.0372314453125,21.170974731445312,126.49890899658203
2022-04-18,161.4449462890625,270.27294921875,114.99716186523438,76.1471939086914,156.5172119140625,139.73379516601562,205.9412078857422,56.528446197509766,21.69382667541504,123.8810806274414
2022-04-19,163.7237548828125,274.8783264160156,117.37841033935547,75.46784973144531,161.29217529296875,141.8245849609375,208.3854522705078,57.08110046386719,22.107128143310547,127.8853759765625
2022-04-20,163.55746459960938,275.89959716796875,117.79019165039062,75.63983917236328,162.00576782226562,145.59683227539062,210.40457153320312,57.861820220947266,21.39405632019043,120.77848052978516
2022-04-21,162.76528930664062,270.5523376464844,116.8770980834961,74.84008026123047,161.53884887695312,145.4832305908203,209.11001586914062,58.081138610839844,20.10037612915039,117.95706176757812
2022-04-22,158.23692321777344,264.0200500488281,113.52011108398438,73.20621490478516,159.93544006347656,144.26646423339844,201.1107940673828,57.2390022277832,19.43511199951172,114.67023468017578
2022-04-25,159.3030242919922,270.4655456542969,113.48429107666016,70.73820495605469,163.8734588623047,145.4295196533203,202.83042907714844,57.84428405761719,19.82052993774414,116.2990951538086
2022-04-26,153.35655212402344,260.34912109375,110.1272964477539,70.76399993896484,162.70175170898438,142.96023559570312,194.28054809570312,57.06355285644531,18.711084365844727,112.24633026123047
2022-04-27,153.131591796875,272.874267578125,108.69497680664062,72.78482818603516,160.4287872314453,142.57550048828125,206.84938049316406,57.51093292236328,18.339614868164062,111.70336151123047
2022-04-28,160.0463409423828,279.0501708984375,110.41374969482422,74.98628234863281,161.62696838378906,146.1989288330078,213.17727661132812,58.06357955932617,19.701017379760742,111.78093719482422
2022-04-29,154.1878662109375,267.38250732421875,106.85086822509766,73.30941009521484,158.98397827148438,143.64015197753906,205.902587890625,56.67757034301758,18.471073150634766,108.23233795166016
2022-05-02,154.49105834960938,274.07861328125,107.8266372680664,74.30694580078125,157.38055419921875,141.69871520996094,204.35684204101562,55.65121078491211,19.453035354614258,110.04541778564453
2022-05-03,155.9776611328125,271.4869689941406,110.13624572753906,75.83761596679688,157.0722198486328,139.75730895996094,201.487548828125,55.33541488647461,19.521753311157227,110.0938949584961
2022-05-04,162.3740997314453,279.3874206542969,113.77970123291016,78.8559799194336,158.7549285888672,140.78614807128906,207.24545288085938,57.04601287841797,20.250757217407227,112.65355682373047
2022-05-05,153.32716369628906,267.2187194824219,110.9329605102539,77.6606674194336,155.72427368164062,138.19161987304688,198.28016662597656,56.58984375,18.76685905456543,109.18251037597656
2022-05-06,154.052001953125,264.6944580078125,110.7539291381836,78.84736633300781,155.38070678710938,139.56944274902344,195.9421844482422,56.79160690307617,18.598548889160156,106.93312072753906
2022-05-09,148.9391632080078,254.91513061523438,109.08887481689453,72.63003540039062,156.2264862060547,139.22047424316406,186.4552001953125,56.67757034301758,16.880611419677734,103.72386932373047
2022-05-10,151.3388214111328,259.655517578125,106.43013763427734,73.11163330078125,156.01502990722656,138.48684692382812,187.0155487060547,56.151241302490234,17.52297019958496,104.4025650024414
2022-05-11,143.49325561523438,251.0324249267578,105.75872802734375,74.63370513916016,155.16928100585938,136.5364532470703,190.04905700683594,56.414398193359375,16.561922073364258,102.00774383544922
2022-05-12,139.63414001464844,246.0223846435547,105.6692123413086,74.97251892089844,156.7021942138672,135.9817352294922,187.7501983642578,56.58984375,16.108783721923828,101.13513946533203
2022-05-13,144.09072875976562,251.58160400390625,106.60916137695312,77.19651794433594,155.80360412597656,137.44007873535156,192.84152221679688,57.65129089355469,17.633516311645508,104.06321716308594
2022-05-16,142.5529327392578,251.94775390625,105.86615753173828,79.01216888427734,156.88720703125,138.78207397460938,191.46707153320312,57.861820220947266,17.193326950073242,101.97865295410156
2022-05-17,146.17701721191406,257.0733947753906,109.37532043457031,80.01992797851562,157.53916931152344,138.38841247558594,197.45858764648438,57.70392608642578,18.102588653564453,105.33334350585938
2022-05-18,137.9298095703125,245.36891174316406,107.50436401367188,78.75154113769531,154.61424255371094,129.76376342773438,193.5772247314453,53.686222076416016,16.868656158447266,101.12545013427734
2022-05-19,134.53103637695312,244.46115112304688,105.9109115600586,79.17723083496094,153.2398681640625,126.77554321289062,191.04119873046875,52.633567810058594,17.053895950317383,100.00074768066406
2022-05-20,134.76612854003906,243.90101623535156,105.04257202148438,79.80271911621094,155.91812133789062,126.85604095458984,192.64791870117188,53.493247985839844,16.625661849975586,99.30265808105469
2022-05-23,140.17283630371094,251.7136993408203,111.54170227050781,81.56627655029297,159.10121154785156,129.772705078125,200.90444946289062,55.142425537109375,16.828826904296875,102.60887908935547
2022-05-24,137.47927856445312,250.71897888183594,113.11727142333984,82.00933837890625,160.8390350341797,132.0809783935547,196.13253784179688,56.15999984741211,16.08786964416504,98.49790954589844
2022-05-25,137.63600158691406,253.51959228515625,113.905029296875,83.65996551513672,159.2608184814453,129.9158477783203,197.3037567138672,56.20387268066406,16.9055118560791,100.1170883178711
2022-05-26,140.8290557861328,256.78363037109375,115.87447357177734,83.955322265625,159.11895751953125,131.05206298828125,201.86270141601562,56.40563201904297,17.777923583984375,102.39556121826172
2022-05-27,146.56878662109375,263.8719787597656,117.51270294189453,84.78062438964844,160.56419372558594,133.05618286132812,206.05389404296875,56.73897933959961,18.733991622924805,105.99264526367188
2022-05-31,145.7852325439453,262.54901123046875,118.37207794189453,83.3993148803711,159.18101501464844,132.3046417236328,205.36660766601562,55.59858703613281,18.595561981201172,107.07855224609375
2022-06-01,145.65792846679688,263.08013916015625,116.29521942138672,84.99781036376953,157.5673065185547,130.300537109375,203.19847106933594,55.32664489746094,18.24500274658203,105.8666000366211
2022-06-02,148.10662841796875,265.166015625,118.16617584228516,84.85011291503906,157.07078552246094,131.70523071289062,208.15426635742188,55.905609130859375,19.511791229248047,107.49547576904297
2022-06-03,142.396240234375,260.7624206542969,116.51901245117188,86.083740234375,156.42352294921875,130.5242156982422,205.83119201660156,55.23891830444336,18.643369674682617,105.3624267578125
2022-06-06,143.140625,259.53594970703125,116.1340560913086,85.8665542602539,156.40577697753906,130.01426696777344,206.11195373535156,55.15120315551758,18.70909309387207,104.54800415039062
2022-06-07,145.65792846679688,263.1573486328125,116.43846130371094,89.80194854736328,158.12586975097656,131.46365356445312,207.6219482421875,55.48453903198242,18.848526000976562,104.50920867919922
2022-06-08,144.92330932617188,261.1390380859375,114.58538055419922,90.86182403564453,157.18603515625,129.82640075683594,206.65396118164062,55.168739318847656,18.575590133666992,104.07290649414062
2022-06-09,139.7124786376953,255.71177673339844,112.17729949951172,88.8984603881836,154.0207061767578,127.4823226928711,199.50094604492188,54.21257019042969,17.977914810180664,100.1558837890625
2022-06-10,134.3155517578125,244.31629943847656,107.02095794677734,87.27391052246094,152.99217224121094,126.99919891357422,193.11256408691406,53.870452880859375,16.90808868408203,96.37458038330078
2022-06-13,129.1732940673828,233.9541778564453,103.83403778076172,83.2690200805664,151.4493865966797,123.59944915771484,186.0950469970703,53.809043884277344,15.586240768432617,92.79689025878906
2022-06-14,130.03526306152344,236.1077117919922,102.10631561279297,83.48619842529297,149.12632751464844,119.7433853149414,187.3146514892578,52.333492279052734,15.774506568908691,91.35223388671875
2022-06-15,132.6504364013672,243.12843322753906,103.3148422241211,82.43501281738281,150.7223358154297,118.55348205566406,189.87002563476562,52.72226333618164,16.46282386779785,92.96171569824219
2022-06-16,127.39067840576172,236.57127380371094,101.5423583984375,79.3944091796875,150.80210876464844,119.27816009521484,182.98800659179688,52.19212341308594,15.540417671203613,91.41041564941406
2022-06-17,128.85987854003906,239.15939331054688,101.18426513671875,74.81614685058594,150.25238037109375,118.41928100585938,183.91720581054688,52.51020050048828,15.818333625793457,91.46858978271484
2022-06-21,133.08140563964844,245.04055786132812,103.6908187866211,79.47261047363281,153.40000915527344,122.00692749023438,188.15675354003906,53.63232421875,16.501672744750977,90.45054626464844
2022-06-22,132.57211303710938,244.4514923095703,103.10894775390625,76.3277587890625,155.820556640625,123.91258239746094,187.6050567626953,54.02993392944336,16.29646873474121,90.65415954589844
2022-06-23,135.43215942382812,249.9850311279297,101.98099517822266,74.02559661865234,159.29629516601562,127.31232452392578,190.33460998535156,54.6749267578125,16.16199493408203,91.4298095703125
2022-06-24,138.75254821777344,258.5219421386719,105.024658203125,75.4937515258789,161.62818908691406,129.14642333984375,198.920166015625,55.69987869262695,17.05949592590332,94.80387878417969
2022-06-27,138.75254821777344,255.8082733154297,104.18317413330078,77.34416961669922,161.47744750976562,128.1623077392578,197.03269958496094,55.58500289916992,16.803491592407227,93.66950225830078
2022-06-28,134.61923217773438,247.68661499023438,103.68187713623047,79.48998260498047,156.88458251953125,126.07769775390625,191.76715087890625,55.02836227416992,15.919939041137695,93.00050354003906
2022-06-29,136.37246704101562,251.33700561523438,103.21636962890625,76.55363464355469,156.92889404296875,127.22286224365234,193.1028594970703,55.42596435546875,15.481646537780762,92.73872375488281
2022-06-30,133.91395568847656,248.02464294433594,100.80829620361328,74.39913940429688,157.3899688720703,128.64541625976562,190.57659912109375,55.58500289916992,15.10013484954834,91.52677154541016
2022-07-01,136.07862854003906,250.6802978515625,102.09737396240234,76.05845642089844,159.17214965820312,130.72100830078125,192.79315185546875,56.883846282958984,14.466605186462402,93.21379852294922
2022-07-05,138.6546173095703,253.8382568359375,101.70903015136719,73.67808532714844,157.9485626220703,129.45957946777344,194.1095428466797,55.911930084228516,14.905893325805664,94.22215270996094
2022-07-06,139.98672485351562,257.0830383300781,101.04975128173828,72.34890747070312,158.09043884277344,130.66738891601562,194.6709442138672,56.026790618896484,15.071249961853027,93.15563201904297
2022-07-07,143.34632873535156,259.1979064941406,103.60557556152344,74.65975952148438,158.2677459716797,130.6226043701172,196.2970733642578,55.58500289916992,15.796419143676758,94.46453857421875
2022-07-08,144.0221710205078,258.48333740234375,103.28044128417969,74.7813949584961,158.07269287109375,129.74586486816406,197.04238891601562,55.78822326660156,15.776500701904297,92.94232177734375
2022-07-11,141.89671325683594,255.44129943847656,101.92578887939453,74.39913940429688,158.13473510742188,130.65843200683594,198.48458862304688,55.61151123046875,15.093160629272461,90.78988647460938
2022-07-12,142.8664093017578,244.9729766845703,102.02511596679688,73.40877532958984,155.91812133789062,129.50428771972656,198.25230407714844,55.37294006347656,15.023431777954102,90.75111389160156
2022-07-13,142.50399780273438,244.0555419921875,101.06781005859375,73.70413970947266,155.55458068847656,130.35423278808594,197.6038055419922,55.11671447753906,15.105113983154297,90.1112060546875
2022-07-14,145.4228057861328,245.36891174316406,97.53662109375,72.22728729248047,155.76736450195312,129.96957397460938,199.307373046875,54.94000244140625,15.312307357788086,89.04468536376953
2022-07-15,147.0879364013672,247.91839599609375,102.00704956054688,73.4435043334961,158.02835083007812,129.79058837890625,203.304931640625,55.222740173339844,15.700791358947754,92.30241394042969
2022-07-18,144.05154418945312,245.53311157226562,100.9594497680664,74.79875946044922,154.48171997070312,128.2159423828125,200.565673828125,54.471717834472656,16.038475036621094,92.78719329833984
2022-07-19,147.90093994140625,250.6320343017578,103.4610824584961,76.68395233154297,152.2296142578125,128.86907958984375,206.80886840820312,55.24925231933594,16.92601776123047,96.57819366455078
2022-07-20,149.89906311035156,253.27810668945312,103.44300842285156,77.526611328125,151.3607177734375,126.6413345336914,206.52816772460938,54.33917999267578,17.737850189208984,100.20435333251953
2022-07-21,152.16159057617188,255.76002502441406,104.14745330810547,76.23218536376953,151.89271545410156,126.76111602783203,209.2577362060547,54.21548843383789,17.979904174804688,101.00908660888672
2022-07-22,150.927490234375,251.4335479736328,103.64169311523438,75.6501235961914,152.61090087890625,128.78717041015625,206.8475341796875,54.418704986572266,17.251747131347656,99.5935287475586
2022-07-25,149.8108673095703,249.95599365234375,104.05712890625,78.16949462890625,152.91238403320312,129.66067504882812,207.39926147460938,54.94883728027344,16.9578914642334,99.56444549560547
2022-07-26,148.48858642578125,243.26364135742188,102.43152618408203,77.86544036865234,153.99407958984375,129.9127960205078,205.67636108398438,55.85007095336914,16.468799591064453,96.74302673339844
2022-07-27,153.57205200195312,259.52630615234375,104.07518768310547,79.55078887939453,153.56846618652344,131.1464385986328,203.7211151123047,55.67335891723633,17.720918655395508,100.34978485107422
2022-07-28,154.12060546875,266.9333801269531,103.68684387207031,80.4803466796875,154.45513916015625,133.3256378173828,204.5729522705078,56.60110092163086,17.91416358947754,101.7071762084961
2022-07-29,159.17471313476562,271.1148986816406,104.18355560302734,84.20723724365234,154.7388458251953,125.08619689941406,205.3085479736328,56.69828796386719,18.092470169067383,102.87065124511719
2022-08-01,158.19520568847656,268.4784240722656,103.14496612548828,82.07882690429688,154.1980438232422,128.67910766601562,204.5825958251953,57.00753402709961,18.36939239501953,102.98700714111328
2022-08-02,156.72596740722656,265.3978576660156,101.53743743896484,81.72264862060547,153.32025146484375,127.82365417480469,199.6461181640625,56.230003356933594,18.45406150817871,101.52295684814453
2022-08-03,162.72039794921875,272.7855529785156,102.60311126708984,79.07298278808594,154.8009033203125,130.46209716796875,201.794921875,56.47739791870117,18.81963539123535,105.70177459716797
2022-08-04,162.40695190429688,273.9251403808594,101.4742202758789,75.74569702148438,152.31829833984375,130.25497436523438,206.62493896484375,56.256507873535156,19.140384674072266,104.82917022705078
2022-08-05,162.18138122558594,273.2104797363281,104.54481506347656,76.8403091430664,151.7153778076172,130.3179931640625,208.94798278808594,56.000282287597656,18.915260314941406,103.384521484375
2022-08-08,161.71054077148438,270.70928955078125,103.27140808105469,77.27468872070312,150.9084930419922,130.81329345703125,206.47975158691406,55.63801574707031,17.72390365600586,105.78903198242188
2022-08-09,161.7595977783203,272.6213684082031,104.20162200927734,78.6994400024414,150.89080810546875,130.5071258544922,203.517822265625,55.70870590209961,17.0196533203125,104.8388671875
2022-08-10,165.99679565429688,279.2462463378906,106.92000579833984,79.446533203125,151.32522583007812,131.74078369140625,205.29888916015625,56.23884201049805,18.026723861694336,109.00798797607422
2022-08-11,165.26119995117188,277.1795349121094,108.5004653930664,81.74476623535156,148.1953582763672,130.8042449951172,204.67343139648438,55.858909606933594,17.872325897216797,114.10789489746094
2022-08-12,168.80201721191406,281.9018859863281,110.29766845703125,82.45528411865234,146.5639190673828,132.07394409179688,204.9158477783203,56.28302001953125,18.636348724365234,117.86978912353516
2022-08-15,169.87109375,283.4084777832031,110.59571075439453,80.98162078857422,147.26437377929688,133.77584838867188,209.8513946533203,56.9898681640625,18.958093643188477,120.47791290283203
2022-08-16,169.7141571044922,282.6744689941406,111.65234375,80.22723388671875,148.57662963867188,135.00953674316406,210.5495147705078,57.458168029785156,18.80569076538086,121.1566162109375
2022-08-17,171.2050018310547,281.9293212890625,110.7131118774414,80.87635040283203,148.58547973632812,134.38819885253906,208.00904846191406,57.32563781738281,18.26380157470703,119.07205200195312
2022-08-18,170.81268310546875,280.8164367675781,109.85514831542969,82.78861236572266,147.86727905273438,134.865478515625,208.7168731689453,57.626033782958984,18.700101852416992,118.93630981445312
2022-08-19,168.23312377929688,276.92584228515625,107.13676452636719,82.52545166015625,150.119384765625,134.8294219970703,206.36061096191406,57.58185958862305,17.77968978881836,116.48332214355469
2022-08-22,164.35877990722656,268.7967224121094,105.36663818359375,82.46405792236328,149.5927734375,134.46923828125,202.27842712402344,56.72480010986328,16.967853546142578,112.4111557006836
2022-08-23,164.0253143310547,267.5290832519531,104.32804107666016,85.96399688720703,148.28956604003906,131.8758544921875,200.52337646484375,56.786651611328125,17.114280700683594,111.36402130126953
2022-08-24,164.31954956054688,266.89990234375,104.58094787597656,86.47279357910156,147.79861450195312,131.30856323242188,200.39732360839844,56.866172790527344,17.155126571655273,112.86685180664062
2022-08-25,166.77166748046875,269.86126708984375,107.06450653076172,86.92015075683594,149.18215942382812,131.2004852294922,203.45167541503906,57.140079498291016,17.84343719482422,113.8848876953125
2022-08-26,160.4844970703125,259.4480895996094,103.5604248046875,85.84999084472656,146.62930297851562,128.1298370361328,196.73202514648438,55.761722564697266,16.196855545043945,110.59806060791016
2022-08-29,158.2874298095703,256.68035888671875,103.30754852294922,87.82366943359375,145.49566650390625,127.58953857421875,196.18905639648438,55.42596435546875,15.739642143249512,110.07450866699219
2022-08-30,155.86477661132812,254.49322509765625,103.32562255859375,84.48158264160156,144.9868927001953,126.22981262207031,195.26783752441406,54.91350173950195,15.407937049865723,109.00798797607422
2022-08-31,154.20713806152344,253.04150390625,102.71149444580078,83.85001373291016,144.0139617919922,124.21273040771484,192.67889404296875,54.52472686767578,15.035386085510254,108.66864013671875
2022-09-01,154.93295288085938,252.00599670410156,103.4159164428711,82.34124755859375,147.5843505859375,125.7435302734375,194.05580139160156,54.78096389770508,13.882878303527832,109.10494232177734
2022-09-02,152.82412719726562,247.805908203125,102.69343566894531,83.85001373291016,145.2635955810547,123.51036071777344,191.75775146484375,54.02993392944336,13.594005584716797,107.81542205810547
2022-09-06,151.56869506835938,245.08651733398438,102.72051239013672,83.28861236572266,145.65634155273438,122.13262176513672,192.6110076904297,54.05643844604492,13.412712097167969,106.73920440673828
2022-09-07,152.97128295898438,249.7704620361328,104.67123413085938,82.57808685302734,146.45079040527344,123.97863006591797,194.33700561523438,55.05486297607422,13.66480541229248,109.26007843017578
2022-09-08,151.50006103515625,250.18661499023438,107.10967254638672,83.25352478027344,147.62901306152344,124.14070129394531,194.61819458007812,54.886985778808594,13.939814567565918,108.9110336303711
2022-09-09,154.35426330566406,255.93515014648438,107.62443542480469,84.64825439453125,147.91465759277344,126.03170776367188,198.97190856933594,55.06370162963867,14.335391998291016,111.67428588867188
2022-09-12,160.29811096191406,258.0545654296875,108.8978500366211,85.62193298339844,147.85215759277344,127.05826568603516,200.35855102539062,55.222740173339844,14.452967643737793,112.84745788574219
2022-09-13,150.89190673828125,243.8671112060547,105.11376953125,83.62194061279297,144.0050506591797,124.4288330078125,193.60975646972656,53.429107666015625,13.08389663696289,108.35838317871094
2022-09-14,152.33375549316406,244.08969116210938,104.86993408203125,85.67454528808594,146.97744750976562,124.72598266601562,193.357666015625,53.711849212646484,13.08090591430664,109.07585906982422
2022-09-15,149.45008850097656,237.47018432617188,106.45039367675781,83.183349609375,147.35231018066406,123.76250457763672,189.4402618408203,52.98204040527344,12.882621765136719,107.39850616455078
2022-09-16,147.81207275390625,236.8507843017578,105.73693084716797,81.76229858398438,149.6017303466797,124.51890563964844,187.43310546875,52.990943908691406,13.150653839111328,104.9552230834961
2022-09-19,151.5196533203125,236.6378936767578,106.71228790283203,81.75352478027344,148.42347717285156,124.25776672363281,187.26824951171875,53.39145278930664,13.333995819091797,105.84721374511719
2022-09-20,153.8932342529297,234.63462829589844,104.60804748535156,81.08687591552734,147.254150390625,123.81651306152344,186.2404327392578,53.311344146728516,13.128734588623047,104.29591369628906
2022-09-21,150.7742156982422,231.2474822998047,101.59162902832031,79.77986907958984,145.74563598632812,122.22264099121094,181.3437042236328,52.8663444519043,13.213432312011719,101.30965423583984
2022-09-22,149.81300354003906,233.21200561523438,100.43563079833984,79.44654083251953,148.33416748046875,122.65489196777344,180.15103149414062,52.74174118041992,12.515941619873047,99.05057525634766
2022-09-23,147.54725646972656,230.2506561279297,98.56616973876953,75.21852111816406,148.81617736816406,122.08760070800781,178.37655639648438,52.154335021972656,12.471102714538574,96.4715347290039
2022-09-26,147.88072204589844,229.7957763671875,96.44385528564453,73.6658935546875,147.90573120117188,122.20465087890625,175.10887145996094,51.504638671875,12.184136390686035,95.133544921875
2022-09-27,148.85174560546875,228.78933715820312,95.59492492675781,75.2097396850586,147.2273406982422,118.84583282470703,172.47140502929688,50.178524017333984,12.3684720993042,92.93263244628906
2022-09-28,146.9685516357422,233.29913330078125,97.5276107788086,77.94656372070312,148.49484252929688,118.84583282470703,173.7416534423828,50.712528228759766,12.690314292907715,96.37458038330078
2022-09-29,139.74961853027344,229.84417724609375,95.8749008178711,77.78868103027344,146.86134338378906,115.89227294921875,174.5949249267578,50.347625732421875,12.176164627075195,94.48393249511719
2022-09-30,135.55162048339844,225.3924560546875,94.37572479248047,76.58692932128906,145.8170166015625,113.68607330322266,172.258056640625,49.85811996459961,12.095453262329102,91.45890045166016
2022-10-03,139.7201690673828,232.9797821044922,97.29277801513672,80.6307601928711,145.6741943359375,115.7211685180664,176.13668823242188,50.41883087158203,12.467116355895996,94.17366790771484
2022-10-04,143.30023193359375,240.8573455810547,101.844482421875,83.56929016113281,147.8343048095703,117.15294647216797,180.01528930664062,50.53452682495117,13.119768142700195,98.35249328613281
2022-10-05,143.59451293945312,241.1670379638672,100.58702850341797,86.94646453857422,147.37908935546875,116.34249877929688,181.97396850585938,50.053924560546875,13.161616325378418,97.73197174072266
2022-10-06,142.64309692382812,238.83473205566406,98.53685760498047,89.525390625,144.52272033691406,113.89320373535156,179.95704650878906,48.977020263671875,13.082901000976562,96.99510192871094
2022-10-07,137.4053955078125,226.68923950195312,96.56867218017578,88.62187957763672,142.996337890625,111.90311431884766,178.25051879882812,48.51421356201172,12.03268051147461,94.20276641845703
2022-10-10,137.72909545898438,221.8601531982422,95.66658782958984,86.70085144042969,143.18380737304688,111.44388580322266,176.6505889892578,48.40740966796875,11.628137588500977,92.26363372802734
2022-10-11,136.3166961669922,218.14389038085938,92.9056396484375,85.96399688720703,145.25465393066406,111.86709594726562,173.702880859375,48.487518310546875,11.544439315795898,90.2663345336914
2022-10-12,135.68896484375,218.4729461669922,94.40912628173828,86.3412094116211,145.21896362304688,112.04720306396484,172.8302001953125,49.07491683959961,11.458747863769531,90.56690216064453
2022-10-13,140.2498321533203,226.68923950195312,99.65763092041016,89.35872650146484,147.41477966308594,113.74011993408203,179.05532836914062,49.7246208190918,11.917097091674805,93.6985855102539
2022-10-14,135.7281494140625,221.19235229492188,101.31600189208984,87.00785827636719,146.79891967773438,112.63250732421875,177.07723999023438,48.93251037597656,11.186726570129395,91.57524871826172
2022-10-17,139.68093872070312,229.8732452392578,105.5712890625,88.26226043701172,148.70016479492188,114.6675796508789,179.62742614746094,49.564422607421875,11.845355987548828,94.36758422851562
2022-10-18,140.9952850341797,230.81195068359375,108.28665161132812,88.42012786865234,148.18243408203125,115.59510040283203,181.48915100097656,50.2319221496582,11.924072265625,95.48258209228516
2022-10-19,141.10316467285156,228.85707092285156,106.16356658935547,91.04290008544922,147.00418090820312,116.66666412353516,180.75221252441406,49.804718017578125,12.007771492004395,95.97705078125
2022-10-20,140.6421661376953,228.53768920898438,105.81730651855469,91.16572570800781,147.37908935546875,115.16399383544922,181.53762817382812,49.02151107788086,12.150257110595703,95.5892333984375
2022-10-21,144.44781494140625,234.31527709960938,111.3756103515625,92.85867309570312,150.59249877929688,116.60591888427734,184.59201049804688,49.804718017578125,12.421281814575195,98.9342269897461
2022-10-24,146.5860595703125,239.27989196777344,111.5123062133789,93.50778198242188,152.61871337890625,117.32234954833984,184.92172241210938,51.23762893676758,12.553805351257324,98.62396240234375
2022-10-25,149.42063903808594,242.57997131347656,111.80387115478516,92.87623596191406,152.37771606445312,118.6736068725586,188.48031616210938,52.465843200683594,13.213432312011719,101.1836166381836
2022-10-26,146.4879608154297,223.86338806152344,113.08867645263672,93.98149871826172,153.71664428710938,119.50791931152344,197.15870666503906,52.857444763183594,12.849739074707031,101.44538879394531
2022-10-27,142.025146484375,219.44070434570312,113.53515625,94.34112548828125,153.805908203125,119.59861755371094,198.0895233154297,52.98204040527344,13.128734588623047,101.26117706298828
2022-10-28,152.75550842285156,228.26673889160156,114.88372039794922,97.104248046875,156.09095764160156,122.6275634765625,202.9862518310547,54.07674789428711,13.78437328338623,102.7252197265625
2022-10-31,150.40151977539062,224.6472930908203,114.70147705078125,97.20073699951172,155.28762817382812,122.1287841796875,200.87240600585938,53.266845703125,13.44858169555664,103.29727172851562
2022-11-01,147.76304626464844,220.81495666503906,116.7698974609375,98.1656494140625,154.5021209716797,122.31922912597656,200.64939880371094,53.079952239990234,13.494418144226074,102.77369689941406
2022-11-02,142.250732421875,213.00511169433594,115.69468688964844,96.14812469482422,152.1278076171875,120.55989837646484,194.85092163085938,52.34124755859375,13.17158031463623,98.72093200683594
2022-11-03,136.21861267089844,207.34364318847656,115.9042739868164,97.45511627197266,152.38665771484375,119.73463439941406,188.83909606933594,52.314537048339844,13.372856140136719,96.2291488647461
2022-11-04,135.9533233642578,214.2534942626953,119.0752182006836,98.51652526855469,153.0650177001953,121.92021942138672,191.00140380859375,52.74174118041992,14.105219841003418,96.54910278320312
2022-11-07,136.48388671875,220.5246124267578,119.70392608642578,99.68316650390625,154.4039306640625,123.78836822509766,194.02670288085938,52.94645309448242,14.249699592590332,97.37322998046875
2022-11-08,137.05369567871094,221.4923858642578,119.77684020996094,99.99895477294922,155.17160034179688,124.06948852539062,195.6557159423828,53.04434585571289,14.549619674682617,96.85935974121094
2022-11-09,132.50486755371094,217.27293395996094,118.21871948242188,95.52532958984375,153.93081665039062,123.77022552490234,188.4642791748047,52.30563735961914,13.726584434509277,84.10960388183594
2022-11-10,144.29444885253906,235.14755249023438,123.08448791503906,96.92882537841797,155.7339324951172,128.03253173828125,199.7762451171875,54.183555603027344,15.693502426147461,87.70668029785156
2022-11-11,147.07479858398438,239.1444091796875,123.28497314453125,99.95510864257812,151.07447814941406,127.84207916259766,199.22227478027344,54.575157165527344,16.2684268951416,92.11820983886719
2022-11-14,145.6797332763672,233.76364135742188,122.01840209960938,100.24690246582031,153.4488525390625,127.85115814208984,201.02987670898438,54.05005645751953,16.236547470092773,91.41041564941406
2022-11-15,147.40884399414062,234.1701202392578,121.13452911376953,100.91891479492188,153.87730407714844,127.40679931640625,204.07164001464844,53.96105194091797,16.606212615966797,92.60298156738281
2022-11-16,146.18077087402344,234.5971221923828,121.29855346679688,99.84015655517578,154.83241271972656,128.54037475585938,204.21739196777344,53.86315155029297,15.852927207946777,91.09046173095703
2022-11-17,148.07691955566406,234.54856872558594,120.77005767822266,99.97278594970703,156.08206176757812,127.75138854980469,205.04347229003906,54.03224563598633,15.620763778686523,88.66654205322266
2022-11-18,148.6369171142578,234.10215759277344,121.95462036132812,99.1062240600586,157.27816772460938,129.29310607910156,204.85882568359375,54.414955139160156,15.353726387023926,89.00589752197266
2022-11-21,145.41445922851562,234.9076690673828,121.23477935791016,98.12471008300781,158.0867156982422,130.93450927734375,200.5050811767578,55.251556396484375,15.262056350708008,94.60997772216797
2022-11-22,147.54638671875,237.7997589111328,123.04803466796875,100.96314239501953,158.85035705566406,132.05905151367188,204.402099609375,55.49186325073242,15.980466842651367,93.28167724609375
2022-11-23,148.4208221435547,240.2744903564453,124.36016845703125,100.4591293334961,159.02099609375,132.81175231933594,205.76260375976562,55.741058349609375,16.459741592407227,95.87039947509766
2022-11-25,145.51271057128906,240.18716430664062,124.59710693359375,100.10540771484375,159.22764587402344,133.056640625,207.76451110839844,55.79446029663086,16.211637496948242,95.86071014404297
2022-11-28,141.69091796875,234.62625122070312,122.41934204101562,97.09896850585938,159.30845642089844,132.94781494140625,205.30584716796875,55.80335998535156,15.770225524902344,92.77751922607422
2022-11-29,138.69436645507812,233.23843383789062,124.43306732177734,97.7444839477539,158.19448852539062,131.9320831298828,203.16786193847656,55.6075553894043,15.582900047302246,91.80794525146484
2022-11-30,145.4341278076172,247.6114044189453,125.90918731689453,98.45188903808594,159.91038513183594,135.26942443847656,210.8840789794922,57.0147819519043,16.866605758666992,94.89115142822266
2022-12-01,145.70919799804688,247.17469787597656,124.14151000976562,97.97439575195312,160.57518005371094,135.3510284423828,210.8840789794922,57.17611312866211,17.077899932861328,95.5892333984375
2022-12-02,145.2179718017578,247.49497985839844,123.15739440917969,97.14319610595703,160.70095825195312,136.5843505859375,211.52545166015625,57.67805862426758,16.819765090942383,96.40367126464844
2022-12-05,144.05870056152344,242.81719970703125,119.70392608642578,94.48161315917969,160.6111297607422,135.20591735839844,207.65762329101562,56.8892936706543,16.554651260375977,93.01019287109375
2022-12-06,140.40391540527344,237.8870849609375,119.9044189453125,91.85541534423828,158.2034912109375,135.3782196044922,203.1873016357422,56.862396240234375,15.933728218078613,89.4809799194336
2022-12-07,138.4684600830078,237.15921020507812,119.8224105834961,91.65203857421875,159.1647491455078,136.2488250732422,201.95310974121094,56.9520378112793,16.0662841796875,89.34525299072266
2022-12-08,140.14842224121094,240.09982299804688,121.07987976074219,92.33289337158203,159.19168090820312,137.22824096679688,203.2067413330078,57.19403839111328,17.11178970336914,89.73307037353516
2022-12-09,139.6670379638672,238.17822265625,120.4238052368164,91.55477142333984,157.8800506591797,136.86546325683594,202.81800842285156,56.593505859375,16.94434928894043,90.53780364990234
2022-12-12,141.95620727539062,245.0590362548828,122.291748046875,93.80958557128906,159.76666259765625,138.27117919921875,208.54197692871094,57.33746337890625,17.47657012939453,91.77885437011719
2022-12-13,142.9190216064453,249.33889770507812,122.1733169555664,94.83531951904297,160.9974365234375,138.06256103515625,207.0356903076172,57.355377197265625,18.011775970458984,91.81763458251953
2022-12-14,140.69863891601562,249.63003540039062,121.56282806396484,94.13677978515625,161.49151611328125,138.60667419433594,207.3077850341797,57.355377197265625,17.6151065826416,91.28436279296875
2022-12-15,134.10629272460938,241.6622772216797,118.54674530029297,93.23486328125,159.4522247314453,137.03778076171875,202.05027770996094,56.566627502441406,16.895509719848633,87.73577117919922
2022-12-16,132.1511993408203,237.46978759765625,117.80867004394531,92.58049011230469,157.81716918945312,136.43019104003906,201.05899047851562,56.24394226074219,16.51578140258789,87.3382568359375
2022-12-19,130.04872131347656,233.35487365722656,118.51029968261719,92.99609375,157.646484375,136.39390563964844,199.04734802246094,56.32461929321289,16.1998348236084,83.16912841796875
2022-12-20,129.97996520996094,234.6650390625,119.08435821533203,94.34015655517578,157.81716918945312,136.44833374023438,199.57215881347656,56.27980041503906,16.031404495239258,84.37139129638672
2022-12-21,133.07470703125,237.21743774414062,120.4238052368164,95.55156707763672,159.62290954589844,137.6998291015625,200.9812774658203,57.185081481933594,16.446014404296875,84.27442932128906
2022-12-22,129.9111785888672,231.1615753173828,119.0570068359375,93.62390899658203,159.0389862060547,138.0172576904297,199.2805633544922,56.77276611328125,15.287885665893555,84.03204345703125
2022-12-23,129.5476837158203,231.68565368652344,119.62194061279297,96.09979248046875,159.44320678710938,138.40721130371094,200.02890014648438,57.2030029296875,15.155327796936035,85.33126068115234
2022-12-27,127.74974822998047,229.96786499023438,120.04110717773438,97.43499755859375,159.3983154296875,139.6133270263672,200.47592163085938,57.55257797241211,14.073944091796875,83.74117279052734
2022-12-28,123.82974243164062,227.6095733642578,120.69718933105469,95.83451843261719,158.70655822753906,137.8086700439453,199.21255493164062,56.978919982910156,13.989228248596191,81.6081314086914
2022-12-29,127.33711242675781,233.89833068847656,121.38967895507812,96.55958557128906,159.51510620117188,138.3799591064453,202.196044921875,57.31952667236328,14.554338455200195,84.52652740478516
2022-12-30,127.65150451660156,232.7434844970703,122.19154357910156,97.53227233886719,158.69757080078125,137.44589233398438,201.9044647216797,57.0147819519043,14.565301895141602,84.23564147949219
2023-01-03,122.87673950195312,232.51055908203125,123.1209487915039,94.18098449707031,160.0810546875,137.45498657226562,201.54495239257812,56.42321014404297,14.267298698425293,86.26203918457031
2023-01-04,124.14411926269531,222.3397979736328,124.2690658569336,94.45509338378906,161.82394409179688,138.0535125732422,206.6177978515625,56.39631652832031,14.699851036071777,89.18042755126953
2023-01-05,122.82760620117188,215.75013732910156,124.24150848388672,96.56844329833984,160.6290740966797,136.33953857421875,205.16006469726562,55.75096893310547,14.217467308044434,89.12224578857422
2023-01-06,127.3469467163086,218.2928466796875,126.61895751953125,97.73563385009766,161.9317169189453,139.5861053466797,211.61289978027344,56.82655334472656,14.80948543548584,91.06137084960938
2023-01-09,127.8676528930664,220.418212890625,126.09574127197266,95.91410064697266,157.73631286621094,137.88119506835938,212.4390106201172,56.11845779418945,15.575923919677734,91.885498046875
2023-01-10,128.43746948242188,222.09719848632812,127.22476196289062,97.34657287597656,157.35899353027344,137.74513244628906,214.85879516601562,55.688228607177734,15.855987548828125,92.65145874023438
2023-01-11,131.1490936279297,228.81298828125,128.17027282714844,98.47840118408203,157.10745239257812,136.62969970703125,215.84036254882812,55.580665588378906,15.947678565979004,93.39802551269531
2023-01-12,131.0704803466797,231.47213745117188,128.04173278808594,100.1142578125,156.31689453125,135.85887145996094,217.3174591064453,54.863616943359375,16.455976486206055,96.77208709716797
2023-01-13,132.39678955078125,232.17088317871094,131.2728271484375,100.0523681640625,155.8048095703125,136.82920837402344,216.77325439453125,55.060791015625,16.84268569946289,96.37458038330078
2023-01-17,133.55613708496094,233.2578582763672,129.2442626953125,99.85782623291016,154.84353637695312,136.43019104003906,216.7149658203125,55.284889221191406,17.643014907836914,96.86904907226562
2023-01-18,132.8389129638672,228.85177612304688,125.3614273071289,97.80638122558594,152.50778198242188,132.7755126953125,213.2747344970703,53.60877227783203,17.319093704223633,96.02554321289062
2023-01-19,132.8979034423828,225.0862579345703,123.69073486328125,98.43421173095703,152.30116271972656,129.96754455566406,214.197998046875,53.528099060058594,16.70913314819336,96.06431579589844
2023-01-20,135.45228576660156,233.13168334960938,123.99366760253906,100.2292251586914,151.59144592285156,130.4694366455078,217.98805236816406,53.85078430175781,17.779556274414062,100.33040618896484
2023-01-23,138.63546752929688,235.4220428466797,126.00394439697266,99.70751190185547,151.2051544189453,128.71728515625,217.86172485351562,53.9852294921875,19.129047393798828,102.47313690185547
2023-01-24,140.0305633544922,234.89797973632812,127.08708190917969,100.63597106933594,151.2051544189453,129.4199676513672,217.57989501953125,54.27204895019531,19.2008056640625,102.77369689941406
2023-01-25,139.37229919433594,233.5101776123047,127.70210266113281,100.10540771484375,152.28321838378906,129.32872009277344,218.5614013671875,54.61264419555664,19.25861167907715,104.82917022705078
2023-01-26,141.4355010986328,240.6820831298828,128.4915008544922,104.12873077392578,151.72621154785156,128.80856323242188,218.37680053710938,54.505088806152344,19.73601531982422,106.361083984375
2023-01-27,143.37091064453125,240.83737182617188,128.8036346435547,102.22760772705078,151.13328552246094,128.27928161621094,224.9171142578125,54.218265533447266,20.297138214111328,106.2059555053711
2023-01-30,140.49232482910156,235.5481719970703,127.71128845214844,100.41490173339844,145.53640747070312,128.68077087402344,222.64308166503906,54.35271453857422,19.098148345947266,104.31529235839844
2023-01-31,141.75965881347656,240.49769592285156,128.4731903076172,102.5813217163086,146.81207275390625,129.93101501464844,223.7217559814453,54.962215423583984,19.471900939941406,105.18790435791016
2023-02-01,142.87969970703125,245.29196166992188,128.13352966308594,101.45832061767578,148.15968322753906,130.67018127441406,224.392333984375,54.97117614746094,20.873212814331055,106.0605239868164
2023-02-02,148.17520141601562,256.7922668457031,127.536865234375,98.28388214111328,148.71665954589844,129.7393798828125,223.0901336669922,54.03004837036133,21.636655807495117,109.76425170898438
2023-02-03,151.79066467285156,250.72669982910156,129.5104217529297,98.96475219726562,147.88116455078125,130.14089965820312,223.64404296875,53.6266975402832,21.02968978881836,107.34033203125
2023-02-06,149.06922912597656,249.19329833984375,130.27227783203125,98.79674530029297,146.75820922851562,129.03668212890625,222.9734649658203,53.93144607543945,21.018726348876953,106.52590942382812
2023-02-07,151.93800354003906,259.6649475097656,131.86032104492188,101.61748504638672,146.7941436767578,127.77737426757812,224.80047607421875,53.8418083190918,22.0991153717041,108.23233795166016
2023-02-08,149.25587463378906,258.8594055175781,130.93321228027344,100.73321533203125,146.98281860351562,126.45413970947266,223.71200561523438,53.528099060058594,22.13100814819336,108.3777847290039
2023-02-09,148.22430419921875,255.84117126464844,128.89540100097656,101.11346435546875,144.99737548828125,125.06706237792969,223.32257080078125,53.438472747802734,22.2625675201416,107.0009994506836
2023-02-10,148.5883331298828,255.33653259277344,129.46450805664062,105.3755111694336,145.67115783691406,126.17127227783203,221.22906494140625,53.438472747802734,21.19413948059082,104.77098846435547
2023-02-13,151.3828582763672,263.3139343261719,130.8689422607422,104.96564483642578,146.21022033691406,127.82301330566406,222.8649139404297,54.31686019897461,21.715394973754883,104.3831787109375
2023-02-14,150.74322509765625,264.138916015625,131.447265625,103.7359848022461,145.5723114013672,127.1020736694336,223.36151123046875,53.411590576171875,22.894454956054688,104.3831787109375
2023-02-15,152.839111328125,262.0277099609375,131.9980010986328,103.42412567138672,143.17372131347656,126.81004333496094,222.90383911132812,53.411590576171875,22.688140869140625,105.91507720947266
2023-02-16,151.24508666992188,255.0518035888672,130.1804962158203,103.12118530273438,142.15853881835938,125.1491928100586,219.8950653076172,53.07993698120117,21.92868423461914,102.60887908935547
2023-02-17,150.1036834716797,251.07254028320312,130.5660400390625,99.15599060058594,145.1263427734375,127.76822662353516,217.68472290039062,53.886627197265625,21.316730499267578,102.0174331665039
2023-02-21,146.0989227294922,245.8284912109375,128.17027282714844,99.0579833984375,142.96383666992188,127.677001953125,214.82196044921875,53.59980773925781,20.586172103881836,98.98270416259766
2023-02-22,146.52207946777344,244.69993591308594,127.18807983398438,97.77486419677734,142.7647705078125,128.21539306640625,214.23776245117188,53.76115036010742,20.684844970703125,98.5851821899414
2023-02-23,147.0041961669922,247.8716278076172,128.2069549560547,98.6748275756836,142.71954345703125,127.80474090576172,215.31863403320312,53.859745025634766,23.585147857666016,98.63365936279297
2023-02-24,144.35733032226562,242.47190856933594,129.36355590820312,98.6837387084961,141.1270294189453,127.08379364013672,213.78009033203125,53.63565444946289,23.208406448364258,97.2471923828125
2023-02-27,145.54791259765625,243.38645935058594,130.49261474609375,98.50553894042969,140.81939697265625,126.97430419921875,214.55906677246094,53.61773681640625,23.422683715820312,97.39261627197266
2023-02-28,145.04612731933594,242.66648864746094,131.5849609375,97.93526458740234,138.67491149902344,125.53246307373047,214.15985107421875,53.339874267578125,23.13863754272461,96.57819366455078
2023-03-01,142.97976684570312,239.60179138183594,130.8505859375,98.80847930908203,138.0505828857422,125.62371826171875,212.6213836669922,52.75727462768555,22.62236213684082,95.54076385498047
2023-03-02,143.57015991210938,244.31077575683594,129.49208068847656,99.26292419433594,137.94203186035156,127.69525146484375,213.302978515625,53.528099060058594,23.236309051513672,95.9091796875
2023-03-03,148.6080780029297,248.3775634765625,131.86953735351562,100.5193099975586,139.3625946044922,128.62606811523438,217.88922119140625,53.277130126953125,23.81039047241211,98.0616226196289
2023-03-06,151.36314392089844,249.9147491455078,131.0984344482422,101.41036224365234,140.75604248046875,128.0785369873047,220.7908935546875,54.10174560546875,23.47551727294922,97.59623718261719
2023-03-07,149.1688995361328,247.26840209960938,127.24313354492188,99.45004272460938,139.4259033203125,125.53246307373047,217.30499267578125,53.788028717041016,23.214340209960938,96.04492950439453
2023-03-08,150.41851806640625,246.8306121826172,126.49044036865234,97.99764251708984,138.40347290039062,125.55070495605469,216.3507080078125,53.814918518066406,24.10451889038086,96.27762603759766
2023-03-09,148.1750946044922,245.48797607421875,119.64271545410156,97.24024963378906,136.84715270996094,124.6290054321289,214.22799682617188,53.2950553894043,23.36187171936035,93.21379852294922
2023-03-10,146.11862182617188,241.8589630126953,122.68104553222656,96.03730010986328,137.18194580078125,125.19479370117188,210.45974731445312,53.07098388671875,22.892362594604492,90.72203063964844
2023-03-13,148.05703735351562,247.0446319580078,120.47802734375,94.93243408203125,138.4939422607422,126.0617446899414,208.8336181640625,53.60877227783203,22.893356323242188,89.78153991699219
2023-03-14,150.14305114746094,253.7286376953125,123.57142639160156,95.28884887695312,139.27210998535156,127.62224578857422,212.9134979248047,53.80596160888672,23.986888885498047,90.51842498779297
2023-03-15,150.53663635253906,258.2527160644531,117.73340606689453,90.5484619140625,139.66119384765625,129.42909240722656,210.6836700439453,54.164485931396484,24.151369094848633,90.2663345336914
2023-03-16,153.3507537841797,268.72137451171875,120.01905059814453,90.0227279663086,139.37164306640625,130.3964385986328,211.73529052734375,54.4625358581543,25.4602108001709,91.42011260986328
2023-03-17,152.51437377929688,271.8638916015625,115.48448181152344,88.9623794555664,137.87867736816406,130.43292236328125,211.6768798828125,54.209651947021484,25.643630981445312,90.36328887939453
2023-03-20,154.8759002685547,264.85888671875,116.70531463623047,91.28802490234375,139.24497985839844,132.4405975341797,212.4169158935547,54.73350143432617,25.818077087402344,91.35223388671875
2023-03-21,156.72573852539062,266.3669738769531,119.83546447753906,95.3779525756836,139.24497985839844,131.48239135742188,216.11705017089844,54.48060989379883,26.116134643554688,93.60163116455078
2023-03-22,155.29901123046875,264.917236328125,116.7420425415039,93.19486236572266,136.6752471923828,131.40023803710938,214.2572021484375,54.23674774169922,26.384279251098633,92.01154327392578
2023-03-23,156.38136291503906,270.141845703125,116.42993927001953,92.1434326171875,136.74761962890625,131.2177276611328,216.7401885986328,54.119327545166016,27.104995727539062,92.91323852539062
2023-03-24,157.68020629882812,272.97308349609375,114.65835571289062,92.25035858154297,138.1229705810547,133.89157104492188,215.23092651367188,55.004459381103516,26.69429588317871,91.21650695800781
2023-03-27,155.74179077148438,268.8965148925781,117.94454956054688,94.27306365966797,138.7111053466797,133.18887329101562,215.98069763183594,55.41089630126953,26.44708251953125,92.70963287353516
2023-03-28,155.1219024658203,267.77764892578125,118.30253601074219,95.44923400878906,137.3719482421875,133.56304931640625,214.53961181640625,55.474117279052734,26.326465606689453,91.9339828491211
2023-03-29,158.1918487548828,272.9146728515625,118.54117584228516,97.08876037597656,138.72015380859375,133.9736785888672,217.4315643310547,55.871517181396484,26.898649215698242,93.92158508300781
2023-03-30,159.75637817382812,276.3587951660156,118.18319702148438,97.56101989746094,138.8287353515625,134.5577392578125,216.51626586914062,55.86249542236328,27.29638671875,95.11414337158203
2023-03-31,162.255615234375,280.49371337890625,119.61514282226562,97.7125015258789,140.2493438720703,135.6892852783203,219.5347900390625,56.025062561035156,27.68914222717285,97.08235168457031
2023-04-03,163.50526428222656,279.4527282714844,119.47744750976562,103.47757720947266,141.92327880859375,136.4375762939453,222.98175048828125,56.35924530029297,27.876544952392578,96.72361755371094
2023-04-04,162.9739227294922,279.404052734375,117.88027954101562,102.48851776123047,143.40721130371094,137.09466552734375,221.6769561767578,56.18763732910156,27.366165161132812,96.53941345214844
2023-04-05,161.1339111328125,276.64093017578125,118.05604553222656,104.243896484375,149.84962463378906,138.03456115722656,222.17356872558594,56.720523834228516,26.795974731445312,96.86904907226562
2023-04-06,162.01947021484375,283.7043762207031,117.9265365600586,102.5152587890625,149.43341064453125,138.91065979003906,220.05087280273438,56.75665283203125,26.95148277282715,96.92723083496094
2023-04-10,159.43165588378906,281.5542297363281,118.31507873535156,102.06083679199219,148.68238830566406,137.7608184814453,220.47927856445312,56.62117385864258,27.491771697998047,97.74166870117188
2023-04-11,158.2213897705078,275.17181396484375,118.89793395996094,102.78256225585938,148.6371612548828,137.48709106445312,222.44622802734375,56.521827697753906,27.08306121826172,97.36354064941406
2023-04-12,157.53257751464844,275.81396484375,118.87942504882812,102.67565155029297,148.32044982910156,137.86123657226562,221.8230438232422,56.62117385864258,26.411195755004883,94.95902252197266
2023-04-13,162.90505981445312,281.9919738769531,119.33273315429688,103.15681457519531,150.30206298828125,138.5,226.57476806640625,57.03663635253906,26.379301071166992,97.77074432373047
2023-04-14,162.5606689453125,278.39227294921875,128.343505859375,103.40631103515625,150.0577392578125,137.79733276367188,227.86981201171875,56.946319580078125,26.673362731933594,96.85935974121094
2023-04-17,162.580322265625,280.9801940917969,129.36117553710938,102.20338439941406,149.90396118164062,137.8429718017578,227.3440399169922,57.31663513183594,26.91659164428711,97.2471923828125
2023-04-18,163.80043029785156,280.5618591308594,130.81362915039062,104.19934844970703,145.68734741210938,137.98898315429688,227.4608612060547,57.406951904296875,27.579486846923828,97.85801696777344
2023-04-19,164.9418487548828,280.6396179199219,130.64706420898438,103.86964416503906,147.06272888183594,138.01634216308594,226.45794677734375,57.51533126831055,27.842653274536133,95.7443618774414
2023-04-20,163.97755432128906,278.363037109375,130.2677764892578,103.04097747802734,148.0128173828125,138.52230834960938,228.4345703125,57.76823043823242,27.018272399902344,95.0850601196289
2023-04-21,162.37371826171875,278.0225830078125,130.01800537109375,103.37065887451172,147.20751953125,143.31573486328125,227.89901733398438,57.84951400756836,27.033220291137695,96.53941345214844
2023-04-24,162.67874145507812,274.14056396484375,130.19375610351562,105.32206726074219,148.10328674316406,143.57284545898438,226.64292907714844,57.75918960571289,26.956470489501953,96.64605712890625
2023-04-25,161.14376831054688,267.9625244140625,127.36285400390625,103.82508087158203,149.46054077148438,143.60955810546875,223.5562286376953,57.66887664794922,26.158000946044922,95.02688598632812
2023-04-26,161.1339111328125,287.372314453125,125.1055679321289,102.87165069580078,147.14418029785156,141.94749450683594,222.15406799316406,57.397918701171875,26.870737075805664,93.66950225830078
2023-04-27,165.70933532714844,296.5761413574219,126.78926086425781,104.101318359375,147.48800659179688,143.6830596923828,222.9915008544922,57.51533126831055,27.13988494873047,96.88845825195312
2023-04-28,166.958984375,298.94036865234375,127.8902359008789,105.44681549072266,148.12136840820312,143.6003875732422,226.61370849609375,57.93983459472656,27.661231994628906,99.3802261352539
2023-05-01,166.87042236328125,297.286376953125,130.62857055664062,102.17666625976562,148.03094482421875,143.77488708496094,226.39950561523438,58.07532501220703,28.818557739257812,99.09904479980469
2023-05-02,165.8372344970703,297.1405029296875,128.51930236816406,98.10455322265625,149.32481384277344,143.6463165283203,221.0148468017578,57.813392639160156,28.120771408081055,97.53805541992188
2023-05-03,164.7647247314453,296.15789794921875,125.79939270019531,96.17098236083984,147.3704071044922,143.462646484375,220.0410919189453,57.488243103027344,27.714061737060547,97.79014587402344
2023-05-04,163.13134765625,297.1405029296875,124.07865142822266,94.48688507080078,146.7008056640625,142.801513671875,219.67111206054688,57.55146408081055,27.474821090698242,94.48393249511719
2023-05-05,170.78662109375,302.23858642578125,126.50251007080078,96.83928680419922,147.19847106933594,143.2789764404297,225.68869018554688,57.822418212890625,28.589282989501953,97.46049499511719
2023-05-08,170.7177276611328,300.2926940917969,126.80780029296875,97.222412109375,146.8636474609375,142.60865783691406,226.1268768310547,57.73210144042969,29.058795928955078,99.8359146118164
2023-05-09,169.0154571533203,298.6873474121094,126.19720458984375,97.2491455078125,145.72357177734375,141.14859008789062,227.12974548339844,57.25340270996094,28.480628967285156,99.06997680664062
2023-05-10,170.77676391601562,303.8536376953125,126.261962890625,96.00167083740234,146.26649475097656,141.4424285888672,225.19207763671875,57.352760314941406,28.793636322021484,98.0616226196289
2023-05-11,170.9636993408203,301.713134765625,125.86417388916016,94.26414489746094,145.66928100585938,141.77301025390625,225.37745666503906,57.67790985107422,28.487606048583984,89.50037384033203
2023-05-12,170.0375213623047,300.60406494140625,124.06017303466797,94.25521087646484,145.4792938232422,143.21470642089844,225.73843383789062,57.90370559692383,28.2503604888916,89.19011688232422
2023-05-15,169.5448760986328,301.08074951171875,125.1055679321289,94.43497467041016,144.36631774902344,143.26065063476562,227.13360595703125,57.750160217285156,28.861419677734375,90.03363037109375
2023-05-16,169.5448760986328,303.2989807128906,124.2636947631836,92.14306640625,144.17633056640625,143.0126953125,224.85064697265625,57.09986877441406,29.1205997467041,88.21085357666016
2023-05-17,170.1557159423828,306.1656799316406,128.08447265625,94.21028900146484,143.859619140625,142.40663146972656,226.97747802734375,57.03663635253906,30.082544326782227,89.94638061523438
2023-05-18,172.48114013671875,310.5728759765625,129.05587768554688,95.06411743164062,143.3981170654297,140.0650177001953,227.90431213378906,56.720523834228516,31.577802658081055,90.90625
2023-05-19,172.58946228027344,310.39739990234375,128.7598419189453,95.50453186035156,143.78724670410156,140.65272521972656,227.62139892578125,56.747615814208984,31.165109634399414,88.56958770751953
2023-05-22,171.64356994628906,313.1665344238281,127.6959228515625,94.3450927734375,143.01229858398438,136.97042846679688,225.640869140625,55.55540084838867,31.077392578125,89.0252914428711
2023-05-23,169.04234313964844,307.394287109375,126.36373138427734,95.63036346435547,142.95762634277344,135.49200439453125,219.10426330566406,55.456050872802734,30.59093475341797,87.08616638183594
2023-05-24,169.3182373046875,306.01947021484375,125.20731353759766,96.69989776611328,142.8208770751953,134.3716583251953,216.8310546875,54.98639678955078,30.44140625,86.35899353027344
2023-05-25,170.45135498046875,317.7882995605469,125.5125961303711,94.96526336669922,140.7696075439453,133.50852966308594,217.93353271484375,54.56189727783203,37.859867095947266,85.4572982788086
2023-05-26,172.8555145263672,324.5844421386719,126.68754577636719,94.3450927734375,140.71493530273438,133.51768493652344,219.5237579345703,54.42640686035156,38.82281494140625,85.60273742675781
2023-05-30,174.69810485839844,322.9462890625,127.16859436035156,93.50923919677734,140.733154296875,131.47909545898438,216.23594665527344,53.992881774902344,39.984127044677734,85.14704132080078
2023-05-31,174.6488494873047,320.19671630859375,125.54961395263672,91.8375015258789,141.3621826171875,130.8546905517578,215.64080810546875,53.88450241088867,37.714332580566406,85.28279113769531
2023-06-01,177.44712829589844,324.2821350097656,127.27961730957031,92.89806365966797,140.8881378173828,132.1953582763672,220.97743225097656,54.19158172607422,39.64421081542969,85.89360046386719
2023-06-02,178.29454040527344,327.03179931640625,129.95323181152344,95.05514526367188,143.1034698486328,134.54617309570312,223.2115936279297,55.239295959472656,39.20261001586914,88.00724792480469
2023-06-05,176.94464111328125,327.5583190917969,128.67657470703125,94.63270568847656,144.33425903320312,134.01356506347656,221.24082946777344,54.868980407714844,39.04710006713867,88.2302474975586
2023-06-06,176.58004760742188,325.3547058105469,128.9078369140625,95.40567016601562,144.20660400390625,132.68206787109375,222.65550231933594,54.47157287597656,38.53173828125,89.35494995117188
2023-06-07,175.21044921875,315.31170654296875,130.15676879882812,97.54476928710938,144.5165557861328,132.9667510986328,219.77740478515625,54.390289306640625,37.36032485961914,89.70398712158203
2023-06-08,177.9201202392578,317.144775390625,130.19375610351562,97.23917388916016,146.1028594970703,134.47274780273438,217.6115264892578,54.5257682800293,38.39216995239258,89.71368408203125
2023-06-09,178.30435180664062,318.6365966796875,130.4528045654297,96.5201416015625,145.87493896484375,134.58290100097656,218.10911560058594,54.6160888671875,38.6513671875,89.13194274902344
2023-06-12,181.09283447265625,323.57037353515625,130.44357299804688,95.6483154296875,145.774658203125,133.52685546875,220.65545654296875,54.381248474121094,39.361183166503906,90.30511474609375
2023-06-13,180.61985778808594,325.949462890625,131.38722229003906,95.66632843017578,146.5404510498047,133.2054901123047,217.95303344726562,54.5980224609375,40.89647674560547,90.99349975585938
2023-06-14,181.25048828125,328.92340087890625,130.89688110351562,94.515869140625,147.2880096435547,134.454345703125,217.99205017089844,54.96833038330078,42.86543655395508,89.63611602783203
2023-06-15,183.28028869628906,339.4149169921875,132.3770751953125,95.1719970703125,149.26629638671875,136.3184356689453,220.65545654296875,55.72368240356445,42.522491455078125,90.1112060546875
2023-06-16,182.20623779296875,333.7888488769531,132.53436279296875,94.48890686035156,149.72216796875,137.31935119628906,223.3286590576172,56.124114990234375,42.56136703491211,88.54051971435547
2023-06-20,182.29493713378906,329.6156005859375,131.8590087890625,92.32284545898438,149.63095092773438,136.05215454101562,220.94818115234375,55.75099563598633,43.673954010009766,87.01830291748047
2023-06-21,181.26036071777344,325.2376708984375,131.66476440429688,93.35643768310547,149.403076171875,137.22755432128906,221.7091522216797,55.90570068359375,42.913291931152344,85.94208526611328
2023-06-22,184.25575256347656,331.2342834472656,129.12986755371094,92.84413146972656,150.98936462402344,137.6958770751953,222.8213348388672,56.287940979003906,42.89335250854492,85.79663848876953
2023-06-23,183.9404296875,326.6612548828125,128.45449829101562,92.03523254394531,150.86170959472656,136.32765197753906,223.95306396484375,55.69639587402344,42.0798454284668,85.41851806640625
2023-06-26,182.5511016845703,320.4014587402344,128.76910400390625,93.73393249511719,149.17515563964844,136.4653778076172,220.7823028564453,55.7145881652832,40.507667541503906,86.00025177001953
2023-06-27,185.30015563964844,326.2225341796875,128.77833557128906,93.96761322021484,148.86517333984375,137.7601318359375,221.7969512939453,55.59627914428711,41.74787139892578,86.34929656982422
2023-06-28,186.47271728515625,327.47052001953125,128.2139892578125,94.73158264160156,148.5643310546875,137.73265075683594,222.40185546875,55.07754135131836,40.99119567871094,86.12630462646484
2023-06-29,186.8077392578125,326.6904602050781,132.69163513183594,95.9000015258789,149.60362243652344,137.17245483398438,228.6068115234375,54.62250518798828,40.697086334228516,86.24264526367188
2023-06-30,191.1234588623047,332.0435485839844,134.5511474609375,96.39433288574219,150.89822387695312,139.33956909179688,231.68968200683594,54.80451965332031,42.17255783081055,86.5625991821289
2023-07-03,189.63563537597656,329.55712890625,135.63352966308594,96.58305358886719,148.91990661621094,140.0374755859375,232.16775512695312,55.13214874267578,42.283226013183594,87.74546813964844
2023-07-05,188.52220153808594,329.7131652832031,134.73001098632812,96.0887451171875,148.42758178710938,139.7987060546875,233.61167907714844,55.54167175292969,42.187522888183594,87.05707550048828
2023-07-06,188.99514770507812,332.7552795410156,133.3979949951172,92.50260162353516,147.324462890625,139.5691680908203,233.05560302734375,55.11394500732422,41.974178314208984,86.0390396118164
2023-07-07,187.88172912597656,328.806396484375,134.45057678222656,92.71830749511719,145.1820526123047,136.6398468017578,230.68484497070312,54.385887145996094,42.372947692871094,85.94208526611328
2023-07-10,185.84214782714844,323.55084228515625,135.20506286621094,94.09343719482422,145.4190673828125,136.69493103027344,232.3531494140625,53.976348876953125,42.050933837890625,85.41851806640625
2023-07-11,185.3199005126953,324.1748046875,137.3195343017578,95.24388885498047,144.6168212890625,135.97869873046875,234.68484497070312,54.16747283935547,42.27524185180664,86.7662124633789
2023-07-12,186.98509216308594,328.786865234375,137.99951171875,95.71123504638672,144.1154327392578,136.68576049804688,236.3043975830078,54.45868682861328,43.767662048339844,87.40612030029297
2023-07-13,187.74378967285156,334.11065673828125,138.67018127441406,93.95862579345703,144.7809295654297,136.77757263183594,237.37754821777344,54.92282485961914,45.83632278442383,87.71637725830078
2023-07-14,187.89157104492188,336.62628173828125,139.508544921875,90.72300720214844,145.74729919433594,137.7877197265625,237.231201171875,55.423370361328125,45.329872131347656,85.92269134521484
2023-07-17,191.1431427001953,337.1041259765625,142.8712158203125,91.11846923828125,145.01797485351562,136.8143310546875,238.04100036621094,55.34146499633789,46.31882858276367,82.95582580566406
2023-07-18,190.88697814941406,350.520751953125,143.1320037841797,90.70502471923828,145.0088653564453,137.07144165039062,234.89952087402344,55.123050689697266,47.348670959472656,83.33394622802734
2023-07-19,192.23687744140625,346.2207336425781,143.68157958984375,91.33419036865234,144.7171173095703,138.0081024169922,235.5336456298828,56.09682083129883,46.93294143676758,84.39078521728516
2023-07-20,190.29579162597656,338.2156066894531,145.45140075683594,92.94300842285156,153.50555419921875,139.12709045410156,233.77755737304688,56.77937698364258,45.380714416503906,83.58604431152344
2023-07-21,189.12326049804688,335.19293212890625,144.33360290527344,93.37442016601562,155.1556396484375,141.31715393066406,233.41656494140625,56.82487869262695,44.17341613769531,84.52652740478516
2023-07-24,189.92135620117188,336.49951171875,147.1746368408203,94.83943939208984,155.96702575683594,141.76992797851562,234.87020874023438,56.843074798583984,44.475494384765625,83.96417236328125
2023-07-25,190.77859497070312,342.2230529785156,146.0755157470703,94.98323822021484,157.1613311767578,142.10263061523438,232.87022399902344,56.65195846557617,45.53922653198242,83.02369689941406
2023-07-26,191.6456756591797,329.34259033203125,146.9510955810547,94.45294952392578,157.46217346191406,142.25047302246094,231.3189697265625,57.38001251220703,45.312923431396484,83.24669647216797
2023-07-27,190.3844451904297,322.4685363769531,145.33033752441406,94.74954223632812,158.3464813232422,140.55941772460938,228.7238311767578,56.82487869262695,45.759552001953125,82.76190948486328
2023-07-28,192.95614624023438,329.92767333984375,146.1593475341797,93.6170883178711,159.06668090820312,144.53292846679688,230.00186157226562,56.86128234863281,46.60695266723633,83.50848388671875
2023-07-31,193.56703186035156,327.5387878417969,147.1374053955078,96.38533782958984,152.73065185546875,144.43125915527344,231.93359375,56.360740661621094,46.58601379394531,86.1844711303711
2023-08-01,192.73939514160156,327.9483337402344,146.4108123779297,95.82808685302734,153.97048950195312,144.3850555419922,233.9336395263672,56.21512222290039,46.364688873291016,86.3202133178711
2023-08-02,189.7538299560547,319.3288269042969,144.75279235839844,94.63270568847656,154.90042114257812,144.69923400878906,231.7677764892578,56.388038635253906,44.133548736572266,83.67330932617188
2023-08-03,188.36451721191406,318.50982666015625,145.63772583007812,96.27747344970703,155.56588745117188,145.07810974121094,232.93850708007812,56.09682083129883,44.3787956237793,82.88795471191406
2023-08-04,179.31927490234375,319.60186767578125,145.33033752441406,96.547119140625,154.1072235107422,143.4886932373047,233.16290283203125,55.25045394897461,44.54328536987305,83.67330932617188
2023-08-07,176.225341796875,321.8737487792969,146.0196075439453,96.34937286376953,157.80857849121094,145.00416564941406,235.62147521972656,55.68728256225586,45.27803039550781,84.18717193603516
2023-08-08,177.161376953125,317.9150390625,145.1999053955078,96.82575225830078,157.88150024414062,145.16122436523438,233.45555114746094,55.441566467285156,44.52733612060547,85.44759368896484
2023-08-09,175.57504272460938,314.1904296875,143.25311279296875,98.47050476074219,157.78126525878906,144.9764404296875,233.91412353515625,55.56897735595703,42.423789978027344,84.82707977294922
2023-08-10,175.35826110839844,314.8729248046875,143.0388641357422,98.97381591796875,156.9607391357422,144.25567626953125,234.7449493408203,55.441566467285156,42.258296966552734,88.96710968017578
2023-08-11,175.41746520996094,313.00079345703125,143.86788940429688,100.51074981689453,158.49232482910156,145.09658813476562,234.627685546875,55.66908264160156,40.729984283447266,86.31050872802734
2023-08-14,177.06517028808594,315.9552307128906,144.1659393310547,100.59162902832031,158.11854553222656,143.9599609375,237.4231414794922,55.4051628112793,43.619117736816406,86.10689544677734
2023-08-15,175.0819854736328,313.8295593261719,140.49588012695312,98.00910949707031,157.6627197265625,143.03590393066406,234.42242431640625,55.03204345703125,43.80555725097656,84.41016387939453
2023-08-16,174.21372985839844,313.06744384765625,139.89976501464844,96.35990142822266,157.1613311767578,141.57586669921875,233.89456176757812,55.041133880615234,43.35293960571289,83.72178649902344
2023-08-17,171.67807006835938,309.6280517578125,138.44662475585938,98.2265853881836,158.63819885253906,140.55941772460938,232.0178680419922,55.159446716308594,43.211368560791016,83.30487060546875
2023-08-18,172.16151428222656,309.2371826171875,138.76332092285156,99.7126693725586,157.25250244140625,140.95675659179688,232.79981994628906,55.46887969970703,43.16651153564453,83.34364318847656
2023-08-21,173.49349975585938,314.5135803222656,139.2384033203125,98.50749206542969,152.56654357910156,140.2452392578125,234.0607452392578,54.99563217163086,46.82329177856445,83.26608276367188
2023-08-22,174.86492919921875,315.08026123046875,136.35079956054688,97.9547348022461,151.35401916503906,140.30068969726562,235.1457061767578,54.65890884399414,45.52825927734375,83.17882537841797
2023-08-23,178.7030029296875,319.51641845703125,137.27294921875,97.09388732910156,149.9956512451172,141.61285400390625,236.8367156982422,54.85002517700195,46.97182846069336,83.21761322021484
2023-08-24,174.02626037597656,312.6473083496094,137.14254760742188,96.36898040771484,150.5061492919922,140.95675659179688,234.0705108642578,54.704410552978516,47.01868438720703,79.95986938476562
2023-08-25,176.22653198242188,315.5884704589844,136.9748992919922,98.09065246582031,152.66412353515625,141.88082885742188,237.10064697265625,54.959224700927734,45.87718963623047,80.82279205322266
2023-08-28,177.78546142578125,316.2919006347656,137.449951171875,98.9152603149414,150.86431884765625,142.10263061523438,238.3321990966797,55.11394500732422,46.691688537597656,81.59844970703125
2023-08-29,181.66297912597656,320.8941345214844,138.56771850585938,99.50425720214844,150.88267517089844,142.1857452392578,239.8081512451172,55.05933380126953,48.634727478027344,81.83112335205078
2023-08-30,185.14588928222656,321.2654724121094,138.0088348388672,100.47383117675781,150.35006713867188,142.3428497314453,240.6781005859375,55.03204345703125,49.11325454711914,81.71478271484375
2023-08-31,185.36293029785156,320.259033203125,136.3042449951172,100.7547378540039,148.4675750732422,142.6200714111328,240.14048767089844,54.449588775634766,49.2039794921875,81.13304901123047
2023-09-01,186.93174743652344,321.138427734375,136.76065063476562,102.86605072021484,147.36566162109375,142.7771759033203,242.5157012939453,53.976348876953125,48.360565185546875,79.15513610839844
2023-09-05,187.1685028076172,325.9164733886719,135.2516326904297,102.87513732910156,147.54930114746094,140.86436462402344,239.8081512451172,53.530418395996094,48.399452209472656,78.71883392333984
2023-09-06,180.46914672851562,325.2618713378906,135.028076171875,103.76314544677734,145.0974884033203,140.58714294433594,240.6096954345703,53.4940071105957,46.920860290527344,78.51522827148438
2023-09-07,175.19053649902344,322.35980224609375,133.873046875,103.25570678710938,146.9524383544922,141.92706298828125,241.56759643554688,53.0844841003418,46.103309631347656,78.1176986694336
2023-09-08,175.80223083496094,326.6200256347656,133.9755096435547,104.75991821289062,147.43911743164062,141.31715393066406,241.7141876220703,53.0844841003418,45.43629455566406,79.09696197509766
2023-09-11,176.9665069580078,330.20599365234375,134.56234741210938,103.44600677490234,149.36749267578125,142.99893188476562,241.6457977294922,53.585018157958984,45.043479919433594,80.00834655761719
2023-09-12,173.94735717773438,324.1772155761719,136.31350708007812,106.4634780883789,150.21231079101562,140.48548889160156,241.72396850585938,53.05717849731445,44.73638916015625,81.13304901123047
2023-09-13,171.88525390625,328.36907958984375,136.3787384033203,105.51202392578125,150.5888214111328,141.46498107910156,242.2420196533203,53.18458557128906,45.34956359863281,80.93914031982422
2023-09-14,173.39480590820312,330.94866943359375,139.02415466308594,107.3968276977539,150.3592529296875,143.0174560546875,236.0547637939453,53.6248893737793,45.445274353027344,81.90870666503906
2023-09-15,172.674560546875,322.6627502441406,138.6143035888672,105.74760437011719,148.2563934326172,141.81614685058594,235.6344451904297,53.14789962768555,43.76926803588867,82.97522735595703
2023-09-18,175.59507751464844,321.5292663574219,138.9030303955078,106.59940338134766,149.19302368164062,142.3521270751953,239.14349365234375,53.47812271118164,43.835079193115234,82.4322509765625
2023-09-19,176.6803741455078,321.1286315917969,138.72608947753906,106.3184814453125,148.94509887695312,141.93630981445312,238.06826782226562,53.368045806884766,43.390411376953125,79.44600677490234
2023-09-20,173.14816284179688,313.428955078125,138.13925170898438,105.47576904296875,149.59706115722656,141.81614685058594,236.40663146972656,53.606544494628906,42.113224029541016,80.04713439941406
2023-09-21,171.60897827148438,312.2173767089844,137.0587158203125,103.98969268798828,148.44923400878906,140.58714294433594,231.2749786376953,52.78097915649414,40.894859313964844,80.21196746826172
2023-09-22,172.45745849609375,309.7550048828125,135.74533081054688,104.15279388427734,147.38401794433594,140.06967163085938,229.77951049804688,52.836021423339844,41.48609924316406,78.77701568603516
2023-09-25,173.7303009033203,310.27288818359375,136.4159698486328,105.32173156738281,147.16360473632812,139.2195587158203,228.0982666015625,52.28564453125,42.09627151489258,78.5443115234375
2023-09-26,169.665283203125,304.9964904785156,135.0001220703125,105.48483276367188,146.0249786376953,137.98129272460938,224.47193908691406,51.85451889038086,41.786197662353516,77.61353302001953
2023-09-27,168.1556854248047,305.6316833496094,135.79193115234375,108.91912841796875,144.27105712890625,136.15164184570312,224.32530212402344,51.322486877441406,42.34153366088867,77.46809387207031
2023-09-28,168.41221618652344,306.46221923828125,137.47789001464844,108.25765228271484,144.0598602294922,135.22755432128906,226.43661499023438,51.194061279296875,42.960697174072266,77.69110107421875
2023-09-29,168.92530822753906,308.52392578125,135.08396911621094,106.5450210571289,143.0221710205078,134.7840118408203,224.82383728027344,51.350006103515625,43.369476318359375,78.58309173583984
2023-10-02,171.4313507080078,314.4354248046875,133.91961669921875,104.77803802490234,142.47122192382812,134.16488647460938,226.05540466308594,50.891353607177734,44.64864730834961,79.18421936035156
2023-10-03,170.099365234375,306.2178649902344,132.9322509765625,104.95928955078125,142.64569091796875,134.44210815429688,223.65084838867188,50.34098815917969,43.387420654296875,77.11905670166016
2023-10-04,171.34259033203125,311.660400390625,133.52841186523438,101.03563690185547,142.81100463867188,134.8856964111328,226.00650024414062,50.487754821777344,43.909854888916016,76.90575408935547
2023-10-05,172.57591247558594,312.05126953125,134.0913848876953,98.76119995117188,144.29859924316406,132.88046264648438,228.21559143066406,48.04775619506836,44.554935455322266,78.35040283203125
2023-10-06,175.1214599609375,319.7704772949219,136.1558074951172,97.11201477050781,144.75772094726562,133.14845275878906,229.74038696289062,48.744895935058594,45.625736236572266,80.41556549072266
2023-10-09,176.60145568847656,322.2718811035156,135.84613037109375,100.51007843017578,145.58419799804688,132.47384643554688,229.15391540527344,48.506404876708984,45.1381950378418,82.12200164794922
2023-10-10,176.00946044921875,320.8746337890625,136.671875,100.08417510986328,145.41891479492188,133.7860107421875,231.26522827148438,49.5612907409668,45.661624908447266,82.4031753540039
2023-10-11,177.40060424804688,324.81243896484375,137.1410675048828,96.4958267211914,143.41702270507812,132.1411895751953,230.36595153808594,49.267757415771484,46.666622161865234,82.2674331665039
2023-10-12,178.2985076904297,323.5811767578125,136.82203674316406,96.47770690917969,143.55477905273438,132.43690490722656,231.44117736816406,48.44219207763672,46.80521011352539,81.78265380859375
2023-10-13,176.46331787109375,320.229736328125,138.87701416015625,99.55863189697266,144.03228759765625,133.702880859375,232.31109619140625,48.515567779541016,45.32562255859375,81.78265380859375
2023-10-16,176.33505249023438,325.02728271484375,138.73629760742188,99.631103515625,144.65670776367188,134.9780731201172,234.65701293945312,49.01091003417969,45.957740783691406,83.10126495361328
2023-10-17,174.78599548339844,324.4606628417969,138.43601989746094,100.93596649169922,143.33438110351562,135.15365600585938,235.7615203857422,49.59797668457031,43.80717468261719,83.57633972167969
2023-10-18,173.49349975585938,322.55523681640625,136.91586303710938,102.34954833984375,140.2489776611328,138.63735961914062,232.1156005859375,49.57963180541992,42.070350646972656,82.10260772705078
2023-10-19,173.11854553222656,323.73760986328125,136.3341064453125,102.41299438476562,139.8725128173828,137.85720825195312,228.5381317138672,49.85482406616211,41.97563934326172,80.71612548828125
2023-10-20,170.57296752929688,319.1939697265625,134.13832092285156,100.6550521850586,140.4969024658203,137.67120361328125,228.11785888671875,50.05662155151367,41.263763427734375,80.1343994140625
2023-10-23,170.69142150878906,321.7833557128906,132.30853271484375,99.17803955078125,139.01844787597656,137.76419067382812,226.30955505371094,49.607154846191406,42.8470344543457,80.5707015991211
2023-10-24,171.12548828125,322.965576171875,132.46804809570312,98.21752166748047,138.87155151367188,139.3915252685547,229.35919189453125,51.038124084472656,43.532989501953125,80.04713439941406
2023-10-25,168.8167266845703,332.8736572265625,131.74551391601562,98.39872741699219,139.18377685546875,140.0424346923828,231.50958251953125,51.47842788696289,41.65458679199219,78.13709259033203
2023-10-26,164.6628875732422,320.3860778808594,132.08331298828125,97.50165557861328,136.8237762451172,139.2985382080078,226.06517028808594,51.16654586791992,40.2059211730957,77.35174560546875
2023-10-27,165.97520446777344,322.26214599609375,127.32583618164062,95.64405059814453,133.70167541503906,136.84359741210938,224.10049438476562,50.67121124267578,40.37940216064453,76.91544342041016
2023-10-30,168.01756286621094,329.5904541015625,128.94920349121094,95.94308471679688,135.0147705078125,138.79637145996094,227.82456970214844,51.505950927734375,41.0384407043457,78.22435760498047
2023-10-31,168.4911651611328,330.37213134765625,130.48814392089844,95.91590881347656,136.21771240234375,139.51239013671875,229.79905700683594,51.81782531738281,40.6585693359375,79.10665893554688
2023-11-01,171.64842224121094,338.1499938964844,130.37550354003906,95.7256088256836,136.53915405273438,139.12184143066406,233.20057678222656,51.77195739746094,42.198974609375,78.60248565673828
2023-11-02,175.2003936767578,340.3484802246094,132.70263671875,98.86994171142578,137.9624786376953,140.82357788085938,237.76527404785156,52.36819839477539,43.3764533996582,80.75492095947266
2023-11-03,174.29266357421875,344.7259521484375,134.1852264404297,97.66476440429688,138.97254943847656,139.5496063232422,238.107421875,52.047149658203125,44.87099075317383,82.4807357788086
2023-11-06,176.83822631835938,348.37060546875,135.19866943359375,95.93403625488281,139.3031768798828,140.35861206054688,237.99986267089844,52.25812911987305,45.614768981933594,81.46269989013672
2023-11-07,179.39369201660156,352.279052734375,135.13299560546875,94.42981719970703,138.5685272216797,140.03314208984375,239.2510223388672,52.45075607299805,45.818153381347656,82.01534271240234
2023-11-08,180.44943237304688,354.8879699707031,135.7992401123047,93.26993560791016,138.06350708007812,139.4938201904297,238.91796875,52.36819839477539,46.4353141784668,81.9280776977539
2023-11-09,179.97584533691406,352.4353942871094,135.39572143554688,93.29712677001953,135.3728790283203,139.8099822998047,236.69442749023438,51.973758697509766,46.8101921081543,87.59032440185547
2023-11-10,184.1548614501953,361.2099304199219,137.40379333496094,94.01298522949219,135.216796875,140.795654296875,240.2305450439453,52.02880859375,48.191070556640625,85.58334350585938
2023-11-13,182.5741424560547,358.288330078125,136.79391479492188,95.00069427490234,135.56576538085938,141.77206420898438,239.6623992919922,52.221435546875,48.475223541259766,86.71773529052734
2023-11-14,185.18234252929688,361.79608154296875,139.2899169921875,95.36646270751953,135.59329223632812,141.4558563232422,241.88595581054688,52.37737274169922,49.50814437866211,88.2981185913086
2023-11-15,185.74546813964844,361.9430847167969,140.50979614257812,94.79036712646484,136.64015197753906,140.804931640625,243.0320281982422,52.47827911376953,48.7424201965332,91.0710678100586
2023-11-16,187.42501831054688,368.3071594238281,142.11441040039062,93.69305419921875,137.8339080810547,142.11610412597656,243.4826202392578,52.42323303222656,49.33266067504883,91.63341522216797
2023-11-17,187.4052276611328,362.1192626953125,143.39993286132812,95.97914123535156,137.5492401123047,140.4794921875,244.4523468017578,52.52413558959961,49.151206970214844,91.28436279296875
2023-11-20,189.14405822753906,369.55059814453125,143.84095764160156,95.5584945678711,138.76182556152344,139.735595703125,244.8539276123047,52.652565002441406,50.25889205932617,92.13758850097656
2023-11-21,188.3437957763672,365.2719421386719,143.5406951904297,95.52192687988281,139.8818359375,139.12184143066406,247.0677032470703,53.23045349121094,49.79528045654297,91.57524871826172
2023-11-22,189.00572204589844,369.9520568847656,143.87847900390625,95.11042785644531,139.6041717529297,140.43299865722656,248.52720642089844,53.58819580078125,48.57093811035156,92.1763687133789
2023-11-24,187.6818389892578,369.540771484375,144.07553100585938,95.62250518798828,141.15919494628906,140.7677459716797,249.09532165527344,53.725791931152344,47.63374328613281,93.13624572753906
2023-11-27,187.50401306152344,370.69610595703125,143.74713134765625,95.064697265625,140.0299072265625,140.63755798339844,248.9385986328125,53.6248893737793,48.09834671020508,92.27332305908203
2023-11-28,188.106689453125,374.70062255859375,144.07553100585938,95.00984954833984,140.35389709472656,141.6139678955078,247.76318359375,53.73496627807617,47.6786003112793,89.6845932006836
2023-11-29,187.0890655517578,370.9311218261719,144.80747985839844,93.58331298828125,140.79823303222656,140.53529357910156,249.02676391601562,53.413917541503906,47.99665451049805,89.6845932006836
2023-11-30,187.662109375,370.9898986816406,146.45895385742188,93.94908142089844,143.1585693359375,142.75775146484375,251.4266357421875,54.033390045166016,46.6307373046875,89.86880493164062
2023-12-01,188.9365692138672,366.6818542480469,147.172119140625,94.17769622802734,146.60195922851562,141.95803833007812,251.2013397216797,54.21830749511719,46.62574768066406,89.76216125488281
2023-12-04,187.1483612060547,361.4241027832031,148.25123596191406,93.66561889648438,147.06475830078125,141.40008544921875,249.23245239257812,54.15359115600586,45.374481201171875,89.20951080322266
2023-12-05,191.09030151367188,364.7334289550781,148.23245239257812,91.84589385986328,146.75930786132812,136.47161865234375,249.39898681640625,54.23680114746094,46.431419372558594,88.02664184570312
2023-12-06,190.00355529785156,361.0912170410156,146.6748046875,90.62968444824219,144.97283935546875,136.36936950683594,249.08551025390625,54.18132400512695,45.371490478515625,88.71502685546875
2023-12-07,191.93006896972656,363.19622802734375,147.125244140625,89.99874114990234,143.84352111816406,136.2298583984375,250.58421325683594,54.3107795715332,46.46133804321289,89.5391616821289
2023-12-08,193.35272216796875,366.40771484375,148.7485809326172,91.03205108642578,142.9364471435547,134.9745330810547,250.505859375,54.190574645996094,47.36870574951172,90.28815460205078
2023-12-11,190.85317993164062,363.5389404296875,149.29281616210938,91.09606170654297,143.52883911132812,135.59751892089844,251.26983642578125,54.588157653808594,46.492244720458984,89.68507385253906
2023-12-12,192.36476135253906,366.5545654296875,150.62530517578125,89.6603775024414,143.53810119628906,135.70913696289062,254.2476348876953,54.93949508666992,47.51926803588867,88.58589172363281
2023-12-13,195.57565307617188,366.54473876953125,151.1320037841797,90.45594787597656,144.20455932617188,138.16404724121094,257.0099792480469,55.41104507446289,47.94902801513672,90.29788970947266
2023-12-14,195.72381591796875,358.2811584472656,153.88140869140625,92.88834381103516,145.2042236328125,134.5188446044922,253.4346466064453,54.588157653808594,48.21026611328125,91.37760925292969
2023-12-15,195.19032287597656,362.9808654785156,155.04495239257812,92.26654052734375,143.62142944335938,133.867919921875,252.74900817871094,54.18132400512695,48.74870300292969,90.91069793701172
2023-12-18,193.53054809570312,364.8607177734375,155.9833221435547,92.95236206054688,143.88058471679688,135.92298889160156,253.08200073242188,54.56965637207031,49.932273864746094,90.32705688476562
2023-12-19,194.56788635253906,365.4580078125,158.06646728515625,94.17769622802734,144.82472229003906,135.92298889160156,254.6688690185547,54.393985748291016,49.46064376831055,91.36788177490234
2023-12-20,192.48333740234375,362.8731384277344,156.28359985351562,92.6048812866211,141.87197875976562,133.82142639160156,251.8478240966797,53.26597595214844,47.971954345703125,88.78044128417969
2023-12-21,192.33509826660156,365.7321472167969,157.17503356933594,93.02552032470703,143.3251953125,134.1468963623047,254.2280731201172,53.61732864379883,48.84841537475586,89.50997161865234
2023-12-22,191.2681427001953,366.7503356933594,157.08119201660156,93.19010162353516,143.89907836914062,135.0954132080078,253.14076232910156,53.92243194580078,48.688873291015625,88.5372543334961
2023-12-26,190.7247772216797,366.82867431640625,158.01016235351562,93.40043640136719,144.52853393554688,135.70913696289062,253.8558349609375,54.14434051513672,49.13658142089844,88.46916961669922
2023-12-27,190.82354736328125,366.2510681152344,158.95791625976562,92.96150207519531,144.72288513183594,135.82070922851562,253.63055419921875,54.28303909301758,49.2741813659668,87.91471099853516
2023-12-28,191.2483673095703,367.43572998046875,159.80242919921875,91.6172866821289,144.93577575683594,135.51385498046875,255.0705108642578,54.32001495361328,49.37887954711914,87.93415832519531
2023-12-29,190.2110137939453,368.1798400878906,159.61477661132812,91.42523956298828,145.0839080810547,136.26705932617188,255.0215606689453,54.486446380615234,49.37887954711914,87.82716369628906
2024-01-02,183.40402221679688,363.1178894042969,161.4727020263672,93.60159301757812,148.07369995117188,138.31285095214844,253.57180786132812,55.3093376159668,48.02879333496094,88.23571014404297
2024-01-03,182.03076171875,362.8536071777344,160.76893615722656,94.38801574707031,148.9993438720703,137.47592163085938,252.7000274658203,55.438777923583984,47.4315185546875,89.15007019042969
2024-01-04,179.71893310546875,360.2491455078125,161.83583068847656,93.56502532958984,148.6846160888672,138.22914123535156,254.29661560058594,55.25386047363281,47.859283447265625,88.08979797363281
2024-01-05,178.99774169921875,360.06317138671875,162.64779663085938,93.8485107421875,149.1474151611328,137.08535766601562,254.37503051757812,55.17064666748047,48.95511245727539,88.4205322265625
2024-01-08,183.32498168945312,366.858154296875,162.41175842285156,92.28480529785156,149.51766967773438,138.26634216308594,257.1666564941406,55.57746887207031,52.101993560791016,89.05279541015625
2024-01-09,182.9100341796875,367.9350891113281,161.12770080566406,91.14176940917969,149.61024475097656,138.8335723876953,257.9405212402344,55.47576141357422,52.986427307128906,87.22408294677734
2024-01-10,183.94740295410156,374.7691650390625,161.4676055908203,90.2456283569336,149.8323974609375,139.4287109375,259.14532470703125,55.66067886352539,54.192928314208984,86.85444641113281
2024-01-11,183.3546142578125,376.5903015136719,160.787841796875,90.22734069824219,149.16592407226562,139.95875549316406,258.6260681152344,55.300086975097656,54.6635627746582,87.01007080078125
2024-01-12,183.68063354492188,380.35003662109375,159.607666015625,91.39781951904297,150.313720703125,140.0424346923828,258.7633361816406,55.83635330200195,54.551883697509766,87.88552856445312
2024-01-16,181.41824340820312,382.1124267578125,158.6068572998047,89.33119201660156,148.582763671875,139.28921508789062,259.8114318847656,55.46652603149414,56.21905517578125,90.51189422607422
2024-01-17,180.47962951660156,381.32916259765625,157.7571258544922,88.68193817138672,148.4994659423828,139.4287109375,261.1730041503906,55.46652603149414,55.89101028442383,87.87579345703125
2024-01-18,186.35800170898438,385.6371765136719,158.06869506835938,88.5173568725586,149.22149658203125,138.62490844726562,262.652099609375,55.62369918823242,56.941951751708984,89.6948013305664
2024-01-19,189.25270080566406,390.3368835449219,160.79727172851562,88.65449523925781,149.65652465820312,138.0915069580078,265.3555908203125,55.318580627441406,59.319068908691406,90.52161407470703
2024-01-22,191.55462646484375,388.2220153808594,160.60842895507812,88.53564453125,150.3877716064453,138.36285400390625,265.64947509765625,55.07818603515625,59.48159408569336,92.48651885986328
2024-01-23,192.82911682128906,390.5620422363281,159.55099487304688,89.53237915039062,147.9255828857422,144.08978271484375,265.708251953125,55.33706283569336,59.69996643066406,91.21224212646484
2024-01-24,192.15728759765625,394.1455383300781,160.97665405273438,91.07776641845703,147.13880920410156,142.3492431640625,266.0902404785156,54.46794891357422,61.18466567993164,90.9496078491211
2024-01-25,191.83126831054688,396.40728759765625,163.2803955078125,93.39128112792969,147.69418334960938,145.6244354248047,267.03057861328125,54.6990966796875,61.43891906738281,92.27251434326172
2024-01-26,190.10235595703125,395.4869384765625,162.6572265625,94.18682861328125,147.638671875,146.1110382080078,262.4562072753906,54.89326477050781,60.8546142578125,92.75886535644531
2024-01-29,189.42066955566406,401.1558837890625,163.08206176757812,94.30571746826172,147.50904846191406,146.1297607421875,268.0590515136719,55.22612762451172,62.28447723388672,94.83077239990234
2024-01-30,185.7751007080078,400.0494689941406,166.42440795898438,95.8785400390625,146.9629669189453,147.37432861328125,271.4776611328125,55.38330078125,62.59257125854492,94.2957763671875
2024-01-31,182.17897033691406,389.26959228515625,164.62106323242188,94.01309967041016,147.08328247070312,147.0467987060547,267.6672668457031,55.004215240478516,61.34918975830078,93.4300537109375
2024-02-01,184.60931396484375,395.3400573730469,164.0262451171875,93.62904357910156,146.58343505859375,148.95578002929688,271.3797302246094,56.381866455078125,62.8448486328125,94.4124984741211
2024-02-02,183.61148071289062,402.62451171875,164.97039794921875,93.24497985839844,144.96356201171875,147.935791015625,271.5069885253906,55.975040435791016,65.96880340576172,94.4805908203125
2024-02-05,185.41943359375,397.1709289550781,164.75323486328125,92.86091613769531,144.2138214111328,148.04806518554688,269.93975830078125,55.51274108886719,69.13163757324219,94.01368713378906
2024-02-06,187.01991271972656,397.0142517089844,165.31971740722656,93.50102996826172,146.3057403564453,148.74990844726562,271.09564208984375,55.420284271240234,68.02583312988281,96.58167266845703
2024-02-07,187.1285858154297,405.39532470703125,165.6312713623047,93.47358703613281,146.231689453125,148.89964294433594,273.671875,55.46652603149414,69.89640808105469,96.4357681274414
2024-02-08,186.05172729492188,405.4541320800781,165.03646850585938,95.07383728027344,144.7692108154297,148.45046997070312,270.6394348144531,55.318580627441406,69.43972778320312,107.52481079101562
2024-02-09,186.81344604492188,411.7594299316406,165.23472595214844,93.06208801269531,145.10240173339844,147.30880737304688,271.2773132324219,55.06894302368164,71.92452239990234,105.43346405029297
2024-02-12,185.13174438476562,406.58013916015625,165.97117614746094,94.34230041503906,146.11135864257812,147.01873779296875,269.94268798828125,55.19837951660156,72.0391845703125,106.30890655517578
2024-02-13,183.0444793701172,397.826904296875,164.5266571044922,93.53012084960938,144.83396911621094,146.23269653320312,270.66888427734375,54.874778747558594,71.9195556640625,107.44699096679688
2024-02-14,182.16409301757812,401.672119140625,166.19776916503906,93.06863403320312,144.1582794189453,145.63380432128906,272.38623046875,54.819297790527344,73.68641662597656,108.51698303222656
2024-02-15,181.87722778320312,398.79803466796875,169.82327270507812,95.7359390258789,146.17613220214844,146.9251708984375,275.7424621582031,54.9210090637207,72.44801330566406,109.38270568847656
2024-02-16,180.34396362304688,396.3457946777344,169.03021240234375,95.7359390258789,146.0082550048828,147.39303588867188,273.3675842285156,54.91176223754883,72.40314483642578,108.55589294433594
2024-02-20,179.60206604003906,395.1000061035156,169.6911163330078,94.83145141601562,147.23004150390625,148.32882690429688,270.0211181640625,56.12297821044922,69.25127410888672,106.45481872558594
2024-02-21,180.35385131835938,394.50164794921875,170.79576110839844,96.76960754394531,147.994873046875,150.09739685058594,271.6011657714844,56.62226867675781,67.2770004272461,104.73309326171875
2024-02-22,182.3817138671875,403.79083251953125,172.84458923339844,96.6865463256836,149.64564514160156,150.2471466064453,278.4608154296875,56.5390510559082,78.31102752685547,104.70390319824219
2024-02-23,180.5517120361328,402.5058898925781,173.7131805419922,95.83744812011719,150.9420623779297,150.6869659423828,278.3136291503906,56.58528137207031,78.58921813964844,104.80117797851562
2024-02-26,179.2063446044922,399.75933837890625,173.11834716796875,96.21585083007812,149.96273803710938,149.928955078125,278.8534240722656,56.13222122192383,78.86344146728516,104.7428207397461
2024-02-27,180.66050720214844,399.7004699707031,173.20333862304688,96.01278686523438,150.1399688720703,149.0680694580078,277.8916931152344,55.79012680053711,78.4735336303711,106.43535614013672
2024-02-28,179.46353149414062,399.93585205078125,174.08140563964844,96.28046417236328,150.6715850830078,149.76988220214844,280.3058166503906,55.84560775756836,77.43855285644531,107.77771759033203
2024-02-29,178.80079650878906,405.7428894042969,175.66754150390625,96.46503448486328,150.51300048828125,148.73118591308594,277.3715515136719,55.49425506591797,78.88335418701172,108.53643798828125
2024-03-01,177.7225341796875,407.5673828125,174.9405517578125,97.68331909179688,151.2032012939453,148.64698791503906,277.8818359375,55.04119873046875,82.04119873046875,108.89635467529297
2024-03-04,173.21170043945312,406.9985046386719,176.25289916992188,96.31736755371094,149.07672119140625,149.31138610839844,275.3009033203125,55.300086975097656,84.99065399169922,110.5888900756836
2024-03-05,168.28538513183594,394.962646484375,178.01846313476562,97.49872589111328,149.19798278808594,149.08677673339844,274.1722717285156,55.031959533691406,85.7195816040039,109.79124450683594
2024-03-06,167.2961883544922,394.41339111328125,178.94369506835938,98.54164123535156,148.61038208007812,149.32073974609375,275.20269775390625,55.0596923828125,88.44779968261719,107.05789947509766
2024-03-07,167.17750549316406,401.32879638671875,177.37644958496094,99.09541320800781,148.1720428466797,150.30328369140625,273.07318115234375,54.95798873901367,92.405517578125,107.17462921142578
2024-03-08,168.88882446289062,398.46453857421875,177.70689392089844,100.0275650024414,148.77828979492188,150.05064392089844,274.82000732421875,55.031959533691406,87.27912902832031,107.3108139038086
2024-03-11,170.88706970214844,396.7969970703125,177.77297973632812,100.61824798583984,150.3731231689453,151.17355346679688,275.3302917480469,55.69766616821289,85.53012084960938,109.24653625488281
2024-03-12,171.36187744140625,407.35150146484375,179.23641967773438,99.9721908569336,151.7814483642578,151.5291290283203,278.62774658203125,55.938053131103516,91.65165710449219,109.39244842529297
2024-03-13,169.2845001220703,407.1750183105469,180.69041442871094,101.08893585205078,150.25189208984375,151.87538146972656,279.8249816894531,56.51131057739258,90.62958526611328,109.43135070800781
2024-03-14,171.13436889648438,417.10174560546875,177.47085571289062,102.87943267822266,148.48916625976562,151.12677001953125,281.07135009765625,56.3854866027832,87.69396209716797,109.00334930419922
2024-03-15,170.7584228515625,408.46978759765625,179.6707305908203,102.69486236572266,147.52850341796875,151.01449584960938,277.76409912109375,55.80765914916992,87.5872573852539,108.89635467529297
2024-03-18,171.84657287597656,409.3525695800781,181.89891052246094,103.64547729492188,146.20411682128906,150.8553924560547,279.736572265625,56.040653228759766,88.20349884033203,110.74452209472656
2024-03-19,174.18113708496094,413.3644714355469,182.96578979492188,104.37458801269531,145.691162109375,151.43557739257812,281.99371337890625,56.133853912353516,89.14381408691406,111.38652801513672
2024-03-20,176.7432098388672,417.1116027832031,185.3638916015625,104.28230285644531,145.27146911621094,151.58529663085938,283.8878173828125,56.61848831176758,90.11505126953125,113.2833251953125
2024-03-21,169.52191162109375,421.17254638671875,187.94142150878906,104.74375915527344,145.2621307373047,151.46363830566406,284.9574279785156,56.35753631591797,91.17501831054688,113.51678466796875
2024-03-22,170.42210388183594,420.5545654296875,185.6376953125,104.74375915527344,144.7771453857422,151.27650451660156,277.9800109863281,56.37617492675781,94.02091979980469,112.70943450927734
2024-03-25,169.00755310058594,414.7868347167969,183.93826293945312,105.81436920166016,144.76783752441406,149.90090942382812,275.9681701660156,56.292301177978516,94.73188018798828,116.10423278808594
2024-03-26,167.8798370361328,413.59991455078125,184.7974090576172,105.02063751220703,145.2808074951172,150.23777770996094,275.36956787109375,56.42277145385742,92.29780578613281,116.65868377685547
2024-03-27,171.44100952148438,413.3841247558594,188.37574768066406,106.10968780517578,147.32330322265625,152.16543579101562,273.8190612792969,56.87944412231445,89.99339294433594,117.68004608154297
2024-03-28,169.63070678710938,412.6876525878906,189.11215209960938,107.28182220458984,147.537841796875,151.82858276367188,273.8778991699219,57.01924514770508,90.09910583496094,119.02239227294922
2024-04-01,168.19639587402344,416.4642028808594,187.82810974121094,107.97402954101562,147.1554412841797,150.26585388183594,273.09283447265625,56.553245544433594,90.1060791015625,118.21504211425781
2024-04-02,167.0192108154297,413.3940124511719,187.75259399414062,110.08753967285156,147.10879516601562,150.25650024414062,273.2498474121094,56.059295654296875,89.19766998291016,119.4698486328125
2024-04-03,167.82049560546875,412.4228820800781,187.22389221191406,110.10601806640625,143.87245178222656,146.12037658691406,271.7973937988281,55.76105880737305,88.71105194091797,115.73458862304688
2024-04-04,166.99945068359375,409.9019470214844,185.79937744140625,110.49363708496094,142.23098754882812,145.46534729003906,268.8926086425781,55.26710510253906,85.66075134277344,113.8961410522461
2024-04-05,167.75125122070312,417.3960876464844,187.50877380371094,112.0164794921875,142.12838745117188,146.07362365722656,271.97406005859375,55.46281433105469,87.75777435302734,115.15095520019531
2024-04-08,166.6334228515625,416.48382568359375,188.48690795898438,111.25967407226562,141.3822479248047,146.0174560546875,272.5824890136719,55.23914337158203,86.88525390625,114.1490478515625
2024-04-09,167.84024047851562,418.14154052734375,187.223876953125,111.84112548828125,142.03512573242188,146.59762573242188,271.5618591308594,55.658538818359375,85.11131286621094,114.75215148925781
2024-04-10,165.97064208984375,415.1792297363281,185.62843322753906,112.78251647949219,140.0858612060547,147.14036560058594,269.3636169433594,54.912940979003906,86.79153442382812,113.99342346191406
2024-04-11,173.15234375,419.760009765625,185.59043884277344,112.40411376953125,138.77081298828125,145.83030700683594,270.5412292480469,55.03410339355469,90.35835266113281,113.95451354980469
2024-04-12,174.64608764648438,413.84515380859375,173.58685302734375,111.09354400634766,137.58633422851562,145.3531036376953,270.8160400390625,54.31646728515625,87.93525695800781,110.90016174316406
2024-04-15,170.8276824951172,405.7428894042969,173.68182373046875,110.45672607421875,137.651611328125,145.46534729003906,266.2232971191406,54.18598937988281,85.75646209716797,109.86907196044922
2024-04-16,167.55340576171875,406.66485595703125,171.69708251953125,109.54300689697266,134.72305297851562,145.9332733154297,266.2919616699219,54.11143493652344,87.16645050048828,110.7737045288086
2024-04-17,166.1882781982422,403.97723388671875,171.01332092285156,109.4876480102539,135.02149963378906,146.8783721923828,267.6070556640625,54.530826568603516,83.79607391357422,109.85934448242188
2024-04-18,165.2386474609375,396.5517272949219,172.1243896484375,109.38611602783203,135.92617797851562,148.13755798339844,266.3116149902344,54.903621673583984,84.43025207519531,109.36325073242188
2024-04-19,163.2206268310547,391.5001220703125,176.44534301757812,110.64130401611328,137.95004272460938,148.93812561035156,264.7513122558594,56.07793426513672,75.98335266113281,109.53834533691406
2024-04-22,164.05157470703125,393.3049011230469,179.87355041503906,111.26889038085938,139.07858276367188,151.19845581054688,267.2536926269531,56.43208694458008,79.29190063476562,108.93526458740234
2024-04-23,165.10012817382812,399.7887878417969,182.4661102294922,111.70269012451172,139.4889678955078,152.1026153564453,269.0005187988281,56.515968322753906,82.18864440917969,110.60833740234375
2024-04-24,167.19725036621094,401.2503356933594,183.3588104248047,111.72113800048828,138.5283203125,153.1385955810547,269.8935852050781,57.36408233642578,79.45045471191406,110.8126220703125
2024-04-25,168.05792236328125,391.4216003417969,183.63417053222656,111.97956085205078,136.9334716796875,153.0915069580078,270.0309753417969,57.541160583496094,82.39706420898438,109.69397735595703
2024-04-26,167.4742889404297,398.5626525878906,183.7481689453125,108.86927795410156,136.29925537109375,151.90481567382812,269.4029541015625,57.541160583496094,87.48555755615234,109.65508270263672
2024-04-29,171.6289520263672,394.5703430175781,183.54873657226562,110.41980743408203,136.9334716796875,152.2532958984375,266.7728576660156,57.82075881958008,87.50748443603516,109.0228042602539
2024-04-30,168.49317932128906,381.8970031738281,182.0862579345703,109.15538024902344,134.85360717773438,153.70367431640625,263.6030578613281,57.569114685058594,86.15633392333984,108.06954193115234
2024-05-01,167.4742889404297,387.39990234375,182.20022583007812,107.0880126953125,140.99986267089844,153.89202880859375,262.3371276855469,57.718238830566406,82.80488586425781,107.46644592285156
2024-05-02,171.16404724121094,390.24456787109375,182.01026916503906,107.28182220458984,139.82473754882812,154.3064422607422,262.6217041015625,57.7741584777832,85.572998046875,109.5480728149414
2024-05-03,181.4024200439453,398.8960876464844,180.91819763183594,107.0603256225586,139.21849060058594,154.89035034179688,263.4852600097656,57.941917419433594,88.53655242919922,110.5597152709961
2024-05-06,179.7504425048828,405.6447448730469,182.33316040039062,107.75253295898438,138.57496643066406,154.8715362548828,267.58740234375,58.109676361083984,91.87802124023438,113.29306030273438
2024-05-07,180.4329833984375,401.52496337890625,182.0957489013672,107.21722412109375,138.7055206298828,156.11471557617188,271.3067321777344,58.36131286621094,90.2965316772461,102.5152816772461
2024-05-08,180.76931762695312,402.7020568847656,185.79937744140625,107.19876861572266,138.9200439453125,155.46487426757812,272.0230712890625,58.57566833496094,90.15493774414062,102.56392669677734
2024-05-09,182.57957458496094,404.4480895996094,187.5562744140625,109.3122787475586,139.7594451904297,156.37843322753906,273.34796142578125,58.6036376953125,88.49466705322266,102.91410827636719
2024-05-10,181.32159423828125,406.8218994140625,188.76229858398438,108.86927795410156,139.81539916992188,157.1412811279297,275.5069580078125,58.957786560058594,89.6224594116211,102.90438079833984
2024-05-13,184.52105712890625,405.82135009765625,188.72433471679688,108.82312774658203,141.0371856689453,156.2183074951172,274.18218994140625,59.25602722167969,90.1419677734375,102.94329071044922
2024-05-14,185.66021728515625,408.60711669921875,191.36434936523438,109.48373413085938,141.18641662597656,156.11471557617188,272.5628662109375,58.80867385864258,91.09626007080078,102.47637176513672
2024-05-15,187.92861938476562,415.7511291503906,191.9341583251953,110.3304214477539,142.3895263671875,156.82106018066406,276.2528076171875,58.836631774902344,94.36094665527344,99.96675109863281
2024-05-16,188.0474395751953,413.6974182128906,192.27603149414062,109.6698226928711,143.89111328125,158.09251403808594,275.1319580078125,59.013710021972656,94.09071350097656,100.5503921508789
2024-05-17,188.0771484375,412.9308776855469,194.47921752929688,111.31668853759766,144.22686767578125,157.8853302001953,275.38763427734375,58.743431091308594,92.21604919433594,100.43365478515625
2024-05-20,189.23611450195312,417.9720458984375,185.73291015625,110.41415405273438,142.2242431640625,157.5745086669922,273.8538818359375,58.31471252441406,94.51051330566406,100.09320831298828
2024-05-21,190.53378295898438,421.60797119140625,189.4745635986328,109.65120697021484,142.196044921875,158.5540313720703,271.3074645996094,58.63158416748047,95.11478424072266,100.20020294189453
2024-05-22,189.09742736816406,423.06231689453125,188.32545471191406,107.44609069824219,144.32090759277344,158.04542541503906,270.9436340332031,58.7154655456543,94.6800308227539,100.20993041992188
2024-05-23,185.1154022216797,419.6033020019531,187.00546264648438,105.61314392089844,140.74813842773438,155.8604278564453,269.6163024902344,57.86736297607422,103.50386810302734,97.914306640625
2024-05-24,188.1861114501953,422.7085266113281,190.60464477539062,105.52940368652344,138.181396484375,155.70973205566406,269.8720397949219,57.78348159790039,106.16629028320312,98.98429870605469
2024-05-28,188.19606018066406,422.86578369140625,189.45555114746094,106.86921691894531,135.74624633789062,153.61891174316406,266.42108154296875,57.615718841552734,113.57713317871094,99.645751953125
2024-05-29,188.49322509765625,421.7357177734375,188.1355438232422,105.72480010986328,135.8026885986328,152.24388122558594,264.3367004394531,57.50388717651367,114.4985122680664,98.12831115722656
2024-05-30,189.48374938964844,407.48687744140625,189.29412841796875,106.05974578857422,136.5924530029297,153.1197509765625,266.7356262207031,57.755523681640625,110.18580627441406,98.92594146728516
2024-05-31,190.43470764160156,407.93890380859375,192.42796325683594,109.10224914550781,137.89932250976562,154.9656982421875,267.8760986328125,58.65023422241211,109.3212890625,101.0756607055664
2024-06-03,192.19789123535156,406.3568115234375,191.6587677001953,106.48774719238281,138.9053497314453,155.06930541992188,265.83111572265625,58.65023422241211,114.67301177978516,99.96675109863281
2024-06-04,192.514892578125,408.8626708984375,189.13267517089844,104.83158111572266,138.96173095703125,157.29197692871094,267.8367919921875,59.5915412902832,116.1059341430664,100.511474609375
2024-06-05,194.0205078125,416.66510009765625,187.32835388183594,105.25028228759766,137.24119567871094,156.38784790039062,269.8818359375,59.57290267944336,122.09186553955078,98.73139190673828
2024-06-06,192.64364624023438,417.1662292480469,186.9959716796875,106.04115295410156,137.66427612304688,158.6670379638672,272.37908935546875,59.78726577758789,120.65397644042969,98.44930267333984
2024-06-07,195.03089904785156,416.5078430175781,189.8828887939453,104.90602111816406,138.28482055664062,157.3390655517578,273.9816589355469,59.56357955932617,120.54428100585938,98.77030944824219
2024-06-10,191.29649353027344,420.4582214355469,189.56002807617188,105.21306610107422,138.33181762695312,157.6122283935547,270.4127502441406,59.265342712402344,121.44371795654297,99.93756866455078
2024-06-11,205.19403076171875,425.18487548828125,184.5743408203125,104.36636352539062,137.98394775390625,157.734619140625,270.04901123046875,59.228065490722656,120.57612609863281,98.11858367919922
2024-06-12,211.05812072753906,433.41973876953125,181.8868408203125,103.21263122558594,136.71466064453125,155.56846618652344,265.77215576171875,58.6036376953125,124.8542709350586,98.05048370361328
2024-06-13,212.217041015625,433.9307556152344,183.9095916748047,102.38455200195312,136.7522735595703,156.7268829345703,266.62750244140625,58.70615768432617,129.2520751953125,97.35984802246094
2024-06-14,210.48361206054688,434.90362548828125,184.02357482910156,101.51924133300781,136.83688354492188,157.08477783203125,266.10638427734375,58.748409271240234,131.51583862304688,97.24312591552734
2024-06-17,214.62413024902344,440.60308837890625,185.16314697265625,100.82142639160156,137.2223663330078,157.7534637451172,266.6078796386719,58.81415557861328,130.61830139160156,98.75084686279297
2024-06-18,212.26658630371094,438.6082458496094,187.0814208984375,101.77046966552734,136.94032287597656,158.75181579589844,269.0166320800781,58.82355499267578,135.2056121826172,98.73139190673828
2024-06-20,207.70013427734375,437.9793701171875,188.66734313964844,103.96627044677734,138.94293212890625,157.91358947753906,272.1628112792969,58.400901794433594,130.4188690185547,99.06211853027344
2024-06-21,205.53082275390625,441.98870849609375,186.41668701171875,103.05447387695312,139.8549346923828,158.46923828125,270.5896911621094,58.955047607421875,126.22049713134766,99.48039245605469
2024-06-24,206.17465209960938,439.91522216796875,188.86679077148438,106.1155776977539,140.20281982421875,158.64816284179688,271.6515197753906,60.08210754394531,117.78384399414062,99.19829559326172
2024-06-25,207.0959014892578,443.138427734375,188.09759521484375,106.41331481933594,138.38824462890625,157.1412811279297,268.9281311035156,59.96001052856445,125.74180603027344,99.41230010986328
2024-06-26,211.2364044189453,444.3274841308594,187.48976135253906,106.4505386352539,138.0403594970703,157.7063751220703,268.9969787597656,60.15725326538086,126.05096435546875,99.3928451538086
2024-06-27,212.07839965820312,445.0055236816406,189.1421661376953,106.90644073486328,137.0813751220703,156.92466735839844,262.10491943359375,60.025753021240234,123.64762878417969,99.38311767578125
2024-06-28,208.63124084472656,439.20770263671875,192.07659912109375,107.11112976074219,137.4198455810547,155.32357788085938,258.05419921875,59.781558990478516,123.19886779785156,96.58167266845703
2024-07-01,214.703369140625,448.8182678222656,195.10598754882812,106.96227264404297,137.68307495117188,153.25160217285156,258.811279296875,59.434051513671875,123.95675659179688,95.36577606201172
2024-07-02,218.1901397705078,451.3241271972656,198.3158416748047,106.23652648925781,137.297607421875,154.36293029785156,263.71734619140625,59.311946868896484,122.33126068115234,95.31713104248047
2024-07-03,219.4580535888672,452.78826904296875,198.182861328125,106.77618408203125,136.97792053222656,154.29702758789062,264.4645080566406,59.481014251708984,127.92577362060547,95.92021942138672
2024-07-05,224.2028045654297,459.460693359375,195.5568389892578,105.48289489746094,137.720703125,155.5967254638672,265.81146240234375,59.88487243652344,125.48253631591797,95.31713104248047
2024-07-08,225.66885375976562,458.1635437011719,195.91970825195312,104.37566375732422,136.78048706054688,156.83050537109375,261.9180603027344,59.13349151611328,127.84597778320312,95.15101623535156
2024-07-09,226.52072143554688,451.57958984375,198.268798828125,103.22193145751953,138.256591796875,156.0205535888672,260.9742736816406,58.879905700683594,131.01719665527344,94.83831024169922
2024-07-10,230.7801055908203,458.1733703613281,198.43113708496094,104.13375854492188,140.49427795410156,157.09420776367188,258.5752868652344,59.01139831542969,134.53746032714844,94.76012420654297
2024-07-11,225.4212188720703,446.8234558105469,198.096923828125,105.37123107910156,140.74813842773438,155.9075164794922,258.1329040527344,59.26498794555664,127.0481948852539,94.39855194091797
2024-07-12,228.3631591796875,445.6933898925781,195.70010375976562,105.38983917236328,140.9173583984375,156.91526794433594,261.2691650390625,59.82852554321289,128.8831329345703,94.91647338867188
2024-07-15,232.18670654296875,446.0962829589844,200.57968139648438,107.19487762451172,140.31565856933594,155.00338745117188,263.9336853027344,59.556148529052734,128.0853271484375,94.66239929199219
2024-07-16,232.60276794433594,441.7331848144531,203.98875427246094,107.96712493896484,141.9797821044922,157.23545837402344,264.7201843261719,60.36387252807617,126.01107025146484,96.22594451904297
2024-07-17,226.71885681152344,435.8370666503906,207.09219360351562,109.45581817626953,147.21670532226562,159.58058166503906,268.112060546875,61.24674606323242,117.66417694091797,95.09237670898438
2024-07-18,222.0631866455078,432.7417297363281,200.51284790039062,110.5351333618164,146.12606811523438,158.63877868652344,264.6217956542969,61.227970123291016,120.75562286376953,94.58423614501953
2024-07-19,222.19198608398438,429.5381774902344,200.32188415527344,107.99504089355469,145.43972778320312,159.1381072998047,260.9938659667969,61.3218879699707,117.60435485839844,93.55815887451172
2024-07-22,221.84530639648438,435.26715087890625,200.79931640625,107.25070190429688,145.0166473388672,159.41287231445312,263.2060241699219,60.8334846496582,123.19886779785156,91.98484802246094
2024-07-23,222.88539123535156,437.1440734863281,200.84707641601562,105.52011108398438,143.23965454101562,157.8684844970703,260.3352355957031,61.01194381713867,122.25147247314453,88.86754608154297
2024-07-24,216.47645568847656,421.4703674316406,199.18551635742188,107.0087890625,146.93466186523438,159.17601013183594,249.89382934570312,61.81028366088867,113.93451690673828,87.75352478027344
2024-07-25,215.43638610839844,411.15228271484375,199.2618865966797,109.26042175292969,150.09375,158.13375854492188,249.4711151123047,62.05448532104492,111.96995544433594,87.17697143554688
2024-07-26,215.90196228027344,417.90325927734375,202.6709747314453,109.1673812866211,151.03392028808594,160.22769165039062,255.0948944091797,62.974918365478516,112.74778747558594,87.88056182861328
2024-07-29,216.17929077148438,419.3379821777344,201.34365844726562,108.02295684814453,149.07830810546875,161.00462341308594,257.1988525390625,62.768280029296875,111.2818603515625,90.04019927978516
2024-07-30,216.73399353027344,415.5939636230469,205.48797607421875,109.94894409179688,151.68267822265625,153.2069091796875,258.67364501953125,63.56663513183594,103.44356536865234,91.652587890625
2024-07-31,219.98304748535156,411.1031799316406,203.2056884765625,110.33973693847656,148.41078186035156,152.3162384033203,261.2004089355469,62.68376159667969,116.69685363769531,91.55487060546875
2024-08-01,216.2981414794922,409.8845520019531,198.58392333984375,108.81382751464844,151.14674377441406,156.9873504638672,261.45599365234375,63.82961654663086,108.90843200683594,90.9294662475586
2024-08-02,217.78399658203125,401.4139099121094,190.1615753173828,108.7486801147461,154.3246307373047,161.1467742919922,262.0950012207031,65.1163558959961,106.97378540039062,87.52876281738281
2024-08-05,207.2940216064453,388.3050231933594,186.11273193359375,106.78548431396484,151.60745239257812,159.23284912109375,252.1256866455078,63.961090087890625,100.17262268066406,85.77955627441406
2024-08-06,205.2732391357422,392.687744140625,191.30746459960938,106.21792602539062,149.4637908935547,159.26126098632812,253.9150390625,63.91413879394531,103.96212768554688,87.91964721679688
2024-08-07,207.8388214111328,391.52813720703125,191.36476135253906,107.6321792602539,149.3979949951172,161.08990478515625,252.20428466796875,64.2992172241211,98.63687133789062,84.00102996826172
2024-08-08,211.29583740234375,395.7144470214844,194.85977172851562,109.68842315673828,150.63906860351562,161.89524841308594,255.4586181640625,64.55281829833984,104.68013000488281,84.00102996826172
2024-08-09,214.1981964111328,398.9867248535156,196.5213165283203,110.5816421508789,151.01515197753906,161.5825958251953,255.90196228027344,64.50585174560547,104.46074676513672,84.2453384399414
2024-08-12,215.72543334960938,399.7630615234375,196.89373779296875,110.72119903564453,150.31939697265625,158.04847717285156,256.0299987792969,64.02685546875,108.71896362304688,83.99125671386719
2024-08-13,219.43441772460938,406.8383483886719,198.56483459472656,109.6605224609375,148.91848754882812,158.50331115722656,256.2664794921875,64.2992172241211,115.81929016113281,83.64923095703125
2024-08-14,219.88064575195312,409.63897705078125,200.76113891601562,110.67467498779297,149.0030975341797,159.93399047851562,257.261474609375,64.41193389892578,117.75393676757812,84.33329010009766
2024-08-15,222.85577392578125,414.4824523925781,202.01206970214844,111.35936737060547,149.57662963867188,159.10018920898438,262.8373718261719,64.4776840209961,122.52073669433594,86.76654052734375
2024-08-16,224.1747283935547,411.9622497558594,204.32296752929688,110.8341293334961,149.85870361328125,159.07177734375,263.40875244140625,64.97547149658203,124.23597717285156,87.2649154663086
2024-08-19,224.0160675048828,414.9746398925781,205.73622131347656,111.1717758178711,150.0843505859375,159.57394409179688,262.51226806640625,64.7876205444336,129.6410369873047,88.75027465820312
2024-08-20,224.6309051513672,418.19378662109375,204.84815979003906,107.46700286865234,150.5826416015625,161.4594268798828,264.0589294433594,65.1633071899414,126.89862060546875,87.69489288330078
2024-08-21,224.5218048095703,417.5440673828125,204.92457580566406,106.78231811523438,151.77670288085938,161.22254943847656,264.2165832519531,65.34176635742188,128.14515686035156,88.65254974365234
2024-08-22,222.66734313964844,409.0876159667969,206.863037109375,107.6076889038086,152.64170837402344,161.21307373046875,263.96044921875,65.1163558959961,123.39830780029297,87.87079620361328
2024-08-23,224.95819091796875,410.3083801269531,208.46730041503906,109.0989761352539,154.31521606445312,160.2845458984375,263.4678649902344,65.54838562011719,129.0127410888672,88.49620056152344
2024-08-26,225.29534912109375,407.0596618652344,209.2884979248047,111.43438720703125,154.7665252685547,161.40257263183594,264.2264404296875,66.53456115722656,126.11079406738281,89.68840026855469
2024-08-27,226.1383056640625,407.4042663574219,210.2529754638672,110.37454223632812,154.36865234375,160.36033630371094,266.6991882324219,67.15445709228516,127.94570922851562,88.82846069335938
2024-08-28,224.611083984375,404.2146301269531,211.3129119873047,109.28655242919922,155.28758239746094,160.18032836914062,265.19189453125,67.38926696777344,125.26315307617188,87.45059204101562
2024-08-29,227.8837127685547,406.6954345703125,212.1914520263672,110.79661560058594,155.58123779296875,161.099365234375,270.2456970214844,67.6710433959961,117.26528930664062,87.76329040527344
2024-08-30,227.10023498535156,410.6529541015625,214.66468811035156,110.61841583251953,157.12539672851562,162.53004455566406,272.2652282714844,68.06550598144531,119.04037475585938,88.32030487060547
2024-09-03,220.9219207763672,403.0726623535156,210.36758422851562,108.30174255371094,158.35694885253906,165.35353088378906,274.4029846191406,68.57268524169922,107.70176696777344,87.09878540039062
2024-09-04,219.0178680419922,402.5410461425781,209.4412841796875,106.97927856445312,158.5464324951172,166.6610565185547,276.32403564453125,68.15003204345703,105.91670989990234,87.21605682373047
2024-09-05,220.53518676757812,402.03900146484375,207.81796264648438,106.14451599121094,156.3012237548828,166.25363159179688,274.4818115234375,66.84452056884766,106.91395568847656,86.6297378540039
2024-09-06,218.9881134033203,395.4530944824219,202.8810577392578,105.64742279052734,155.7233428955078,166.3673553466797,275.2206726074219,66.81634521484375,102.54605865478516,85.9359130859375
2024-09-09,219.077392578125,399.4105224609375,207.034912109375,107.87029266357422,157.83592224121094,166.81268310546875,281.36798095703125,67.48318481445312,106.1760025024414,86.32678985595703
2024-09-10,218.28399658203125,407.7586364746094,196.2921142578125,103.94041442871094,158.5653839111328,168.45179748535156,281.10205078125,67.201416015625,107.80148315429688,86.38542938232422
2024-09-11,220.8128662109375,416.4611511230469,197.8868408203125,102.90868377685547,156.1402130126953,164.7850799560547,279.74249267578125,66.760009765625,116.58717346191406,86.30725860595703
2024-09-12,220.9219207763672,420.3596496582031,197.28524780273438,104.32495880126953,155.96966552734375,164.3586883544922,281.1315612792969,66.90088653564453,118.82118225097656,87.2649154663086
2024-09-13,220.65419006347656,423.89373779296875,195.10801696777344,104.24992370605469,156.80331420898438,164.93666076660156,283.0821533203125,67.52973937988281,118.78128051757812,88.4864273071289
2024-09-16,214.52545166015625,424.632080078125,198.48843383789062,105.71308898925781,158.19590759277344,167.93067932128906,286.16571044921875,68.18224334716797,116.46749114990234,89.75680541992188
2024-09-17,214.99156188964844,428.3828430175781,199.81576538085938,107.0918197631836,158.27169799804688,166.64212036132812,287.2296447753906,67.89855194091797,115.28067016601562,90.74378204345703
2024-09-18,218.85919189453125,424.1103515625,198.17330932617188,107.46700286865234,157.40011596679688,164.7850799560547,284.1954040527344,67.85126495361328,113.06661987304688,91.44737243652344
2024-09-19,226.97134399414062,431.8677673339844,200.99029541015625,108.79883575439453,156.1402130126953,162.53004455566406,281.00347900390625,66.78266143798828,117.55457305908203,91.32034301757812
2024-09-20,226.30690002441406,428.5010070800781,201.57278442382812,108.1141586303711,155.51495361328125,165.06930541992188,280.54046630859375,67.74724578857422,115.6895751953125,91.6135025024414
2024-09-23,224.59124755859375,426.76837158203125,201.90701293945312,110.07440948486328,154.62440490722656,164.64292907714844,284.34320068359375,67.83234405517578,115.94888305664062,90.85128021240234
2024-09-24,225.48377990722656,422.4958190917969,202.05027770996094,109.78365325927734,154.20761108398438,164.14077758789062,268.72857666015625,67.45409393310547,120.54654693603516,91.55487060546875
2024-09-25,224.49205017089844,425.3901062011719,200.71340942382812,107.64519500732422,152.14242553710938,163.21226501464844,265.6253662109375,67.56755828857422,123.17947387695312,91.77963256835938
2024-09-26,225.632568359375,424.6025695800781,200.32188415527344,105.7975082397461,152.8908233642578,164.1123504638672,267.6547546386719,67.52027893066406,123.70805358886719,93.03045654296875
2024-09-27,225.90029907226562,421.36370849609375,201.00941467285156,108.63002014160156,152.90028381347656,164.4344940185547,271.08306884765625,67.88909149169922,121.07511901855469,93.82201385498047
2024-09-30,231.06707763671875,423.6082458496094,201.35317993164062,109.94309997558594,153.52552795410156,164.10289001464844,270.8663330078125,67.9552993774414,121.11502838134766,93.9979019165039
2024-10-01,224.33340454101562,414.147705078125,197.70538330078125,112.48487091064453,153.459228515625,163.95127868652344,273.4769592285156,67.81343841552734,116.68689727783203,91.90666961669922
2024-10-02,224.89866638183594,410.64312744140625,197.9441375732422,113.97615814208984,152.68238830566406,162.8900909423828,272.8858947753906,67.15147399902344,118.53194427490234,92.00438690185547
2024-10-03,223.79786682128906,410.0622863769531,195.97698974609375,114.97036743164062,152.04766845703125,161.18463134765625,272.7479553222656,66.68809509277344,122.521240234375,91.4962387084961
2024-10-04,224.9185028076172,409.5897216796875,202.93295288085938,117.08068084716797,151.8487548828125,160.00979614257812,273.80206298828125,66.35711669921875,124.58570098876953,92.98160552978516
2024-10-07,219.85089111328125,403.1711730957031,202.654296875,117.58716583251953,151.12875366210938,158.34222412109375,269.7235412597656,65.2601547241211,127.37821197509766,90.28449249267578
2024-10-08,223.8970489501953,408.2607116699219,202.48138427734375,114.4638900756836,151.28033447265625,159.3275909423828,270.87615966796875,65.4209213256836,132.53436279296875,90.40177154541016
2024-10-09,227.63575744628906,410.96795654296875,205.04661560058594,114.51078033447266,152.18975830078125,160.37928771972656,272.81695556640625,65.78971862792969,132.29501342773438,91.46692657470703
2024-10-10,227.13990783691406,409.3731384277344,204.48939514160156,115.49559783935547,152.05715942382812,160.0760955810547,273.348876953125,65.48711395263672,134.44924926757812,90.87081909179688
2024-10-11,225.66229248046875,409.845703125,213.56863403320312,115.93643188476562,152.9571075439453,162.10369873046875,273.7134094238281,65.78971862792969,134.4392852783203,91.98484802246094
2024-10-14,229.3811798095703,412.621826171875,212.7904052734375,116.37724304199219,153.08973693847656,163.44911193847656,276.51123046875,66.51788330078125,137.70053100585938,92.80570220947266
2024-10-15,231.9100341796875,412.22802734375,213.66468811035156,112.87879943847656,155.4580841064453,164.4534454345703,275.1418762207031,66.51788330078125,131.24783325195312,92.07278442382812
2024-10-16,229.857177734375,409.6487731933594,214.8656768798828,113.1695556640625,155.6286163330078,163.3259735107422,283.2496643066406,66.73538208007812,135.3568115234375,94.54513549804688
2024-10-17,230.22412109375,410.2394714355469,215.61508178710938,112.87879943847656,155.80859375,163.231201171875,286.0770263671875,66.1017837524414,136.5635528564453,94.33992767333984
2024-10-18,233.05047607421875,411.65704345703125,216.52777099609375,112.55990600585938,156.42437744140625,163.23785400390625,286.3035888671875,66.6124496459961,137.6306915283203,95.06305694580078
2024-10-21,234.51820373535156,412.26739501953125,214.2507781982422,112.62556457519531,154.25497436523438,161.57955932617188,282.58966064453125,65.67623901367188,143.32542419433594,94.41810607910156
2024-10-22,233.90335083007812,420.8616638183594,215.32681274414062,113.20706176757812,154.84231567382812,161.7320556640625,280.5601806640625,65.67623901367188,143.2057342529297,94.53536224365234
2024-10-23,228.8456573486328,417.99688720703125,214.64468383789062,112.80376434326172,157.12539672851562,161.61767578125,279.5455017089844,64.31449890136719,139.18650817871094,94.04676055908203
2024-10-24,228.6572265625,418.1248779296875,216.15309143066406,112.16597747802734,155.05076599121094,161.65579223632812,279.01348876953125,63.643070220947266,140.03427124023438,93.22590637207031
2024-10-25,229.49026489257812,421.49169921875,213.5878448486328,112.07217407226562,152.4076690673828,160.32156372070312,277.545654296875,63.28371810913086,141.1612091064453,92.86433410644531
2024-10-28,231.46376037597656,419.95599365234375,216.65267944335938,111.51881408691406,153.08973693847656,161.35084533691406,279.9690856933594,63.04730224609375,140.14398193359375,94.0076675415039
2024-10-29,231.73150634765625,425.2326354980469,214.15467834472656,109.99938201904297,151.65924072265625,159.3208465576172,277.69342041015625,61.997615814208984,140.87200927734375,93.93926239013672
2024-10-30,228.19114685058594,425.8036193847656,215.60546875,109.44601440429688,152.1519012451172,158.35826110839844,285.8503723144531,62.33805465698242,138.96710205078125,92.91320037841797
2024-10-31,224.035888671875,400.0307312011719,213.213134765625,109.5304183959961,151.44137573242188,157.42428588867188,285.5450134277344,61.761199951171875,132.4047088623047,94.0076675415039
2024-11-01,221.060791015625,403.9881591796875,214.19313049316406,107.81402587890625,151.69715881347656,157.34803771972656,286.4217834472656,61.477500915527344,135.03765869140625,93.62655639648438
2024-11-04,220.16824340820312,402.1078796386719,211.15708923339844,111.246826171875,149.90667724609375,157.3289794921875,287.5152893066406,61.57206726074219,135.68592834472656,93.60700988769531
2024-11-05,221.59628295898438,405.0612487792969,212.80003356933594,111.5750961303711,150.01089477539062,157.97703552246094,288.9339599609375,61.81793975830078,139.5355987548828,94.42787170410156
2024-11-06,220.8723602294922,413.6456298828125,237.36680603027344,113.48844146728516,149.56565856933594,153.48818969726562,302.8343811035156,60.23868179321289,145.2203369140625,96.6363754272461
2024-11-07,225.5928497314453,418.8139953613281,227.10581970214844,113.62914276123047,148.47621154785156,155.73736572265625,301.25811767578125,60.20085906982422,148.48158264160156,96.67546844482422
2024-11-08,225.3248291015625,415.9689636230469,227.68228149414062,113.59162139892578,147.28256225585938,159.83547973632812,303.29736328125,60.44672775268555,147.23492431640625,96.76339721679688
2024-11-11,222.6144561767578,411.5093688964844,229.90162658691406,112.9913558959961,146.87521362304688,158.234375,306.3020935058594,59.91716003417969,144.87127685546875,98.56148529052734
2024-11-12,222.6144561767578,416.4513244628906,230.16107177734375,112.87879943847656,144.6016082763672,158.0532989501953,305.82830810546875,59.76585006713867,147.8931427001953,98.68851470947266
2024-11-13,223.49806213378906,418.587646484375,231.69827270507812,113.92927551269531,145.17001342773438,158.75852966308594,305.4631042480469,59.576717376708984,145.8785858154297,100.37908172607422
2024-11-14,226.57574462890625,420.2513122558594,232.3804168701172,114.00492858886719,143.87216186523438,159.23504638671875,304.2490539550781,59.15116500854492,146.3672637939453,106.63323974609375
2024-11-15,223.37892150878906,408.5462341308594,235.6854705810547,112.82289123535156,145.88998413085938,161.57955932617188,305.62103271484375,58.385189056396484,141.60003662109375,112.45741271972656
2024-11-18,226.37716674804688,409.29443359375,235.4164276123047,113.76851654052734,146.6194305419922,162.73277282714844,308.10833740234375,58.49866485595703,139.77493286132812,110.95250701904297
2024-11-19,226.6352996826172,411.2928466796875,233.55255126953125,112.17985534667969,144.94265747070312,162.74227905273438,307.8023376464844,59.188995361328125,146.61659240722656,109.8580322265625
2024-11-20,227.35012817382812,409.028564453125,231.33319091796875,113.77796173095703,145.0468292236328,162.86618041992188,303.4002380371094,59.56726837158203,145.49960327148438,111.65609741210938
2024-11-21,226.8735809326172,407.2629089355469,235.1570281982422,115.30043029785156,147.3109893798828,164.63885498046875,305.8776550292969,60.2954216003418,146.27749633789062,112.1056137084961
2024-11-22,228.21383666992188,411.3367614746094,238.79833984375,115.16805267333984,146.9983673095703,168.0030975341797,305.8973693847656,60.44672775268555,141.57012939453125,113.0144271850586
2024-11-25,231.1922149658203,413.1025085449219,240.4700469970703,113.44700622558594,147.57626342773438,169.06097412109375,309.1249694824219,60.88173294067383,135.65599060058594,113.35643768310547
2024-11-26,233.36647033691406,422.17755126953125,240.16262817382812,111.55574798583984,147.55714416503906,170.89083862304688,307.77276611328125,61.04249572753906,136.5535888671875,112.81897735595703
2024-11-27,233.23739624023438,417.2454528808594,239.98965454101562,111.2625961303711,148.39747619628906,170.93849182128906,310.6153869628906,60.92901611328125,134.97781372070312,114.91997528076172
2024-11-29,235.6201171875,417.7090759277344,239.92242431640625,111.5462875366211,148.02505493164062,170.84320068359375,310.99041748046875,61.057647705078125,137.88003540039062,114.7929458618164
2024-12-02,237.8638153076172,425.126953125,236.58856201171875,111.44226837158203,147.82452392578125,171.26251220703125,312.5400085449219,60.64793395996094,138.259033203125,114.4900131225586
2024-12-03,240.9017791748047,425.3439636230469,235.2146759033203,111.27205657958984,145.49447631835938,167.18348693847656,308.9472961425781,60.5240592956543,139.88467407226562,113.79618835449219
2024-12-04,241.25917053222656,431.4794921875,233.85035705566406,108.0663833618164,143.6896514892578,166.88803100585938,305.8776550292969,59.27584457397461,144.7515869140625,114.3238754272461
2024-12-05,241.28897094726562,436.6088562011719,235.84877014160156,108.5391845703125,142.78245544433594,167.76483154296875,305.06829833984375,59.95235824584961,144.68179321289062,113.84504699707031
2024-12-06,241.0904083251953,437.54595947265625,237.65499877929688,107.39498901367188,142.58192443847656,165.65859985351562,306.9732666015625,59.580753326416016,142.06863403320312,114.06980895996094
2024-12-09,244.97222900390625,439.9626770019531,234.24432373046875,106.76141357421875,142.85885620117188,162.77085876464844,304.2984313964844,59.64744567871094,138.4480743408203,111.99812316894531
2024-12-10,245.98487854003906,437.3091735839844,233.33155822753906,106.54390716552734,142.50552368164062,164.19090270996094,308.3254699707031,59.94282913208008,134.7178192138672,112.11539459228516
2024-12-11,244.714111328125,442.892333984375,233.97528076171875,105.8346939086914,140.0322265625,162.61839294433594,309.7171936035156,59.68556594848633,138.94676208496094,111.99812316894531
2024-12-12,246.1735382080078,443.4545593261719,232.05374145507812,105.74012756347656,139.6502685546875,162.82806396484375,310.1514587402344,60.82896423339844,136.98190307617188,112.28150939941406
2024-12-13,246.34231567382812,441.1956481933594,230.52615356445312,104.81341552734375,140.0131072998047,163.02821350097656,310.6548156738281,60.14292907714844,133.8999481201172,110.7570571899414
2024-12-16,249.23130798339844,445.45703125,230.1802520751953,102.57228088378906,137.36798095703125,163.10443115234375,311.7899169921875,59.59980773925781,131.6558380126953,110.04054260253906
2024-12-17,251.65374755859375,448.2880859375,229.00811767578125,102.13729095458984,139.81260681152344,162.3324737548828,314.1686096191406,60.40972137451172,130.05003356933594,110.9337387084961
2024-12-18,246.26287841796875,431.4499206542969,221.3316192626953,100.63373565673828,138.2273712158203,161.14117431640625,305.75921630859375,59.88565444946289,128.5738983154297,109.29456329345703
2024-12-19,247.99032592773438,431.0948181152344,223.82000732421875,99.77322387695312,137.11009216308594,161.24600219726562,310.79302978515625,59.50453186035156,130.33924865722656,109.31420135498047
2024-12-20,252.65647888183594,430.670654296875,228.2779541015625,100.1136474609375,137.96002197265625,160.1690673828125,313.5862731933594,59.59980773925781,134.34877014160156,109.9620132446289
2024-12-23,253.43084716796875,429.3389587402344,229.03695678710938,100.520263671875,138.72398376464844,160.21670532226562,313.1026306152344,59.437828063964844,139.3058319091797,109.3436508178711
2024-12-24,256.3397521972656,433.363525390625,232.80316162109375,100.61482238769531,139.27784729003906,161.0077362060547,316.4881591796875,59.876136779785156,139.8544158935547,110.48222351074219
2024-12-26,257.15380859375,432.1601257324219,233.60060119628906,100.69994354248047,139.02000427246094,162.17047119140625,316.7447509765625,59.618865966796875,139.56515502929688,110.47241973876953
2024-12-27,253.74853515625,424.68304443359375,231.70787048339844,100.69047546386719,138.51388549804688,161.5700225830078,314.5239562988281,59.50453186035156,136.65274047851562,109.49088287353516
2024-12-30,250.38296508789062,419.0604553222656,229.93045043945312,100.00963592529297,136.88092041015625,159.2445831298828,311.2174377441406,59.104339599609375,137.13150024414062,108.75472259521484
2024-12-31,248.6157989501953,415.77569580078125,230.30517578125,101.72122192382812,138.10324096679688,159.77830505371094,311.9379577636719,59.323482513427734,133.93984985351562,109.29456329345703
2025-01-02,242.0931396484375,412.8953857421875,230.5837860107422,101.47534942626953,137.53028869628906,158.1867218017578,310.3193054199219,58.92329788208008,137.9493865966797,108.77434539794922
2025-01-03,241.60665893554688,417.6005859375,233.73509216308594,101.99544525146484,137.692626953125,157.37661743164062,310.8226318359375,58.83754348754883,144.09332275390625,109.10807800292969
2025-01-06,243.23484802246094,422.0394592285156,232.59555053710938,101.88196563720703,137.1865234375,153.05934143066406,308.9769287109375,57.94187545776367,149.04037475585938,109.00011444091797
2025-01-07,240.46493530273438,416.63385009765625,234.83602905273438,102.83704376220703,139.64068603515625,153.72647094726562,307.62469482421875,57.970458984375,139.7745819091797,109.33382415771484
2025-01-08,240.95140075683594,418.7941589355469,234.7974090576172,101.11602020263672,135.85916137695312,154.4888916015625,308.5426330566406,58.799434661865234,139.7446746826172,107.73391723632812
2025-01-10,235.14356994628906,413.2603454589844,231.6491241455078,100.74722290039062,135.6586151123047,151.11509704589844,303.7160949707031,58.18961715698242,135.55564880371094,106.64441680908203
2025-01-13,232.71121215820312,411.5242614746094,235.84039306640625,103.34769439697266,137.96002197265625,151.38197326660156,302.93634033203125,58.74225997924805,132.88262939453125,106.08493041992188
2025-01-14,231.5992889404297,410.0249328613281,238.9886474609375,103.75431060791016,138.2273712158203,152.23971557617188,305.07818603515625,59.11386489868164,131.41644287109375,106.12419128417969
2025-01-15,236.15621948242188,420.5203857421875,243.70143127441406,105.44699096679688,138.43748474121094,152.1539306640625,312.17486572265625,58.856597900390625,135.88479614257812,106.18309020996094
2025-01-16,226.61544799804688,418.8138122558594,245.55560302734375,105.26732635498047,141.111328125,152.9640350341797,313.1322021484375,59.313961029052734,133.2217254638672,104.49483489990234
2025-01-17,228.32305908203125,423.20343017578125,250.27801513671875,106.21294403076172,140.4046630859375,153.564453125,315.4714660644531,59.752262115478516,137.3509521484375,105.04448699951172
2025-01-21,221.03594970703125,422.6806335449219,254.015380859375,105.40916442871094,141.4741973876953,154.12673950195312,319.429443359375,59.4759407043457,140.46282958984375,106.6934814453125
2025-01-22,222.21737670898438,440.1402893066406,253.8319091796875,103.57464599609375,138.72398376464844,157.0049591064453,319.3603820800781,58.86613082885742,146.6865692138672,106.80146026611328
2025-01-23,222.048583984375,440.6433410644531,256.8353271484375,104.16093444824219,140.0322265625,158.34872436523438,323.949951171875,58.6279182434082,146.83615112304688,108.99029541015625
2025-01-24,221.1749267578125,438.029296875,255.76332092285156,102.751953125,140.20411682128906,157.36781311035156,325.9141845703125,58.9995231628418,142.24813842773438,110.0896224975586
2025-01-27,228.20391845703125,428.6583557128906,256.7387390136719,104.17985534667969,146.00059509277344,162.67990112304688,330.1978454589844,60.85755157470703,118.11123657226562,111.2478256225586
2025-01-28,236.54342651367188,441.1266784667969,257.9845275878906,102.16565704345703,143.6037139892578,159.3526611328125,330.13861083984375,59.41876983642578,128.65370178222656,110.06998443603516
2025-01-29,237.6354522705078,436.3227844238281,257.4437255859375,102.76139831542969,144.33900451660156,159.39102172851562,331.5204772949219,59.866607666015625,123.37747192382812,111.1006088256836
2025-01-30,235.87823486328125,409.3540954589844,259.03717041015625,103.61247253417969,145.9814910888672,160.52244567871094,338.5973815917969,61.02906036376953,124.32499694824219,111.33617401123047
2025-01-31,234.2996826171875,409.4231872558594,258.1390380859375,101.02145385742188,145.2939453125,159.160888671875,337.3636169433594,60.48594665527344,119.7569351196289,110.9729995727539
2025-02-03,226.36724853515625,405.3393859863281,257.6658020019531,101.2673110961914,145.0265655517578,161.81689453125,341.3314514160156,60.36207962036133,116.3558349609375,111.8956527709961
2025-02-04,231.12274169921875,406.7696533203125,258.75714111328125,103.98126220703125,146.5735626220703,161.2128448486328,340.6701354980469,59.71414566040039,118.34063720703125,111.20858001708984
2025-02-05,230.79513549804688,407.6772155761719,261.1617431640625,103.90560913085938,147.71946716308594,162.05662536621094,344.90447998046875,60.14292907714844,124.50452423095703,108.49951934814453
2025-02-06,231.53970336914062,410.1728515625,267.4100036621094,102.53446197509766,146.59263610839844,161.9320068359375,342.9698791503906,60.37160873413086,128.34449768066406,110.0208969116211
2025-02-07,225.98997497558594,404.18524169921875,266.3476867675781,102.96944427490234,146.22023010253906,161.05943298339844,343.50286865234375,60.82896423339844,129.50146484375,108.81361389160156
2025-02-10,226.25833129882812,406.6217346191406,261.7508850097656,104.93634033203125,147.28976440429688,160.63754272460938,346.67120361328125,61.50547790527344,133.2217254638672,107.26278686523438
2025-02-11,231.1979522705078,405.8523254394531,265.5655212402344,105.5982894897461,149.0946044921875,162.45933532714844,346.7503356933594,64.41162109375,132.45375061035156,107.00757598876953
2025-02-12,235.42198181152344,403.4848937988281,266.00970458984375,102.42118072509766,148.2637939453125,162.60316467285156,347.5115966796875,65.46926879882812,130.79808044433594,107.21370697021484
2025-02-13,240.05349731445312,404.9644775390625,266.84991455078125,103.16536712646484,150.1641387939453,163.98394775390625,351.604736328125,66.22201538085938,134.93724060058594,107.56705474853516
2025-02-14,243.1046905517578,402.8831481933594,267.1106262207031,103.27030944824219,149.1136932373047,156.1884307861328,349.8053283691406,65.62171936035156,138.4879913330078,108.34247589111328
2025-02-18,242.9755096435547,404.0767517089844,270.35552978515625,105.08308410644531,149.19068908691406,158.62391662597656,352.69232177734375,65.79324340820312,139.03656005859375,107.53760528564453
2025-02-19,243.373046875,409.1370849609375,269.679443359375,105.23573303222656,151.982177734375,159.6403350830078,351.20928955078125,66.76512145996094,138.86697387695312,109.29456329345703
2025-02-20,244.3271942138672,411.3016662597656,257.6561584472656,106.8576889038086,153.70521545410156,160.33070373535156,346.5229187011719,66.73654174804688,139.7446746826172,108.50934600830078
2025-02-21,244.04891967773438,403.47357177734375,255.18389892578125,105.60784149169922,156.2271728515625,163.2264404296875,344.58514404296875,67.9847412109375,134.07948303222656,106.65422821044922
2025-02-24,245.5894317626953,399.31243896484375,252.38328552246094,106.16120147705078,157.61331176757812,163.52369689941406,345.9000549316406,67.26058959960938,129.94032287597656,109.14733123779297
2025-02-25,245.52978515625,393.283203125,248.57830810546875,104.6919174194336,159.87538146972656,165.54689025878906,348.1048278808594,68.11815643310547,126.29981994628906,108.48970794677734
2025-02-26,238.890625,395.09197998046875,249.9207305908203,104.43431091308594,156.97799682617188,164.25242614746094,346.6613464355469,67.460693359375,130.93771362304688,109.76570892333984
2025-02-27,235.84934997558594,387.97552490234375,250.1717987060547,105.09262084960938,157.60365295410156,164.89486694335938,351.7134704589844,67.52740478515625,119.83673095703125,109.25531005859375
2025-02-28,240.36160278320312,392.3837890625,255.57984924316406,106.21843719482422,158.8454132080078,166.6879119873047,358.6046142578125,67.85136413574219,124.59428405761719,111.69934844970703
2025-03-03,236.5748748779297,383.9823913574219,251.68797302246094,102.81234741210938,161.02084350585938,168.36595153808594,357.72467041015625,68.90900421142578,113.76260375976562,110.7079849243164
2025-03-04,234.4877166748047,384.1009521484375,241.67337036132812,102.60246276855469,159.23043823242188,166.05508422851562,348.2432556152344,66.87945556640625,115.68756866455078,106.99777221679688
2025-03-05,234.2988739013672,396.36700439453125,242.9095001220703,100.598876953125,158.94166564941406,167.42625427246094,348.68817138671875,66.77466583251953,116.99415588378906,107.29222106933594
2025-03-06,233.89138793945312,392.28497314453125,238.0905303955078,102.67877960205078,159.62510681152344,167.47418212890625,340.26458740234375,67.1367416381836,110.28170776367188,103.48384857177734
2025-03-07,237.60853576660156,388.7464599609375,233.97650146484375,104.0145034790039,160.4529266357422,168.7111053466797,341.4114685058594,68.06097412109375,112.39618682861328,103.5623779296875
2025-03-10,226.08935546875,375.7490234375,224.2613067626953,106.6668701171875,161.4251251220703,169.0083770751953,337.6149597167969,68.08003234863281,106.70106506347656,101.1772232055664
2025-03-11,219.48995971679688,376.03570556640625,221.286865234375,104.14807891845703,159.6539764404297,165.99752807617188,328.3806457519531,67.68937683105469,108.47642517089844,96.09284973144531
2025-03-12,215.653564453125,378.8229675292969,220.08935546875,104.11946105957031,156.75660705566406,161.44297790527344,329.0726623535156,66.6412582397461,115.4488525390625,96.93697357177734
2025-03-13,208.398193359375,374.3751525878906,217.4722442626953,103.6805648803711,156.89137268066406,161.65391540527344,324.8312683105469,66.33634948730469,115.28924560546875,95.08185577392578
2025-03-14,212.1848907470703,384.0515441894531,224.47378540039062,106.76229095458984,156.7180938720703,161.05943298339844,328.0444641113281,66.38434600830078,121.36392211914062,96.81918334960938
2025-03-17,212.69180297851562,384.19000244140625,225.91268920898438,108.53688049316406,156.74697875976562,162.77578735351562,330.76336669921875,67.30581665039062,119.22930908203125,97.5259017944336
2025-03-18,211.38978576660156,379.0700378417969,226.91705322265625,108.4223861694336,158.10421752929688,160.8101348876953,330.9808349609375,66.59551239013672,115.13961791992188,97.51607513427734
2025-03-19,213.92420959472656,383.3201599121094,230.9151611328125,110.11112213134766,156.89137268066406,161.63475036621094,336.0231628417969,66.4995346069336,117.22435760498047,98.43873596191406
2025-03-20,212.79116821289062,382.3515625,230.81858825683594,110.57862854003906,156.92025756835938,160.65672302246094,335.6573181152344,66.91226959228516,118.23181915283203,97.03511810302734
2025-03-21,216.93568420410156,386.72027587890625,233.3488006591797,110.19698333740234,157.50743103027344,159.8321075439453,331.86077880859375,65.91400146484375,117.4039077758789,97.62405395507812
2025-03-24,219.38063049316406,388.5190734863281,239.55841064453125,110.48321533203125,157.18011474609375,158.83486938476562,339.97784423828125,66.1827621459961,121.10458374023438,98.33075714111328
2025-03-25,222.38218688964844,390.5750427246094,242.52322387695312,111.2369384765625,154.99508666992188,156.15008544921875,340.7193298339844,66.04839324951172,120.38640594482422,99.73436737060547
2025-03-26,220.17575073242188,385.44525146484375,242.4266357421875,112.83979797363281,155.6688995361328,159.72659301757812,340.2843322753906,67.2098388671875,113.47383117675781,98.91968536376953
2025-03-27,222.48158264160156,386.0480651855469,239.61636352539062,112.47724914550781,157.02613830566406,161.7689971923828,345.9000549316406,67.90092468261719,111.14968872070312,98.59577178955078
2025-03-28,216.56793212890625,374.40484619140625,234.52700805664062,112.32460021972656,157.58445739746094,161.11697387695312,338.96942138671875,67.5457992553711,109.39411926269531,96.25970458984375
2025-03-31,220.77207946777344,371.0343933105469,236.89303588867188,113.46949768066406,159.6347198486328,163.4086151123047,346.4932556152344,68.74562072753906,108.10736083984375,96.8780746459961
2025-04-01,221.8256072998047,377.7555236816406,235.30921936035156,113.57444763183594,147.51580810546875,163.54286193847656,342.4297790527344,68.98558044433594,109.87290954589844,95.87691497802734
2025-04-02,222.52133178710938,377.7060852050781,237.3952178955078,113.221435546875,149.54684448242188,162.5264892578125,342.4100036621094,68.46725463867188,110.14221954345703,96.07321166992188
2025-04-03,201.94786071777344,368.78082275390625,220.85231018066406,107.2679443359375,153.83999633789062,165.2975616455078,335.5485534667969,70.24300384521484,101.54391479492188,87.20008087158203
2025-04-04,187.22840881347656,355.664794921875,204.32406616210938,99.54936981201172,147.50619506835938,157.01304626464844,309.5858154296875,67.1234359741211,94.07275390625,81.98810577392578
2025-04-07,180.3507080078125,353.7077941894531,208.3662567138672,98.21366119384766,144.9842071533203,153.6378631591797,308.78497314453125,65.62606048583984,97.39436340332031,81.76234436035156
2025-04-08,171.36598205566406,350.446044921875,210.72740173339844,96.1432876586914,144.3874053955078,151.87355041503906,304.7807922363281,65.67404174804688,96.05775451660156,80.21151733398438
2025-04-09,197.63441467285156,385.95916748046875,227.7025909423828,100.94234466552734,145.3211212158203,155.64187622070312,328.6673278808594,67.14263916015625,114.04238891601562,89.75209045410156
2025-04-10,189.25595092773438,376.92523193359375,220.6773681640625,95.34185791015625,143.12644958496094,156.8308563232422,320.9358215332031,67.92012786865234,107.29939270019531,83.65672302246094
2025-04-11,196.93865966796875,383.9428405761719,229.50991821289062,98.40447235107422,146.05267333984375,160.04302978515625,329.6263427734375,68.563232421875,110.65094757080078,83.322998046875
2025-04-14,201.28196716308594,383.31024169921875,228.07183837890625,98.64299774169922,148.58428955078125,162.1717071533203,331.38623046875,69.54229736328125,110.4314956665039,83.09724426269531
2025-04-15,200.90428161621094,381.25439453125,226.52687072753906,98.36632537841797,147.87196350097656,161.53884887695312,332.00909423828125,68.97599029541016,111.9177474975586,83.44078826904297
2025-04-16,193.0823974609375,367.2981872558594,223.1065673828125,99.40628051757812,148.151123046875,159.54443359375,327.5797424316406,68.80320739746094,104.22714233398438,81.24212646484375
2025-04-17,195.77581787109375,363.5126647949219,225.39002990722656,102.01091766357422,151.57791137695312,163.61000061035156,325.8792419433594,70.07022857666016,101.23468780517578,83.24446868896484
2025-04-21,191.9792022705078,354.9531555175781,222.50413513183594,100.51300811767578,151.04849243164062,159.92144775390625,316.47686767578125,69.84945678710938,96.66622924804688,82.44942474365234
2025-04-22,198.5189666748047,362.5638427734375,228.9171905517578,103.32756805419922,151.84742736816406,161.9765167236328,327.6490173339844,70.93411254882812,98.64122772216797,84.50084686279297
2025-04-23,203.3492431640625,370.0460205078125,234.057373046875,102.44026947021484,149.56610107421875,159.90213012695312,330.58538818359375,70.35819244384766,102.45161437988281,85.67869567871094
2025-04-24,207.09619140625,382.80621337890625,237.7108612060547,103.64241027832031,149.13294982910156,153.92015075683594,331.91021728515625,69.60948944091797,106.1622543334961,88.34849548339844
2025-04-25,208.00062561035156,387.3034362792969,236.65174865722656,103.58515930175781,148.79605102539062,155.35775756835938,331.3763427734375,69.02397918701172,110.73075103759766,88.61351013183594
2025-04-28,208.85537719726562,386.6214294433594,236.33108520507812,103.64241027832031,149.53724670410156,156.15858459472656,333.6898193359375,68.9087905883789,108.45647430419922,88.4957275390625
2025-04-29,209.91885375976562,389.46795654296875,237.69143676757812,103.38481140136719,150.07627868652344,156.55413818359375,337.6544189453125,69.4463119506836,108.74574279785156,89.48706817626953
2025-04-30,211.20094299316406,390.6738586425781,237.69143676757812,100.78014373779297,150.46131896972656,156.85325622558594,341.58941650390625,69.63829040527344,108.64599609375,89.27113342285156
2025-05-01,212.01596069335938,420.464111328125,239.8971405029297,100.92326354980469,148.68055725097656,154.3543243408203,338.57391357421875,68.42887115478516,111.32923126220703,89.13372039794922
2025-05-02,204.09466552734375,430.2294616699219,245.3579559326172,101.3335189819336,150.27841186523438,154.87533569335938,343.6656494140625,68.7744140625,114.21196746826172,90.78270721435547
2025-05-05,197.6741485595703,431.1091613769531,245.4065399169922,98.52849578857422,149.20033264160156,153.24476623535156,344.69390869140625,68.82240295410156,113.53368377685547,90.40972900390625
2025-05-06,197.29647827148438,428.2823181152344,242.19029235839844,99.90238952636719,148.69017028808594,153.64999389648438,343.7645263671875,68.84159851074219,113.25439453125,90.46861267089844
2025-05-07,195.05027770996094,428.3218994140625,242.3263397216797,99.80699157714844,151.41427612304688,153.6885986328125,345.89019775390625,69.49431610107422,116.76553344726562,100.20549774169922
2025-05-08,196.28271484375,433.0859680175781,246.29075622558594,101.199951171875,149.83563232421875,153.07107543945312,347.2940673828125,68.31367492675781,117.07475280761719,103.17957305908203
2025-05-09,197.31634521484375,433.6394958496094,245.91180419921875,102.38301086425781,148.4495086669922,152.11590576171875,348.5497131347656,67.68975830078125,116.35655975341797,103.98443603515625
2025-05-12,209.77613830566406,444.04730224609375,252.68438720703125,104.14807891845703,148.3725128173828,155.24197387695312,351.8222351074219,66.73948669433594,122.69058990478516,108.45044708251953
2025-05-13,211.9058380126953,443.9287109375,255.56056213378906,104.43431091308594,142.88580322265625,153.14828491210938,352.6937561035156,66.19236755371094,129.60313415527344,109.32401275634766
2025-05-14,211.3087158203125,447.6845703125,258.1160888671875,103.49929809570312,140.88360595703125,152.46327209472656,353.0106506347656,66.38434600830078,134.99952697753906,110.855224609375
2025-05-15,210.43295288085938,448.6946105957031,259.91363525390625,104.54883575439453,144.01202392578125,156.69888305664062,358.79412841796875,68.73601531982422,134.49081420898438,110.14850616455078
2025-05-16,210.24386596679688,449.82342529296875,259.9816589355469,104.1733169555664,145.6676483154297,157.5382843017578,361.58685302734375,69.11036682128906,135.05938720703125,111.32635498046875
2025-05-19,207.7758026123047,454.37841796875,257.3775939941406,102.51717376708984,146.7842559814453,158.97589111328125,364.3399658203125,69.04317474365234,135.22897338867188,110.58039093017578
2025-05-20,205.8650360107422,453.6852722167969,258.1549072265625,101.05359649658203,147.91046142578125,159.8153076171875,363.2901916503906,68.81281280517578,134.0419464111328,110.28592681884766
2025-05-21,201.11798095703125,448.14013671875,253.6463623046875,99.81149291992188,147.44842529296875,159.61265563964844,354.8328552246094,68.96638488769531,131.46844482421875,108.42098999023438
2025-05-22,200.39149475097656,450.40765380859375,253.286865234375,99.14710998535156,146.89974975585938,159.2267303466797,354.5060729980469,68.28488159179688,132.49586486816406,109.07862854003906
2025-05-23,194.330810546875,445.7734680175781,253.32569885253906,99.20488739013672,147.2174072265625,160.02755737304688,350.118896484375,68.88958740234375,130.959716796875,107.69466400146484
2025-05-27,199.2470245361328,456.1806335449219,257.7759704589844,99.67668151855469,148.7804412841797,161.86073303222656,355.82318115234375,68.89918518066406,135.15911865234375,110.28592681884766
2025-05-28,199.45602416992188,452.8831481933594,256.0269470214844,98.31903839111328,147.984375,161.47482299804688,356.2490234375,68.29447937011719,134.4708709716797,109.46142578125
2025-05-29,198.98826599121094,454.1902770996094,256.8820495605469,98.87751770019531,149.100830078125,162.63259887695312,358.8931579589844,68.62083435058594,138.83985900878906,109.95219421386719
2025-05-30,199.88394165039062,455.8537902832031,256.52252197265625,98.50199127197266,150.6832733154297,163.9158477783203,361.65618896484375,69.20635223388672,134.79006958007812,110.95337677001953
2025-06-02,200.7298583984375,457.44805908203125,257.1637878417969,99.22413635253906,150.86773681640625,161.8800506591797,361.7849426269531,69.11036682128906,137.03440856933594,110.86503601074219
2025-06-03,202.29229736328125,458.43829345703125,258.7282409667969,99.94630432128906,149.91632080078125,160.98277282714844,362.3196716308594,68.30406951904297,140.86474609375,111.50303649902344
2025-06-04,201.84446716308594,459.3294677734375,256.7362976074219,98.50199127197266,148.75132751464844,160.11439514160156,364.4389953613281,68.50564575195312,141.56297302246094,111.39505767822266
2025-06-05,199.6649932861328,463.1021728515625,254.53057861328125,98.04943084716797,149.17848205566406,157.0751495361328,363.2208557128906,68.0641098022461,139.63787841796875,110.45278930664062
2025-06-06,202.9391632080078,465.7757568359375,258.2035827636719,100.39884185791016,150.50852966308594,158.2522735595703,366.63751220703125,68.48645782470703,141.3634796142578,111.79750061035156
2025-06-09,200.48104858398438,468.12255859375,259.1849060058594,101.07286071777344,150.70269775390625,156.84361267089844,363.1119689941406,68.88958740234375,142.2711944580078,113.52501678466797
2025-06-10,201.6951904296875,466.3104553222656,260.9922180175781,103.23932647705078,151.8871307373047,157.11376953125,367.11285400390625,69.4463119506836,143.5978546142578,116.53834533691406
2025-06-11,197.8238983154297,467.99383544921875,260.5549621582031,105.2517318725586,150.73184204101562,156.40940856933594,369.6976013183594,69.17756652832031,142.48057556152344,117.31375885009766
2025-06-12,198.24188232421875,474.1826477050781,260.6424255371094,105.65614318847656,152.09100341796875,157.44178771972656,367.8060607910156,69.34072875976562,144.64527893066406,116.4205551147461
2025-06-13,195.50509643554688,470.3109130859375,257.44561767578125,107.9573974609375,152.51817321777344,154.64378356933594,349.4355773925781,68.65437316894531,141.6226806640625,115.76292419433594
2025-06-16,197.46563720703125,474.4499816894531,262.7023620605469,108.30403900146484,150.69300842285156,155.22267150878906,352.04010009765625,68.17103576660156,144.33602905273438,117.27449798583984
2025-06-17,194.69900512695312,473.3607482910156,261.8861083984375,109.76760864257812,147.93582153320312,152.9456787109375,354.3772888183594,67.30101776123047,143.76742553710938,115.94940948486328
2025-06-18,195.63449096679688,475.5392761230469,266.2004089355469,108.98768615722656,146.3339385986328,152.46327209472656,337.0862731933594,66.90467071533203,145.12408447265625,115.68439483642578
2025-06-20,200.03323364257812,472.7270202636719,267.2109375,110.44161987304688,145.42135620117188,153.48597717285156,335.2937927246094,66.5469970703125,143.49807739257812,115.45864868164062
2025-06-23,200.53082275390625,481.24285888671875,270.3883361816406,107.59150695800781,146.90673828125,155.36740112304688,340.4236145019531,67.4170150756836,143.8173065185547,115.57643127441406
2025-06-24,199.33657836914062,485.3125915527344,273.2936706542969,104.3177261352539,147.75137329101562,154.72097778320312,348.2274169921875,67.87135314941406,147.53817749023438,116.95645141601562
2025-06-25,200.5904998779297,487.45147705078125,276.01434326171875,104.34663391113281,147.8387451171875,153.37985229492188,341.9190368652344,67.31067657470703,153.93251037597656,117.71546173095703
2025-06-26,200.03323364257812,492.5808410644531,280.571533203125,105.90647888183594,147.57659912109375,153.0518035888672,342.6816101074219,67.156005859375,154.64076232910156,119.7263412475586
2025-06-27,200.1128387451172,491.0855407714844,278.9779357910156,105.31912994384766,147.9649658203125,154.23854064941406,345.236572265625,67.98736572265625,157.36410522460938,120.59378051757812
2025-06-30,204.18316650390625,492.5411682128906,281.69866943359375,103.79779815673828,148.29502868652344,153.71754455566406,351.6142883300781,68.39337158203125,157.603515625,122.23994445800781
2025-07-01,206.8204345703125,487.233642578125,282.1844787597656,105.18433380126953,151.37257385253906,155.5507049560547,352.0302429199219,69.28273010253906,152.92498779296875,121.72736358642578
2025-07-02,211.418212890625,486.28302001953125,283.7294616699219,106.92713928222656,151.0230712890625,155.53143310546875,350.7923278808594,68.54804992675781,156.8653106689453,121.22464752197266
2025-07-03,212.52285766601562,493.9571533203125,289.0018005371094,108.03443145751953,151.45993041992188,155.17442321777344,355.3874206542969,68.97339630126953,158.9501953125,122.2300796508789
2025-07-07,208.94017028808594,492.84814453125,285.06707763671875,106.98490142822266,150.7415313720703,154.8560333251953,353.1889343261719,68.64471435546875,157.8529052734375,121.4020767211914
2025-07-08,208.99989318847656,491.7589111328125,276.0943603515625,109.95055389404297,151.24635314941406,152.33779907226562,351.1191101074219,67.90035247802734,159.6085968017578,120.08120727539062
2025-07-09,210.12445068359375,498.58148193359375,276.4653625488281,109.57504272460938,151.72207641601562,151.98085021972656,354.298095703125,67.16567993164062,162.48153686523438,118.88847351074219
2025-07-10,211.3883514404297,496.5713806152344,281.37640380859375,110.66307830810547,153.09095764160156,152.91671752929688,352.4362487792969,67.44601440429688,163.69857788085938,119.82491302490234
2025-07-11,210.14434814453125,498.39337158203125,280.0778503417969,111.14452362060547,152.32398986816406,151.52737426757812,344.56317138671875,67.54268646240234,164.5165557861328,118.1590347290039
2025-07-14,207.6165771484375,498.09625244140625,281.8743896484375,109.6905746459961,152.246337890625,148.35305786132812,347.10833740234375,67.156005859375,163.66864013671875,118.25760650634766
2025-07-15,208.1042022705078,500.8688659667969,279.7751770019531,108.71808624267578,150.64443969726562,147.31101989746094,343.6619873046875,67.04967498779297,170.28240966796875,117.28173828125
2025-07-16,209.149169921875,500.6708068847656,279.0625,108.06332397460938,159.9741668701172,148.32411193847656,346.5141296386719,66.96267700195312,170.9507598876953,118.10974884033203
2025-07-17,209.00985717773438,506.6913146972656,283.0459899902344,107.51448059082031,158.2266845703125,150.1476287841797,346.4250183105469,68.23870086669922,172.5767822265625,120.46562957763672
2025-07-18,210.1642608642578,505.05743408203125,284.38360595703125,103.7688980102539,158.92567443847656,150.6693115234375,345.6723327636719,67.52335357666016,171.9882354736328,119.6869125366211
2025-07-21,211.4580078125,505.0673828125,284.0906982421875,104.03850555419922,159.56642150878906,150.60130310058594,347.5440673828125,67.73602294921875,170.9607391357422,119.11518859863281
2025-07-22,213.3687744140625,500.32421875,284.5398254394531,104.51031494140625,163.0323028564453,153.79733276367188,348.45513916015625,67.33969116210938,166.62139892578125,119.33204650878906
2025-07-23,213.11996459960938,500.9183654785156,289.7438049316406,105.84870147705078,164.16819763183594,153.75845336914062,351.8519592285156,66.85633850097656,170.36219787597656,121.18521881103516
2025-07-24,212.73184204101562,505.87933349609375,289.5387878417969,106.67678833007812,164.61476135253906,154.2733154296875,350.5447692871094,66.79833221435547,173.3149871826172,120.20934295654297
2025-07-25,212.85128784179688,508.681640625,291.5598449707031,106.30126190185547,163.3915252685547,153.7779083251953,353.5850830078125,66.86600494384766,173.07557678222656,119.73619842529297
2025-07-28,213.0204620361328,507.48345947265625,291.2278747558594,107.30264282226562,161.37217712402344,152.6218719482422,352.0302429199219,65.82197570800781,176.317626953125,118.65190124511719
2025-07-29,210.2538299560547,507.5527648925781,290.0172119140625,108.68917846679688,163.20706176757812,152.13616943359375,347.8907165527344,67.06900787353516,175.08062744140625,118.1984634399414
2025-07-30,208.0445098876953,508.21624755859375,292.5459899902344,107.7455825805664,162.38182067871094,148.51272583007812,347.5143737792969,66.45999908447266,178.83145141601562,117.83374786376953
2025-07-31,206.57162475585938,528.2778930664062,289.2361145019531,107.49522399902344,159.9353485107422,146.1715850830078,342.12701416015625,65.62863159179688,177.43487548828125,117.40988159179688
2025-08-01,201.40658569335938,518.9797973632812,282.5285339355469,105.5694808959961,162.44979858398438,146.346435546875,336.0662536621094,66.56632995605469,173.29502868652344,114.92584991455078
2025-08-04,202.3719482421875,530.39697265625,287.3029479980469,103.38375854492188,166.0515899658203,146.4532928466797,338.8390808105469,66.66299438476562,179.55967712402344,117.64645385742188
2025-08-05,201.9439697265625,522.5841674804688,284.48126220703125,103.25858306884766,165.76036071777344,146.21041870117188,334.164794921875,66.75000762939453,177.82391357421875,116.63116455078125
2025-08-06,212.2242889404297,519.8016967773438,284.46173095703125,102.55567932128906,165.61471557617188,148.49330139160156,336.45245361328125,67.1946792602539,178.9810791015625,113.52611541748047
2025-08-07,218.97169494628906,515.7418212890625,280.156005859375,102.0164794921875,166.5272979736328,149.1053009033203,328.8764953613281,68.08403778076172,180.32777404785156,111.26880645751953
2025-08-08,228.24688720703125,516.9299926757812,281.93292236328125,102.83492279052734,168.27481079101562,149.12472534179688,333.5211181640625,67.99703216552734,182.2530517578125,110.82523345947266
2025-08-11,226.3438720703125,516.6627197265625,282.71405029296875,101.90093231201172,168.7505340576172,150.552734375,332.6496276855469,68.39337158203125,181.61460876464844,110.94351959228516
2025-08-12,228.80477905273438,524.0595703125,285.92626953125,102.18978881835938,167.7408447265625,150.65960693359375,334.0682373046875,68.35469818115234,182.71192932128906,112.0968246459961
2025-08-13,232.4712677001953,515.4844360351562,283.6611328125,103.60520935058594,169.33302307128906,150.970458984375,339.8321228027344,68.11302947998047,181.145751953125,114.97514343261719
2025-08-14,231.9232940673828,517.3657836914062,287.2052917480469,103.39337158203125,169.62428283691406,149.34817504882812,342.7488098144531,67.23336029052734,181.57470703125,114.64984130859375
2025-08-15,230.73765563964844,515.0783081054688,283.6220397949219,103.49057006835938,171.48828125,149.95045471191406,341.7369384765625,67.59101867675781,180.008544921875,113.74298095703125
2025-08-18,230.04022216796875,512.0385131835938,284.637451171875,103.71409606933594,171.10964965820312,151.27159118652344,340.0206604003906,66.82733917236328,181.56472778320312,114.88642883300781
2025-08-19,229.71145629882812,504.7801513671875,283.7880554199219,104.39437103271484,172.6144561767578,153.8750457763672,339.73297119140625,67.79402923583984,175.2103271484375,114.61041259765625
2025-08-20,225.1781768798828,500.7698669433594,285.3306579589844,105.47311401367188,173.6240997314453,154.95333862304688,341.2012023925781,68.34503173828125,174.97091674804688,115.36943054199219
2025-08-21,224.07228088378906,500.1251220703125,284.57891845703125,106.15340423583984,173.7114715576172,154.19561767578125,340.963134765625,68.3063735961914,174.5519256591797,114.55126953125
2025-08-22,226.9217529296875,503.09075927734375,289.2361145019531,108.1456527709961,174.06097412109375,154.13731384277344,347.2627258300781,67.79402923583984,177.55458068847656,117.1634521484375
2025-08-25,226.323974609375,500.14495849609375,287.92779541015625,108.59268188476562,173.20664978027344,151.68931579589844,346.05242919921875,66.63399505615234,179.37013244628906,116.02986145019531
2025-08-26,228.46603393554688,497.94305419921875,291.510986328125,108.34972381591797,172.60032653808594,151.51446533203125,348.3937072753906,66.44066619873047,181.3253173828125,115.9707260131836
2025-08-27,229.6417236328125,502.604736328125,292.2042236328125,109.5742416381836,172.89370727539062,152.4761962890625,347.57025146484375,66.5373306274414,181.15576171875,116.40443420410156
2025-08-28,231.70408630371094,505.4810485839844,293.951904296875,110.15734100341797,171.58323669433594,151.20359802246094,347.08416748046875,66.08299255371094,179.72923278808594,115.96086883544922
2025-08-29,231.28562927246094,502.5551452636719,294.29364013671875,111.07086181640625,173.26531982421875,152.5538787841797,348.98895263671875,66.69200134277344,173.75389099121094,116.69029998779297
2025-09-02,228.87454223632812,500.9979248046875,292.6143493652344,111.45960235595703,174.13571166992188,153.47674560546875,347.29248046875,66.7596664428711,170.36219787597656,116.58187103271484
2025-09-03,237.59234619140625,501.2260437011719,292.4288024902344,108.75790405273438,174.07704162597656,153.65159606933594,348.086181640625,66.69200134277344,170.20260620117188,115.70457458496094
2025-09-04,238.89752197265625,503.82470703125,296.6369323730469,109.23410034179688,174.82029724121094,154.64247131347656,348.2052001953125,65.97665405273438,171.2400665283203,117.1141586303711
2025-09-05,238.80783081054688,490.9605712890625,287.42010498046875,106.15340423583984,174.49755859375,155.4487762451172,340.496826171875,65.6963119506836,166.61141967773438,116.22701263427734
2025-09-08,237.00450134277344,494.13446044921875,285.98486328125,106.75592041015625,174.2041778564453,154.4676055908203,339.5841369628906,65.18395233154297,167.89825439453125,117.14373779296875
2025-09-09,233.48748779296875,494.34271240234375,290.8080749511719,107.53339385986328,173.0599822998047,154.90476989746094,341.2607727050781,65.5996322631836,170.34225463867188,115.6947250366211
2025-09-10,225.955322265625,496.2867126464844,293.4344482421875,109.33128356933594,171.91575622558594,152.85504150390625,335.4372863769531,65.56096649169922,176.8961944580078,114.13726806640625
2025-09-11,229.18341064453125,496.9214782714844,298.33575439453125,108.9814224243164,174.5660400390625,154.09848022460938,340.76470947265625,65.36764526367188,176.74655151367188,115.40885925292969
2025-09-12,233.2085418701172,505.7389221191406,299.6538391113281,109.00086975097656,174.13571166992188,153.3893280029297,336.7369079589844,64.7779541015625,177.39500427246094,114.30484771728516
2025-09-15,235.828857421875,511.1543884277344,301.5968017578125,109.18550872802734,173.49026489257812,152.3498992919922,336.35992431640625,64.49546813964844,177.32518005371094,113.9697036743164
2025-09-16,237.2735137939453,504.885986328125,301.87994384765625,111.44988250732422,172.5709991455078,153.5350341796875,337.3321533203125,64.5246810913086,174.4620361328125,113.58527374267578
2025-09-17,238.11044311523438,505.8579406738281,304.37939453125,112.0427017211914,173.294677734375,155.74990844726562,343.4532165527344,65.30396270751953,169.8829803466797,114.44284057617188
2025-09-18,237.00450134277344,504.30078125,305.824462890625,110.72100830078125,170.32167053222656,152.82591247558594,335.496826171875,64.73898315429688,175.81878662109375,113.22054290771484
2025-09-19,244.59646606445312,513.703369140625,307.3377685546875,109.64227294921875,172.30694580078125,151.5824432373047,338.89959716796875,64.70976257324219,176.24774169921875,112.13624572753906
2025-09-22,255.13751220703125,510.2518615722656,305.0531005859375,108.86479949951172,170.37059020996094,148.69729614257812,341.6278076171875,64.49546813964844,183.17117309570312,110.953369140625
2025-09-23,253.4935760498047,505.0744323730469,305.34600830078125,110.74044036865234,172.68833923339844,148.14358520507812,336.0127258300781,64.98251342773438,178.0035400390625,110.6478042602539
2025-09-24,251.38140869140625,505.98687744140625,306.00994873046875,111.333251953125,172.79591369628906,148.0658721923828,335.99285888671875,64.72924041748047,176.54702758789062,111.81095886230469
2025-09-25,255.9246063232422,502.8923645019531,306.0392150878906,112.3342514038086,173.81298828125,147.80357360839844,332.2726135253906,64.27141571044922,177.2653045654297,111.37723541259766
2025-09-26,254.51980590820312,507.28619384765625,308.5874938964844,113.91834259033203,175.74935913085938,148.14358520507812,334.69329833984375,63.96944046020508,177.76409912109375,111.85038757324219
2025-09-29,253.4935760498047,510.4005432128906,308.2262878417969,111.00284576416016,177.61727905273438,149.1441650390625,337.4611511230469,64.32986450195312,181.41537475585938,113.14168548583984
2025-09-30,253.69287109375,513.7233276367188,307.9723815917969,109.5742416381836,181.33352661132812,149.26072692871094,338.67144775390625,64.60260772705078,186.13406372070312,112.86568450927734
2025-10-01,254.50985717773438,515.4688720703125,303.364013671875,108.83564758300781,181.94961547851562,148.80413818359375,345.07025146484375,65.05070495605469,186.79248046875,111.33780670166016
2025-10-02,256.18365478515625,511.53125,300.2787170410156,108.15536499023438,181.8811798095703,147.70643615722656,343.2051696777344,64.3883056640625,188.43853759765625,110.53936767578125
2025-10-03,257.07037353515625,513.1281127929688,302.7000427246094,110.06989288330078,184.48255920410156,147.92015075683594,347.0643310546875,64.92406463623047,187.1715850830078,110.86466217041016
2025-10-06,255.7452850341797,524.256591796875,303.3377685546875,110.98340606689453,184.01312255859375,146.11329650878906,346.5087585449219,64.3883056640625,185.09654235839844,111.14066314697266
2025-10-07,255.5360565185547,519.7040405273438,301.8759765625,111.04171752929688,184.72705078125,148.18243408203125,349.6238708496094,65.06044006347656,184.5977325439453,110.9238052368164
2025-10-08,257.1102600097656,520.5669555664062,298.2850646972656,110.8084716796875,185.50941467285156,146.38528442382812,348.572265625,64.40779876708984,188.65802001953125,110.29293823242188
2025-10-09,253.1050262451172,518.1369018554688,299.75677490234375,109.72974395751953,186.86875915527344,146.2784423828125,344.2865295410156,64.65131378173828,192.1097412109375,109.40577697753906
2025-10-10,244.3673095703125,506.7903137207031,295.2044372558594,107.61113739013672,186.51669311523438,145.41387939453125,340.9234619140625,65.30396270751953,182.72222900390625,107.63147735595703
2025-10-13,246.74851989746094,509.8551025390625,302.1506652832031,109.07860565185547,186.69273376464844,143.27670288085938,340.5762023925781,65.0701904296875,187.86990356445312,108.69606018066406
2025-10-14,246.8581085205078,509.3789978027344,296.3719482421875,109.12720489501953,186.6438446044922,144.8990020751953,345.61590576171875,65.76179504394531,179.59971618652344,109.58321380615234
2025-10-15,248.42233276367188,509.24017333984375,299.91375732421875,108.46635437011719,186.956787109375,143.20870971679688,342.947265625,65.34293365478516,179.40017700195312,110.1155014038086
2025-10-16,246.53929138183594,507.4349670410156,292.8988342285156,107.52368927001953,187.88584899902344,145.32644653320312,332.7389221191406,65.83972930908203,181.37545776367188,108.3116226196289
2025-10-17,251.36146545410156,509.388916015625,291.9373779296875,109.07860565185547,188.96160888671875,147.07498168945312,339.17742919921875,66.66771697998047,182.78207397460938,109.09034729003906
2025-10-20,261.2748718261719,512.5726928710938,296.6466369628906,109.52564239501953,189.45057678222656,147.61900329589844,341.6773986816406,66.66771697998047,182.20347595214844,110.3619384765625
2025-10-21,261.80291748046875,513.4356079101562,291.4761962890625,109.53536987304688,187.65115356445312,147.2886962890625,344.4552001953125,69.375732421875,180.72702026367188,112.66854095458984
2025-10-22,257.49884033203125,516.2920532226562,288.55255126953125,111.47904205322266,188.6877899169922,147.85214233398438,342.6198425292969,68.97633361816406,179.84913635253906,111.46595001220703
2025-10-23,258.6246337890625,516.3119506835938,288.9744567871094,112.71327209472656,188.2281494140625,147.86187744140625,343.2151184082031,68.12887573242188,181.72462463378906,111.41666412353516
2025-10-24,261.85272216796875,519.3370971679688,294.762939453125,112.13988494873047,186.20375061035156,149.1697540283203,344.6238708496094,67.90483093261719,185.81480407714844,110.0859375
2025-10-27,267.8207092285156,527.1825561523438,298.40283203125,112.67440032958984,186.10597229003906,148.4361114501953,345.06036376953125,68.24575805664062,191.03231811523438,110.73651123046875
2025-10-28,268.010009765625,537.6463623046875,299.5899963378906,111.79002380371094,182.8102264404297,148.0741424560547,344.1476745605469,68.34318542480469,200.5495147705078,110.05636596679688
2025-10-29,268.7073974609375,537.130615234375,299.7371826171875,113.1700210571289,182.48751831054688,145.53074645996094,338.57220458984375,66.58003997802734,206.54515075683594,108.66648864746094
2025-10-30,270.4011535644531,521.4695434570312,303.5928649902344,111.45960235595703,184.88351440429688,146.32313537597656,342.2924499511719,67.19373321533203,202.40505981445312,110.24365234375
2025-10-31,269.37493896484375,513.5844116210938,305.2411193847656,111.1388931274414,184.7074737548828,147.09591674804688,338.0365295410156,67.11580657958984,202.00604248046875,111.01252746582031
2025-11-03,268.05975341796875,512.810791015625,303.5046081542969,110.55580139160156,182.15499877929688,144.79708862304688,334.22698974609375,66.20987701416016,206.3855438232422,110.51966094970703
2025-11-04,269.0461730957031,510.1327819824219,303.406494140625,110.92509460449219,182.7417755126953,143.96559143066406,337.6000061035156,66.88201904296875,198.21511840820312,109.87893676757812
2025-11-05,269.14581298828125,503.02130126953125,305.7905578613281,110.4780502319336,181.90072631835938,142.61563110351562,337.34210205078125,66.73590850830078,194.74343872070312,109.77050018310547
2025-11-06,268.7771301269531,493.04339599609375,307.4977111816406,111.27496337890625,182.849365234375,142.94822692871094,334.2864990234375,67.27165985107422,187.63047790527344,108.91291809082031
2025-11-07,267.4819030761719,492.76568603515625,308.2727355957031,113.91834259033203,182.45816040039062,143.77972412109375,333.3539733886719,68.72307586669922,187.70030212402344,109.15935516357422
2025-11-10,268.6986083984375,501.8708190917969,310.9021301269531,114.89018249511719,184.2576141357422,142.3319549560547,332.1932373046875,68.69385528564453,198.57424926757812,110.637939453125
2025-11-11,274.5028076171875,504.5289001464844,309.6560974121094,116.40623474121094,189.5581512451172,145.30575561523438,336.23101806640625,69.75563049316406,192.69833374023438,113.21068572998047
2025-11-12,272.7276611328125,506.96881103515625,314.3555908203125,114.79299926757812,190.10580444335938,144.78729248046875,336.8572082519531,69.65821838378906,193.33680725097656,114.98500061035156
2025-11-13,272.2090759277344,499.1828918457031,303.63214111328125,115.44412231445312,190.94686889648438,144.73838806152344,334.0738830566406,69.22960662841797,186.41339111328125,106.07402801513672
2025-11-14,271.6705017089844,506.0166320800781,297.8730163574219,116.94403076171875,191.61187744140625,144.45469665527344,328.050048828125,69.3172836303711,189.71546936035156,104.28986358642578
2025-11-17,266.73394775390625,503.3486022949219,294.6942443847656,115.36569213867188,195.18145751953125,142.64498901367188,323.8055725097656,68.84970092773438,186.15402221679688,104.18143463134766
2025-11-18,266.7140197753906,489.7604064941406,293.7524108886719,116.68914794921875,195.59217834472656,143.78952026367188,319.2628479003906,69.375732421875,180.92654418945312,104.76300811767578
2025-11-19,267.8309631347656,483.1448669433594,297.5394592285156,115.04218292236328,198.04684448242188,143.78952026367188,322.185302734375,69.26856994628906,186.07420349121094,103.17598724365234
2025-11-20,265.5272521972656,475.4139099121094,292.74188232421875,114.71866607666016,198.5945281982422,144.96337890625,321.8373718261719,69.36598205566406,180.20823669433594,101.2341079711914
2025-11-21,270.75299072265625,469.1436462402344,292.3886413574219,114.7774887084961,199.40621948242188,147.63394165039062,326.0222473144531,71.06092834472656,178.4524688720703,102.79155731201172
2025-11-24,275.1709899902344,471.0118408203125,292.3690490722656,113.68932342529297,201.5088348388672,143.77972412109375,327.3343811035156,70.71024322509766,182.11370849609375,100.4849624633789
2025-11-25,276.2181701660156,473.9829406738281,297.2745361328125,112.25802612304688,203.39846801757812,145.25685119628906,332.5331726074219,70.729736328125,177.39500427246094,101.83539581298828
2025-11-26,276.79656982421875,482.4393005371094,301.826904296875,112.5129165649414,204.2743682861328,145.02207946777344,331.7975769042969,70.99273681640625,179.82916259765625,101.95369720458984
2025-11-28,278.0930480957031,488.9082946777344,307.16412353515625,113.64030456542969,203.64450073242188,144.9340362548828,332.4437255859375,71.22651672363281,176.57696533203125,102.97885131835938
2025-12-01,282.3315124511719,483.6714782714844,303.082763671875,114.33634185791016,202.08950805664062,144.22972106933594,328.41790771484375,70.57909393310547,179.48997497558594,105.24601745605469
2025-12-02,285.4131164550781,486.91094970703125,302.0623779296875,113.11092376708984,202.16824340820312,142.6841278076172,327.6524658203125,69.32347869873047,181.02630615234375,103.3337173461914
2025-12-03,283.378662109375,474.7182922363281,306.2320556640625,115.48332977294922,202.0796661376953,143.51560974121094,327.64251708984375,69.4608154296875,179.16075134277344,104.23072052001953
2025-12-04,279.9380187988281,477.8086853027344,310.1270446777344,114.83631134033203,199.27479553222656,142.1950225830078,325.1475524902344,69.10767364501953,182.951904296875,103.9645767211914
2025-12-05,278.0232238769531,480.11407470703125,309.08709716796875,114.24810791015625,198.73348999023438,140.3265838623047,329.2627868652344,68.66625213623047,181.98416137695312,103.79700469970703
2025-12-08,277.1356506347656,487.9245300292969,309.25384521484375,113.69912719726562,198.4283905029297,135.32785034179688,324.8890686035156,68.91149139404297,185.11683654785156,106.09374237060547
2025-12-09,276.42755126953125,488.9181823730469,294.8316650390625,115.92448425292969,196.794677734375,136.5897674560547,324.55108642578125,68.75453186035156,184.53817749023438,105.49244689941406
2025-12-10,278.0232238769531,475.5430603027344,304.25018310546875,117.1891098022461,203.2705078125,136.775634765625,323.78570556640625,68.87225341796875,183.35096740722656,107.27661895751953
2025-12-11,277.2752685546875,480.422119140625,311.3828430175781,117.1891098022461,206.68557739257812,137.69515991210938,343.5669250488281,67.79320526123047,180.50759887695312,109.86907196044922
2025-12-12,277.52459716796875,475.51324462890625,312.50128173828125,116.48326873779297,208.23074340820312,139.72987365722656,345.7537536621094,69.17634582519531,174.6114044189453,110.00707244873047
2025-12-15,273.3658752441406,471.82666015625,313.97296142578125,115.44412231445312,210.77972412109375,141.97000122070312,344.81939697265625,69.61776733398438,175.87843322753906,109.64981079101562
2025-12-16,273.8645324707031,473.38677978515625,309.58740234375,112.42469024658203,205.98681640625,142.04827880859375,343.0500183105469,69.02920532226562,177.30511474609375,110.77122497558594
2025-12-17,271.10205078125,473.1184387207031,309.0282287597656,115.10101318359375,207.00050354003906,144.59165954589844,342.35418701171875,69.32347869873047,170.5409393310547,109.78874969482422
2025-12-18,271.4511413574219,480.92889404296875,307.0856018066406,114.24810791015625,205.01248168945312,142.3515167236328,343.94464111328125,69.0193862915039,173.73345947265625,111.01932525634766
2025-12-19,272.9271240234375,482.8566589355469,311.2160339355469,114.3951644897461,203.10321044921875,141.31459045410156,347.1653137207031,68.72510528564453,180.56747436523438,110.39411163330078
2025-12-22,270.23443603515625,481.8630065917969,316.98492431640625,115.82644653320312,204.0381622314453,139.5831298828125,349.98834228515625,68.87225341796875,183.26116943359375,111.52543640136719
2025-12-23,271.62066650390625,483.78082275390625,319.77130126953125,117.07146453857422,202.52255249023438,140.0624542236328,351.2706298828125,68.53873443603516,188.76828002929688,112.35905456542969
2025-12-24,273.06671142578125,484.94342041015625,322.9500732421875,116.87541198730469,204.4908905029297,141.34396362304688,353.0201416015625,68.77415466308594,188.169677734375,113.6094741821289
2025-12-26,272.6578369140625,484.6354064941406,321.7138977050781,116.76757049560547,204.34326171875,141.5885009765625,352.8810119628906,68.53873443603516,190.085205078125,112.69646453857422
2025-12-29,273.0168762207031,484.02923583984375,317.6324768066406,118.1596450805664,204.2743682861328,141.4221954345703,352.4932861328125,68.82321166992188,187.7805938720703,113.3216781616211
2025-12-30,272.3387145996094,484.4068603515625,317.3087158203125,118.610595703125,203.6346435546875,140.9135284423828,351.5091857910156,68.73492431640625,187.1021728515625,113.9171142578125
2025-12-31,271.12200927734375,480.5711669921875,316.13140869140625,117.97338104248047,203.6740264892578,140.1896514892578,348.6165771484375,68.57796478271484,186.0646209716797,112.90486907958984
2026-01-02,270.2743225097656,469.95849609375,319.3298034667969,120.23795318603516,204.06768798828125,138.70272827148438,344.4118347167969,67.80302429199219,188.4091339111328,110.99947357177734
2026-01-05,266.5345153808594,469.86907958984375,327.7280578613281,122.8946533203125,201.0758056640625,137.31365966796875,351.6881408691406,66.6455078125,187.6808319091797,113.20259094238281
2026-01-06,261.6477966308594,475.493408203125,329.76806640625,118.66942596435547,201.5482177734375,136.86366271972656,355.42572021484375,66.54740142822266,186.80288696289062,113.69879150390625
2026-01-07,259.623291015625,480.422119140625,322.25836181640625,116.15975952148438,204.20547485351562,135.0343780517578,353.7557067871094,66.25312042236328,188.66851806640625,112.0514144897461
2026-01-08,258.3368225097656,475.09588623046875,325.0178527832031,120.49284362792969,202.49301147460938,138.44837951660156,350.1275329589844,68.04826354980469,184.60801696777344,113.30182647705078
2026-01-09,258.6659240722656,476.2585144042969,324.4265441894531,122.15940856933594,201.15455627441406,138.78099060058594,347.68218994140625,69.16654205322266,184.42843627929688,114.99882507324219
2026-01-12,259.5435485839844,474.1717529296875,319.7945251464844,121.59081268310547,206.4001922607422,140.33636474609375,341.15142822265625,69.15672302246094,184.5082550048828,111.96209716796875
2026-01-13,260.34136962890625,467.70281982421875,306.4011535644531,124.05144500732422,210.26795959472656,141.09938049316406,325.9228515625,69.88262176513672,185.376220703125,112.12088012695312
2026-01-14,259.2543029785156,456.4840087890625,303.4150085449219,127.63945770263672,215.09039306640625,143.1634521484375,327.2052001953125,70.07882690429688,182.71243286132812,112.66669464111328
2026-01-15,257.5090637207031,453.7811584472656,304.7849426269531,126.59052276611328,216.09425354003906,141.48089599609375,325.79364013671875,69.1371078491211,186.6133270263672,112.54761505126953
2026-01-16,254.8363494873047,456.9609680175781,307.9484558105469,127.33556365966797,215.1986541748047,141.38307189941406,326.34033203125,69.09786987304688,185.79522705078125,110.35440826416016
2026-01-20,246.0303192138672,451.65460205078125,298.3592529296875,127.89437103271484,214.7557830810547,143.79928588867188,323.87518310546875,70.3829116821289,177.65428161621094,109.5009536743164
2026-01-21,246.9777374267578,441.3102111816406,297.66943359375,130.982421875,214.55894470214844,142.8797607421875,323.33837890625,70.63795471191406,182.8920440673828,112.32928466796875
2026-01-22,247.67584228515625,448.2959289550781,299.23638916015625,131.01182556152344,215.03135681152344,146.6654815673828,324.41192626953125,70.50061798095703,184.40847778320312,112.34912872314453
2026-01-23,247.36666870117188,463.0125732421875,293.4118957519531,132.315673828125,216.6552276611328,147.92355346679688,324.2330017089844,71.49137878417969,187.23187255859375,110.13609313964844
2026-01-26,254.7166748046875,467.31524658203125,296.6838684082031,132.18821716308594,217.98385620117188,147.2733612060547,326.5292053222656,71.17747497558594,186.03468322753906,110.46357727050781
2026-01-27,257.5688781738281,477.55035400390625,295.96441650390625,134.13906860351562,220.8871612548828,146.14039611816406,323.3185119628906,72.14861297607422,188.07989501953125,109.76890563964844
2026-01-28,255.743896484375,478.59368896484375,296.417724609375,134.87432861328125,224.11524963378906,145.1552276611328,325.02825927734375,71.6679458618164,191.07289123535156,108.72688293457031
2026-01-29,257.5788879394531,430.76715087890625,301.98602294921875,137.7467041015625,223.69203186035156,147.67726135253906,329.8194580078125,72.03089141845703,192.06057739257812,110.73152923583984
2026-01-30,258.775634765625,427.5773620605469,301.46368408203125,138.61920166015625,223.6526641845703,149.51954650878906,319.9089660644531,73.38459777832031,190.68380737304688,111.94225311279297
2026-02-02,269.2770690917969,420.7010192871094,303.68115234375,135.67819213867188,227.0972900390625,150.91848754882812,331.8472900390625,73.89469909667969,185.17669677734375,103.6557388305664
2026-02-03,268.7485046386719,408.6176452636719,310.2940368652344,140.90338134765625,229.4100799560547,153.01690673828125,326.96661376953125,75.42496490478516,179.91897583007812,103.427490234375
2026-02-04,275.7394104003906,411.5788879394531,312.6789855957031,144.68746948242188,230.7583770751953,154.54391479492188,327.98052978515625,75.87621307373047,173.78334045410156,106.23597717285156
2026-02-05,275.1610412597656,391.188232421875,305.6719055175781,143.20718383789062,234.02581787109375,156.25811767578125,327.1653747558594,77.01410675048828,171.47872924804688,104.17179107666016
2026-02-06,277.364990234375,398.61114501953125,317.7347717285156,146.1187744140625,236.19100952148438,156.80979919433594,329.6007995605469,77.5241928100586,184.97714233398438,107.87342071533203
2026-02-09,274.13079833984375,410.9925842285156,317.43914794921875,148.2362823486328,234.86236572265625,154.99710083007812,323.6365966796875,76.48440551757812,189.59634399414062,106.31536102294922
2026-02-10,273.19244384765625,410.6646728515625,313.67437744140625,148.6088104248047,234.5769805908203,156.7211456298828,326.8838195800781,75.34648895263672,188.09983825683594,109.12384033203125
2026-02-11,275.00921630859375,401.82073974609375,306.3223571777344,152.50074768066406,237.0472412109375,157.62750244140625,327.9496154785156,77.1023941040039,189.6063232421875,107.29783630371094
2026-02-12,261.2637939453125,399.30670166015625,298.2607116699219,147.9611358642578,240.67881774902344,158.81956481933594,322.909423828125,77.4947738647461,186.5035858154297,101.60147857666016
2026-02-13,255.32435607910156,398.7900085449219,298.1719970703125,146.50057983398438,239.5962371826172,157.6964874267578,312.8490295410156,77.18087005615234,182.3832244873047,104.64813232421875
2026-02-17,263.4099426269531,394.3581237792969,302.68572998046875,144.270263671875,239.47813415527344,157.18417358398438,318.247802734375,78.04409790039062,184.53817749023438,104.63821411132812
2026-02-18,263.8791198730469,397.0808410644531,304.3118591308594,148.7012939453125,241.1118621826172,154.53407287597656,319.0446472167969,77.97543334960938,187.5411376953125,106.28559112548828
2026-02-19,260.11578369140625,396.8517761230469,303.5924072265625,148.98748779296875,243.00146484375,156.20884704589844,317.6800231933594,77.406494140625,187.46133422851562,105.19395446777344
2026-02-20,264.1086730957031,395.6267395019531,306.29278564453125,145.345947265625,238.65142822265625,158.39593505859375,319.692138671875,78.31876373291016,189.3768768310547,104.77715301513672
2026-02-23,265.705810546875,382.918212890625,293.3626708984375,148.78024291992188,241.9484100341797,162.72085571289062,305.3186340332031,79.0250473022461,191.1028289794922,103.61605072021484
2026-02-24,271.6552429199219,387.4299621582031,292.9979553222656,147.29994201660156,243.6699676513672,162.8292236328125,306.01593017578125,79.18199157714844,192.39979553222656,105.24357604980469
2026-02-25,273.74151611328125,398.9831237792969,298.9111328125,147.10256958007812,242.5717315673828,160.9672393798828,311.7632751464844,78.93675994873047,195.10345458984375,104.25118255615234
2026-02-26,272.4637756347656,400.0986022949219,301.7002258300781,146.58938598632812,240.88975524902344,161.3218994140625,315.4587707519531,78.96619415283203,184.45835876464844,104.74738311767578
2026-02-27,263.7093811035156,391.15484619140625,295.9545593261719,150.49740600585938,245.79718017578125,164.72073364257812,318.88531494140625,80.00598907470703,176.77635192871094,105.23365020751953
2026-03-02,264.2484130859375,396.9413757324219,293.2542419433594,152.19480895996094,245.92579650878906,161.08546447753906,319.25384521484375,78.69152069091797,182.0540008544922,103.53665924072266
2026-03-03,263.2801818847656,402.2996826171875,295.9151611328125,149.83619689941406,244.13497924804688,157.35165405273438,319.57257080078125,77.82828521728516,179.62965393066406,102.51448822021484
2026-03-04,262.0523376464844,403.5645751953125,295.0577697753906,147.85260009765625,242.7003631591797,155.95272827148438,319.2139892578125,76.6119155883789,182.61268615722656,102.2564697265625
2026-03-05,259.8263244628906,409.0224304199219,289.30224609375,148.78024291992188,237.0904541015625,151.70663452148438,318.5466003417969,75.56230163574219,182.9119873046875,101.63125610351562
2026-03-06,257.0013427734375,407.30938720703125,285.2911376953125,149.22434997558594,237.85227966308594,151.3519744873047,316.1161804199219,75.5721206665039,177.40487670898438,100.76787567138672
2026-03-09,259.41705322265625,407.757568359375,285.72479248046875,148.46444702148438,240.01905822753906,152.9183807373047,314.73162841796875,76.31764221191406,182.2235870361328,100.886962890625
2026-03-10,260.3653564453125,404.122314453125,284.552001953125,146.18479919433594,241.12721252441406,153.69667053222656,313.1976623535156,76.39611053466797,184.33865356445312,100.54954528808594
2026-03-11,260.3453674316406,403.245849609375,283.3594970703125,149.5894775390625,240.41482543945312,151.04656982421875,307.74908447265625,76.15087127685547,185.60574340820312,100.12281036376953
2026-03-12,255.30438232421875,400.238037109375,278.7965393066406,151.5138702392578,239.47488403320312,148.26837158203125,305.29876708984375,76.13125610351562,182.72235107421875,98.67391967773438
2026-03-13,249.6744384765625,393.9534912109375,279.3385314941406,154.06985473632812,238.9604034423828,148.41615295410156,305.9362487792969,76.38804626464844,179.83892822265625,98.53498077392578
2026-03-16,252.36964416503906,398.33575439453125,282.0191650390625,155.165283203125,240.61270141601562,149.86434936523438,308.8945617675781,76.86214447021484,182.8021697998047,97.90977478027344
2026-03-17,253.77711486816406,397.79791259765625,282.7386474609375,156.7245330810547,235.5865478515625,149.2338409423828,307.25103759765625,76.62510681152344,181.5150909423828,99.53730010986328
2026-03-18,249.49476623535156,390.2087097167969,283.5762939453125,155.5205535888672,234.7653350830078,144.53457641601562,297.8480529785156,75.03491973876953,179.98858642578125,98.66399383544922
2026-03-19,248.5165252685547,387.4498596191406,283.8030090332031,156.08306884765625,235.0819549560547,142.69229125976562,298.53533935546875,74.62008666992188,178.1527862548828,98.44566345214844
2026-03-20,247.54823303222656,380.3287353515625,282.41339111328125,157.5732421875,232.87557983398438,142.14060974121094,300.4378662109375,73.8299331665039,172.30613708496094,98.75331115722656
2026-03-23,251.04200744628906,381.4541931152344,285.71490478515625,159.0140838623047,232.925048828125,141.85491943359375,303.246826171875,74.18550109863281,175.23944091796875,97.20516967773438
2026-03-24,251.1917266845703,371.2355651855469,288.16888427734375,163.20826721191406,232.77664184570312,141.03721618652344,302.5694885253906,73.75091552734375,174.80044555664062,95.65703582763672
2026-03-25,252.16998291015625,369.5424499511719,291.14520263671875,161.11610412597656,237.3872528076172,141.78594970703125,303.7149658203125,74.32377624511719,178.2725067138672,95.22037506103516
2026-03-26,252.43951416015625,364.492919921875,287.4395751953125,163.25759887695312,236.70458984375,140.30819702148438,304.33251953125,73.77067565917969,170.8494873046875,94.02950286865234
2026-03-27,248.35679626464844,355.33001708984375,278.7472229003906,168.7445831298828,237.90174865722656,140.59390258789062,294.3617858886719,74.77812194824219,167.13795471191406,91.71721649169922
2026-03-30,246.19065856933594,357.51116943359375,279.66375732421875,169.21827697753906,239.92013549804688,142.57408142089844,298.36602783203125,75.33122253417969,164.79331970214844,93.60277557373047
2026-03-31,253.337890625,368.67596435546875,289.9034118652344,167.4320526123047,241.84947204589844,142.29823303222656,301.055419921875,75.11393737792969,174.0022735595703,95.64710998535156
2026-04-01,255.17462158203125,367.8791809082031,291.10577392578125,158.66867065429688,241.53285217285156,141.95343017578125,297.3400573730469,75.14356231689453,175.3491973876953,95.82573699951172
2026-04-02,255.464111328125,371.9526672363281,290.3370361328125,158.57984924316406,240.46429443359375,140.997802734375,299.6210632324219,75.77568817138672,176.98544311523438,95.87535858154297
2026-04-06,258.3988342285156,371.375,292.6649169921875,161.2246551513672,238.41622924804688,140.6529998779297,302.1411437988281,76.26953887939453,177.23487854003906,95.54786682128906
2026-04-07,253.0484161376953,370.78741455078125,294.5965270996094,161.757568359375,235.8833770751953,139.2047882080078,301.3642272949219,74.97566223144531,177.69383239746094,95.05167388916016
2026-04-08,258.43878173828125,372.81915283203125,305.0668640136719,154.16854858398438,238.7427520751953,142.75140380859375,307.74908447265625,76.33866882324219,181.66476440429688,98.42581939697266
2026-04-09,260.02593994140625,371.56427001953125,307.40460205078125,153.00404357910156,238.7526397705078,144.48532104492188,307.08172607421875,77.21771240234375,183.49058532714844,99.03118133544922
2026-04-10,260.0159912109375,369.3731384277344,306.948974609375,150.5072479248047,235.93284606933594,143.007568359375,303.1671142578125,76.5164566040039,188.1998291015625,98.4158935546875
2026-04-13,258.73828125,382.8186340332031,310.7230529785156,150.63555908203125,235.43814086914062,141.4509735107422,308.17742919921875,75.4695053100586,188.87826538085938,100.41060638427734
2026-04-14,258.368896484375,391.5233459472656,308.1871643066406,147.28021240234375,237.5554656982422,142.2391357421875,310.149658203125,74.96578216552734,196.0618438720703,101.80988311767578
2026-04-15,265.95538330078125,409.5602722167969,303.0461120605469,147.05322265625,236.14060974121094,141.2539520263672,314.671875,74.38304138183594,198.41647338867188,102.2564697265625
2026-04-16,262.9307556152344,418.56378173828125,307.0282287597656,149.98422241210938,232.05438232421875,140.9879608154297,313.86505126953125,74.25464630126953,197.8976593017578,103.10992431640625
2026-04-17,269.7486267089844,421.0835876464844,307.3650207519531,144.5169677734375,231.6981964111328,144.75131225585938,315.7774963378906,74.80774688720703,201.2200469970703,105.48175048828125
2026-04-20,272.5635681152344,416.38262939453125,314.0018615722656,145.7406768798828,228.2451934814453,142.34750366210938,312.7095642089844,74.55094909667969,201.59918212890625,105.4916763305664
2026-04-21,265.69586181640625,422.44805908203125,310.0494689941406,146.41175842285156,223.76318359375,140.20968627929688,308.72528076171875,73.78054809570312,199.42417907714844,103.49696350097656
2026-04-22,272.68341064453125,431.1726989746094,310.06927490234375,147.5367889404297,223.70384216308594,140.7318115234375,310.0699462890625,73.7114028930664,202.03819274902344,104.0229263305664
2026-04-23,272.9429016113281,414.07196044921875,308.7518310546875,148.5532684326172,228.2056121826172,143.54940795898438,307.66943359375,75.34109497070312,199.18470764160156,102.86183166503906
2026-04-24,270.5771179199219,422.90618896484375,305.37396240234375,146.9545440673828,225.0889892578125,147.08203125,308.2073059082031,75.6867904663086,207.79502868652344,101.81980895996094
2026-04-27,267.1332702636719,423.1053771972656,308.6923828125,146.24400329589844,222.95188903808594,147.30039978027344,308.4363708496094,74.51144409179688,216.1160125732422,101.57170867919922
2026-04-28,270.2277526855469,427.5174865722656,308.51409912109375,148.58287048339844,225.37591552734375,148.064697265625,308.0877380371094,77.3856201171875,212.68385314941406,100.69840240478516
2026-04-29,269.688720703125,422.7467956542969,306.3348083496094,152.63890075683594,224.94058227539062,145.37478637695312,333.5475769042969,77.89922332763672,208.77279663085938,100.52970123291016
2026-04-30,270.86663818359375,406.1341552734375,310.2773132324219,152.30335998535156,227.41409301757812,146.00010681152344,328.5472412109375,77.79057312011719,199.11488342285156,102.96106719970703
2026-05-01,279.6409606933594,412.76727294921875,309.52447509765625,150.74411010742188,224.7822723388672,146.16883850097656,326.7443542480469,77.61279296875,197.99742126464844,102.2961654663086
2026-05-04,276.33685302734375,411.9505615234375,304.7498779296875,151.67176818847656,221.82395935058594,142.3572998046875,325.5690002441406,77.22759246826172,198.02734375,100.53961944580078
2026-05-05,283.67376708984375,409.7196350097656,306.4833984375,152.8461456298828,223.15966796875,143.82632446289062,320.76788330078125,77.51402282714844,196.05186462402344,99.71593475341797
2026-05-06,286.9978332519531,412.2891845703125,311.9315490722656,146.7374267578125,222.23951721191406,146.80410766601562,317.5505065917969,78.25479888916016,207.3560333251953,107.23828887939453
2026-05-07,286.9279479980469,419.07171630859375,303.3829040527344,144.65513610839844,220.15187072753906,144.9777374267578,320.0207824707031,77.46463775634766,211.01766967773438,107.83373260498047
2026-05-08,292.7974853515625,413.44451904296875,299.2522277832031,142.67153930664062,218.9744873046875,145.33506774902344,317.54058837890625,77.45476531982422,214.709228515625,107.19859313964844
2026-05-11,292.42779541015625,410.99444580078125,297.1719970703125,147.7144317626953,219.08331298828125,142.29774475097656,322.5906982421875,77.69181060791016,218.93955993652344,103.92369079589844
2026-05-12,294.54595947265625,406.1241760253906,302.0060119628906,148.65196228027344,221.88331604003906,142.8436737060547,325.8147277832031,79.0449447631836,220.27650451660156,105.35274505615234
2026-05-13,298.6124572753906,403.57452392578125,297.419677734375,149.57962036132812,227.97804260253906,141.18605041503906,319.7160339355469,79.2721176147461,225.3149871826172,104.10232543945312
2026-05-14,297.9530334472656,407.7774963378906,297.0828857421875,150.77371215820312,228.35403442382812,141.65257263183594,321.92193603515625,79.45977020263672,235.202392578125,104.61836242675781
2026-05-15,299.9713134765625,420.2170715332031,295.0026550292969,156.90402221679688,224.307373046875,140.52101135253906,325.1459655761719,79.82522583007812,224.80616760253906,101.93889617919922
2026-05-18,297.5833435058594,421.83056640625,297.8951416015625,159.45748901367188,226.4939422607422,141.33493041992188,332.023193359375,80.2005386352539,221.81300354003906,103.1198501586914
2026-05-19,298.7123718261719,415.7352600097656,292.91253662109375,161.50424194335938,227.56248474121094,140.2530059814453,329.2982482910156,80.91167449951172,220.1068878173828,101.51216888427734
2026-05-20,301.98956298828125,419.36053466796875,299.13336181640625,155.27456665039062,226.88970947265625,141.3845672607422,330.1366882324219,80.54623413085938,222.9603729248047,103.28855895996094
2026-05-21,304.7271728515625,418.3025207519531,300.14373779296875,154.2909393310547,229.27415466308594,142.3374481201172,330.5060119628906,80.17091369628906,219.0093994140625,102.7923583984375
2026-05-22,308.55389404296875,417.7835388183594,303.49188232421875,153.92332458496094,231.85650634765625,143.3697509765625,328.2701721191406,80.47710418701172,214.83892822265625,102.21676635742188
2026-05-26,308.0643005371094,415.248291015625,303.8484802246094,148.84619140625,229.0503387451172,141.9007110595703,325.8746337890625,79.46965789794922,214.37001037597656,102.49463653564453
2026-05-27,310.5821533203125,411.8946228027344,296.45880126953125,146.948486328125,230.15489196777344,146.39715576171875,327.00250244140625,80.6153793334961,212.1151580810547,103.3877944946289
2026-05-28,312.24072265625,426.18768310546875,293.932861328125,146.01454162597656,229.66729736328125,144.828857421875,324.3474426269531,79.4202651977539,213.76138305664062,102.94122314453125
2026-05-29,311.7911071777344,449.3940124511719,296.488525390625,144.32546997070312,224.22413635253906,142.4962615966797,325.75482177734375,78.0374984741211,210.6584930419922,101.05567169189453
2026-06-01,306.0460510253906,459.6546936035156,293.78424072265625,148.41897583007812,222.41307067871094,139.24057006835938,322.1714782714844,77.67205810546875,223.8483428955078,102.06790924072266
2026-06-02,314.92840576171875,440.48077392578125,298.1229553222656,148.59780883789062,221.79611206054688,139.77658081054688,316.7315979003906,77.44488525390625,222.3118438720703,100.63886260986328
2026-06-03,309.9926452636719,426.53704833984375,298.0140075683594,151.5487060546875,222.1444091796875,139.1512451171875,311.8207092285156,77.79057312011719,214.26025390625,98.63421630859375
2026-06-04,310.9618225097656,427.2456970214844,307.9593811035156,151.0618438720703,227.05020141601562,139.7368621826172,319.5862731933594,75.87445831298828,218.4156036376953,98.5845947265625
2026-06-05,307.0751647949219,415.8870849609375,309.4254150390625,148.9554901123047,231.6276397705078,145.4541778564453,322.9700012207031,78.50172424316406,204.87075805664062,98.95178985595703
2026-06-08,301.2801818847656,410.9663391113281,308.1772766113281,150.77371215820312,231.0206298828125,144.0248565673828,319.0772399902344,78.56097412109375,208.40679931640625,98.11817932128906
2026-06-09,290.29962158203125,402.6520080566406,309.7522888183594,147.95199584960938,235.8368682861328,147.5684051513672,324.4472351074219,80.33881378173828,207.95730590820312,98.57467651367188
2026-06-10,291.3287353515625,396.61334228515625,306.2258605957031,149.65098571777344,237.31956481933594,147.94558715820312,322.3611145019531,82.56111907958984,200.19598388671875,97.86015319824219
2026-06-11,295.375244140625,389.6065673828125,310.53485107421875,145.6568603515625,237.16033935546875,147.2408447265625,318.4583740234375,81.51416778564453,204.64100646972656,99.57699584960938
2026-06-12,290.879150390625,390.00579833984375,317.69671630859375,146.064208984375,239.6878662109375,148.50143432617188,321.7922058105469,81.60306549072266,204.96066284179688,99.27928161621094
2026-06-15,296.1645812988281,399.0088806152344,316.3891296386719,140.01339721679688,234.50344848632812,149.3451385498047,323.21954345703125,80.43006896972656,212.21253967285156,100.91673278808594
2026-06-16,298.9821472167969,393.0899963378906,328.0184631347656,140.9473419189453,234.02578735351562,151.360107421875,332.5022888183594,79.80380249023438,207.1781768798828,100.50984954833984
2026-06-17,295.6949768066406,378.1980285644531,330.31658935546875,139.8345489501953,233.0506134033203,149.44439697265625,329.76739501953125,79.45587921142578,204.42124938964844,100.0930404663086
2026-06-18,297.7532043457031,378.6871032714844,322.1542663574219,136.92340087890625,227.2691192626953,149.26573181152344,326.6331787109375,78.91908264160156,210.4545135498047,103.0999984741211
2026-06-22,296.75408935546875,366.6497802734375,328.3552551269531,137.57916259765625,230.15489196777344,146.58572387695312,325.994384765625,79.0582504272461,208.41677856445312,101.67095184326172
2026-06-23,294.04638671875,373.23736572265625,330.9902038574219,138.83103942871094,237.9066619873047,149.74217224121094,327.87091064453125,79.8336181640625,199.81640625,102.74273681640625
2026-06-24,292.8274230957031,364.7733154296875,330.30670166015625,136.01925659179688,239.81723022460938,150.91342163085938,331.61395263671875,80.12190246582031,198.77757263183594,100.35106658935547
2026-06-25,274.91290283203125,352.1670227050781,331.9609375,136.66506958007812,243.67820739746094,147.399658203125,329.9071044921875,79.9429702758789,195.52122497558594,97.30441284179688
2026-06-26,283.53546142578125,372.2691955566406,325.9481506347656,135.66156005859375,253.4102020263672,147.9158172607422,335.6065368652344,82.13985443115234,192.31480407714844,98.03878021240234
2026-06-29,281.4972229003906,367.8774719238281,326.28497314453125,135.18466186523438,257.2413024902344,147.3500213623047,341.0164794921875,82.15974426269531,194.7520751953125,97.87999725341797
2026-06-30,289.11065673828125,372.319091796875,324.2443542480469,135.8404083251953,252.7235870361328,145.55343627929688,342.45379638671875,80.78792572021484,199.86634826660156,96.25
2026-07-01,294.1263427734375,383.5579528808594,330.9208679199219,135.4032440185547,252.73353576660156,146.33758544921875,350.4289855957031,80.80780792236328,197.35916137695312,95.70999908447266
2026-07-02,308.3640441894531,389.7562561035156,331.31707763671875,136.20802307128906,261.74908447265625,150.28810119628906,361.45849609375,83.64089965820312,194.61224365234375,99.5
2026-07-06,312.3905944824219,386.0133056640625,336.0434875488281,135.5622100830078,258.0572509765625,148.2036590576172,356.5875549316406,82.46790313720703,195.33143615722656,97.41000366210938
2026-07-07,310.3923034667969,388.109375,337.5360412597656,140.7784423828125,265.9284362792969,151.6181640625,351.54693603515625,83.55143737792969,196.7098846435547,97.4800033569336
2026-07-08,313.1199645996094,382.6197204589844,328.9787292480469,140.2220458984375,262.1072998046875,147.30039978027344,346.88555908203125,82.9052963256836,203.891845703125,96.69999694824219
2026-07-09,315.947509765625,383.6377868652344,333.8046569824219,136.57565307617188,257.8283996582031,145.7618865966797,347.5543518066406,82.13985443115234,202.5533447265625,96.16999816894531
2026-07-10,315.0483093261719,384.37640380859375,334.7997131347656,137.9865264892578,255.7188262939453,145.95046997070312,348.3229064941406,82.99475860595703,210.72421264648438,95.62000274658203
2026-07-13,317.03656005859375,390.2553405761719,332.86932373046875,143.58029174804688,256.5049133300781,147.27061462402344,357.08660888671875,83.75025177001953,203.30250549316406,96.0
2026-07-14,314.58868408203125,384.20672607421875,341.1878356933594,144.15655517578125,252.60418701171875,144.99758911132812,355.3598327636719,82.58719635009766,211.5632781982422,95.87000274658203
2026-07-15,327.2178039550781,394.8866271972656,345.1878967285156,143.58029174804688,245.8076934814453,146.9530029296875,354.4814758300781,81.96092224121094,212.26248168945312,97.1500015258789
2026-07-16,332.97283935546875,400.3463439941406,341.446533203125,145.0110321044922,248.7432098388672,150.37742614746094,364.4629211425781,84.41627502441406,207.16818237304688,99.70999908447266
2026-07-17,333.452392578125,393.08001708984375,339.40673828125,146.41195678710938,251.7981414794922,148.86868286132812,357.8951110839844,81.07620239257812,202.58331298828125,97.66999816894531
2026-07-20,326.3085632324219,401.53411865234375,337.1877746582031,147.40553283691406,247.59886169433594,148.02499389648438,359.9013977050781,81.63288879394531,203.05279541015625,96.41000366210938
2026-07-21,327.45758056640625,397.00262451171875,343.5162353515625,150.73397827148438,249.3800811767578,147.00262451171875,355.16021728515625,81.48377990722656,207.0583038330078,96.13999938964844
2026-07-22,325.60919189453125,389.6065673828125,346.4814147949219,153.4563446044922,254.3754425048828,148.02499389648438,352.7646789550781,81.71240997314453,211.82298278808594,95.87000274658203
2026-07-23,321.3828430175781,380.8630065917969,348.16302490234375,155.88064575195312,257.99755859375,145.88099670410156,350.9480285644531,80.68852233886719,208.5266571044922,92.83000183105469
2026-07-24,332.7330322265625,380.9828186035156,351.45660400390625,155.93032836914062,262.1072998046875,147.41000366210938,355.0803527832031,81.76211547851562,206.6088104248047,94.8499984741211
2026-07-27,336.61968994140625,388.368896484375,354.4317626953125,153.7742919921875,264.6448059082031,148.6300048828125,361.8577575683594,83.57131958007812,196.2903594970703,96.6500015258789
2026-07-28,339.78692626953125,392.61090087890625,355.5362548828125,152.055419921875,265.42095947265625,148.8800048828125,365.91021728515625,87.74639892578125,196.789794921875,98.88999938964844
2026-07-29,337.8985900878906,389.8061828613281,342.998779296875,155.74154663085938,264.2268371582031,146.10000610351562,368.0462646484375,88.55160522460938,189.79762268066406,98.4800033569336
2026-07-30,333.1426696777344,450.2524108886719,349.10833740234375,155.96014404296875,254.56451416015625,143.9600067138672,365.5908203125,87.96509552001953,194.82199096679688,96.16000366210938
2026-07-31,308.6438293457031,463.8468017578125,350.0436706542969,154.4399871826172,255.09190368652344,144.49000549316406,365.4510803222656,87.0704345703125,200.52561950683594,96.19000244140625
2026-08-03,303.1585693359375,486.73370361328125,350.8894348144531,154.0624237060547,253.1614227294922,144.97000122070312,364.991943359375,86.34477233886719,206.40904235839844,98.13999938964844
2026-08-04,309.1134033203125,491.884033203125,355.7452087402344,152.96951293945312,253.67886352539062,148.00999450683594,368.9046630859375,86.04654693603516,211.70310974121094,98.18000030517578
2026-08-05,310.7320251464844,486.5440673828125,357.4566650390625,150.6544952392578,256.3258056640625,146.8000030517578,367.85662841796875,86.31494903564453,218.9749755859375,101.76000213623047
2026-08-06,312.14080810546875,498.9207458496094,354.53125,153.84384155273438,255.7188262939453,146.97000122070312,369.7830505371094,86.33482360839844,218.7452392578125,104.68000030517578
2026-08-07,313.05999755859375,499.0505065917969,355.7452087402344,152.055419921875,257.96771240234375,145.7899932861328,361.82781982421875,86.53364562988281,223.70968627929688,104.91000366210938
2026-08-10,308.260009765625,505.109130859375,358.0039367675781,158.76199340820312,260.5251159667969,146.44000244140625,360.6500244140625,86.3547134399414,217.3068389892578,103.18000030517578
2026-08-11,304.9100036621094,502.86334228515625,360.2427673339844,158.7719268798828,258.52496337890625,145.2100067138672,362.82000732421875,85.96702575683594,217.25689697265625,103.52999877929688
2026-08-12,302.25,491.5047302246094,363.3671875,158.7222442626953,259.5797424316406,144.0800018310547,359.4200134277344,86.1956558227539,223.8395233154297,103.22000122070312
2026-08-13,305.260009765625,495.9463806152344,361.30743408203125,157.58958435058594,260.79376220703125,144.25999450683594,365.45001220703125,86.90144348144531,225.04818725585938,104.80000305175781
2026-08-14,305.92999267578125,494.4691467285156,361.0387878417969,159.07000732421875,259.072265625,144.5500030517578,364.1499938964844,87.18972778320312,224.90834045410156,106.8499984741211
2026-08-17,305.5899963378906,479.44744873046875,359.1681213378906,161.4600067138672,261.0823669433594,143.1199951171875,358.8399963378906,86.46405792236328,224.7584991455078,103.5
2026-08-18,310.0299987792969,480.72503662109375,361.44677734375,165.55999755859375,269.7794494628906,143.4499969482422,364.25,88.29314422607422,219.49440002441406,103.94999694824219
2026-08-19,316.8299865722656,483.3999938964844,355.48651123046875,164.77000427246094,272.06817626953125,144.3800048828125,365.5400085449219,89.8140640258789,217.31683349609375,106.93000030517578
2026-08-20,311.29998779296875,481.1499938964844,349.8048400878906,166.14999389648438,266.0578308105469,142.97000122070312,365.7300109863281,89.96318054199219,216.60763549804688,107.31999969482422
2026-08-21,309.3500061035156,483.239990234375,349.8346862792969,165.11000061035156,268.9137268066406,144.67999267578125,371.0400085449219,90.55961608886719,214.48001098632812,107.77999877929688
2026-08-24,310.3399963378906,487.30999755859375,354.6208190917969,164.0500030517578,271.70001220703125,146.60000610351562,382.4100036621094,91.4443359375,208.24697875976562,110.61000061035156
2026-08-25,309.8999938964844,491.7099914550781,354.9193420410156,160.63999938964844,273.1400146484375,145.39999389648438,384.1400146484375,91.0964126586914,212.81187438964844,111.25
2026-08-26,313.45001220703125,496.3699951171875,354.73028564453125,158.19000244140625,270.0,145.0,383.8999938964844,89.54566955566406,209.4256591796875,109.62999725341797
2026-08-27,314.5799865722656,505.05999755859375,352.4615783691406,156.44000244140625,265.7699890136719,143.13999938964844,379.6600036621094,88.5317153930664,227.7251739501953,106.81999969482422
2026-08-28,319.70001220703125,513.530029296875,355.8446960449219,156.7100067138672,268.0400085449219,143.77999877929688,381.6000061035156,89.12816619873047,217.3068389892578,108.0999984741211
2026-08-31,316.8500061035156,507.2900085449219,354.2526550292969,160.9499969482422,265.8500061035156,145.1199951171875,379.3699951171875,88.14402770996094,220.53323364257812,107.55000305175781
2026-09-01,325.1300048828125,501.0199890136719,353.18798828125,164.5500030517578,271.19000244140625,146.2100067138672,372.6700134277344,87.4780044555664,217.1969757080078,106.22000122070312
2026-09-02,324.9599914550781,496.82000732421875,354.45166015625,164.14999389648438,275.2099914550781,147.63999938964844,378.3999938964844,87.71658325195312,224.1591796875,107.9800033569336
2026-09-03,328.2099914550781,510.1199951171875,360.2626647949219,162.2100067138672,278.42999267578125,146.9199981689453,378.75,88.283203125,228.1946563720703,107.16000366210938
2026-09-04,319.9700012207031,499.70001220703125,356.8596496582031,159.47000122070312,275.2300109863281,146.44000244140625,375.07000732421875,87.54759216308594,230.10252380371094,105.30999755859375
2026-09-08,316.2200012207031,493.95001220703125,351.755126953125,160.66000366210938,269.1199951171875,145.5800018310547,368.6400146484375,87.83586883544922,225.47769165039062,105.05999755859375
2026-09-09,315.3399963378906,491.6499938964844,352.94915771484375,164.22999572753906,267.0799865722656,142.63999938964844,367.3900146484375,87.03067779541016,223.4199981689453,104.18000030517578
2026-09-10,326.57000732421875,492.44000244140625,351.80487060546875,165.22999572753906,266.3500061035156,142.97000122070312,367.2099914550781,87.30902099609375,218.36000061035156,105.81999969482422
2026-09-11,332.2699890136719,495.6300048828125,354.46160888671875,165.99000549316406,265.5799865722656,145.27000427246094,370.45001220703125,87.76628875732422,218.2899932861328,106.55000305175781
2026-09-14,333.0799865722656,505.4100036621094,348.39190673828125,165.0800018310547,266.32000732421875,146.1300048828125,375.2799987792969,88.81999969482422,210.9600067138672,108.58999633789062
2026-09-15,331.3399963378906,497.1199951171875,350.74017333984375,169.32000732421875,267.20001220703125,146.6699981689453,375.6199951171875,88.70999908447266,212.1699981689453,106.41999816894531
2026-09-16,332.4100036621094,490.29998779296875,347.18792724609375,163.32000732421875,267.2799987792969,147.02000427246094,370.92999267578125,87.87000274658203,213.89999389648438,106.98999786376953
2026-09-17,337.0,497.75,347.5759582519531,163.27000427246094,270.2200012207031,147.5500030517578,369.92999267578125,88.05999755859375,219.33999633789062,105.3499984741211
2026-09-18,336.1300048828125,493.7799987792969,347.9342041015625,163.5399932861328,269.989990234375,146.38999938964844,368.2900085449219,88.25,222.27000427246094,102.66999816894531
2026-09-21,338.9800109863281,501.6099853515625,350.29241943359375,158.3000030517578,269.4700012207031,146.0800018310547,369.95001220703125,87.12000274658203,227.3800048828125,104.2300033569336
2026-09-22,339.75,498.0,338.31219482421875,158.7100067138672,269.19000244140625,148.22000122070312,362.0400085449219,88.61000061035156,228.8699951171875,103.81999969482422
2026-09-23,337.0199890136719,500.5899963378906,335.85443115234375,161.22999572753906,269.1700134277344,147.38999938964844,361.5199890136719,88.08999633789062,225.50999450683594,103.45999908447266
2026-09-24,335.9200134277344,497.92999267578125,336.87933349609375,162.13999938964844,270.67999267578125,145.67999267578125,367.9800109863281,88.0999984741211,224.5800018310547,105.55999755859375
2026-09-25,341.07000732421875,516.1699829101562,341.35699462890625,160.58999633789062,271.2200012207031,146.22999572753906,367.3800048828125,87.80999755859375,225.07000732421875,106.1500015258789
